ponto,rotulo_ponto,tipo_referencia,dist_m,limiar_principal_m,associacao_principal,idacidente,data,hora,dia_sem,latitude,longitude,log1,log2,tipo_acid,feridos,feridos_gr,fatais,moto,bicicleta,onibus
P4,Corredor Av. Vicente Monteggia,polyline,4.3,50.0,sim,479718,20100101,07:00,SEXTA-FEIRA,-30.099332109999999,-51.225333999999997,AV VICENTE MONTEGGIA,,BOLETIM,1,0,0,0,0,0
P4,Corredor Av. Vicente Monteggia,polyline,0.7,50.0,sim,479774,20100104,07:25,SEGUNDA-FEIRA,-30.107367000000000,-51.221966000000002,AV VICENTE MONTEGGIA,,BOLETIM,1,0,0,1,0,0
P4,Corredor Av. Vicente Monteggia,polyline,0.7,50.0,sim,480169,20100109,22:15,SABADO,-30.107367000000000,-51.221966000000002,AV VICENTE MONTEGGIA,,BOLETIM,1,0,0,0,0,0
P4,Corredor Av. Vicente Monteggia,polyline,8.4,50.0,sim,480221,20100111,20:50,SEGUNDA-FEIRA,-30.101295709999999,-51.224066999999998,AV VICENTE MONTEGGIA,,BOLETIM,1,0,0,1,0,0
P4,Corredor Av. Vicente Monteggia,polyline,75.7,50.0,nao_contexto,480325,20100113,02:30,QUARTA-FEIRA,-30.095694000000002,-51.226329999999997,AV CAVALHADA,,BOLETIM,1,0,0,0,0,0
P4,Corredor Av. Vicente Monteggia,polyline,7.1,50.0,sim,480438,20100114,12:00,QUINTA-FEIRA,-30.095172999999999,-51.225712999999999,AV VICENTE MONTEGGIA,AV NONOAI,BOLETIM,1,0,0,1,0,0
P4,Corredor Av. Vicente Monteggia,polyline,6.5,50.0,sim,480449,20100115,10:55,SEXTA-FEIRA,-30.110417720000001,-51.218955000000001,AV VICENTE MONTEGGIA,,BOLETIM,1,0,0,1,0,0
P4,Corredor Av. Vicente Monteggia,polyline,0.4,50.0,sim,480472,20100116,17:30,SABADO,-30.095452999999999,-51.225529999999999,AV VICENTE MONTEGGIA,,BOLETIM,2,0,0,1,0,0
P4,Corredor Av. Vicente Monteggia,polyline,26.5,50.0,sim,480966,20100119,14:10,TERCA-FEIRA,-30.094951540000000,-51.225459000000001,AV NONOAI,,BOLETIM,0,0,0,0,0,0
P4,Corredor Av. Vicente Monteggia,polyline,3.0,50.0,sim,480870,20100122,07:45,SEXTA-FEIRA,-30.109435000000001,-51.219799999999999,AV VICENTE MONTEGGIA,,BOLETIM,1,0,0,1,0,0
P4,Corredor Av. Vicente Monteggia,polyline,12.5,50.0,sim,480896,20100123,04:15,SABADO,-30.095101199999998,-51.225453999999999,AV NONOAI,,BOLETIM,1,0,0,0,0,0
P4,Corredor Av. Vicente Monteggia,polyline,2.4,50.0,sim,481238,20100129,12:30,SEXTA-FEIRA,-30.112490999999999,-51.215046000000001,AV VICENTE MONTEGGIA,,BOLETIM,1,0,0,1,0,0
P2,Confluencia Cristiano Kraemer x Belem Velho x Monte Cristo,point,88.7,100.0,sim,481309,20100201,12:30,SEGUNDA-FEIRA,-30.117350840000000,-51.207250000000002,AV RODRIGUES DA FONSECA,R MIGUEL ASCOLEZE,BOLETIM,1,0,0,1,0,0
P4,Corredor Av. Vicente Monteggia,polyline,12.7,50.0,sim,481762,20100203,12:40,QUARTA-FEIRA,-30.095061999999999,-51.225558999999997,AV NONOAI,,BOLETIM,0,0,0,0,0,0
P4,Corredor Av. Vicente Monteggia,polyline,68.6,50.0,nao_contexto,482060,20100209,00:10,TERCA-FEIRA,-30.095649000000002,-51.226277000000003,AV CAVALHADA,,BOLETIM,0,0,0,0,0,0
P5,Joao Salomoni x Av. da Cavalhada,point,178.9,100.0,nao_contexto,482133,20100210,12:50,QUARTA-FEIRA,-30.114668309999999,-51.226083000000003,AV CAVALHADA,,BOLETIM,0,0,0,1,0,0
P4,Corredor Av. Vicente Monteggia,polyline,6.5,50.0,sim,482389,20100215,12:45,SEGUNDA-FEIRA,-30.113307370000001,-51.213003000000000,AV VICENTE MONTEGGIA,ESTR JOAO PASSUELO,BOLETIM,0,0,0,0,0,0
P4,Corredor Av. Vicente Monteggia,polyline,7.1,50.0,sim,482406,20100217,11:28,QUARTA-FEIRA,-30.095172949999998,-51.225712999999999,AV VICENTE MONTEGGIA,AV CAVALHADA,BOLETIM,0,0,0,0,0,0
P4,Corredor Av. Vicente Monteggia,polyline,21.5,50.0,sim,482424,20100219,23:30,SEXTA-FEIRA,-30.095056039999999,-51.225375000000000,AV NONOAI,,BOLETIM,1,0,0,1,0,0
P4,Corredor Av. Vicente Monteggia,polyline,12.7,50.0,sim,482540,20100219,16:25,SEXTA-FEIRA,-30.095061999999999,-51.225558999999997,AV NONOAI,,BOLETIM,0,0,0,0,0,0
P4,Corredor Av. Vicente Monteggia,polyline,7.1,50.0,sim,482535,20100219,18:15,SEXTA-FEIRA,-30.095172999999999,-51.225712999999999,R DR CAMPOS VELHO,AV NONOAI,BOLETIM,0,0,0,1,0,0
P4,Corredor Av. Vicente Monteggia,polyline,5.5,50.0,sim,482677,20100219,10:55,SEXTA-FEIRA,-30.103728860000000,-51.223149999999997,AV VICENTE MONTEGGIA,,BOLETIM,0,0,0,1,0,0
P4,Corredor Av. Vicente Monteggia,polyline,5.4,50.0,sim,482753,20100223,14:40,TERCA-FEIRA,-30.095460920000001,-51.225383999999998,AV VICENTE MONTEGGIA,,BOLETIM,0,0,0,0,0,0
P8,Estr. Costa Gama x Estr. Afonso Lourenco Mariante,point,9.9,100.0,sim,485076,20100226,15:00,SEXTA-FEIRA,-30.115120000000001,-51.176994000000001,ESTR COSTA GAMA,,BOLETIM,1,0,0,1,0,0
P4,Corredor Av. Vicente Monteggia,polyline,2.6,50.0,sim,483047,20100228,15:50,DOMINGO,-30.103624000000000,-51.223140000000001,AV VICENTE MONTEGGIA,,BOLETIM,0,0,0,0,0,0
P8,Estr. Costa Gama x Estr. Afonso Lourenco Mariante,point,0.6,100.0,sim,483052,20100228,18:30,DOMINGO,-30.115180840000001,-51.177064000000001,ESTR COSTA GAMA,ESTR AFONSO LOURENCO MARIANTE,BOLETIM,0,0,0,0,0,0
P4,Corredor Av. Vicente Monteggia,polyline,2.1,50.0,sim,483152,20100301,08:16,SEGUNDA-FEIRA,-30.100792999999999,-51.224783000000002,AV OTTO NIEMEYER,AV VICENTE MONTEGGIA,BOLETIM,0,0,0,0,0,0
P4,Corredor Av. Vicente Monteggia,polyline,48.9,50.0,sim,483266,20100302,15:00,TERCA-FEIRA,-30.094957000000001,-51.226264000000000,R DR CAMPOS VELHO,,BOLETIM,0,0,0,0,0,0
P4,Corredor Av. Vicente Monteggia,polyline,1.2,50.0,sim,483076,20100302,21:00,TERCA-FEIRA,-30.112245000000001,-51.217212000000004,AV VICENTE MONTEGGIA,,BOLETIM,1,0,0,1,0,0
P4,Corredor Av. Vicente Monteggia,polyline,0.5,50.0,sim,483119,20100303,18:45,QUARTA-FEIRA,-30.097041510000000,-51.224643999999998,AV VICENTE MONTEGGIA,,BOLETIM,1,0,0,1,0,0
P4,Corredor Av. Vicente Monteggia,polyline,2.1,50.0,sim,483375,20100304,10:40,QUINTA-FEIRA,-30.100792999999999,-51.224783000000002,AV OTTO NIEMEYER,AV VICENTE MONTEGGIA,BOLETIM,0,0,0,0,0,0
P4,Corredor Av. Vicente Monteggia,polyline,7.4,50.0,sim,483424,20100305,18:00,SEXTA-FEIRA,-30.110289280000000,-51.219056000000002,AV VICENTE MONTEGGIA,,BOLETIM,0,0,0,0,0,0
P4,Corredor Av. Vicente Monteggia,polyline,1.6,50.0,sim,483249,20100306,06:24,SABADO,-30.097688000000002,-51.224701000000003,AV VICENTE MONTEGGIA,,BOLETIM,1,0,0,1,0,0
P5,Joao Salomoni x Av. da Cavalhada,point,109.6,100.0,nao_contexto,483597,20100306,13:55,SABADO,-30.112139700000000,-51.226754999999997,AV CAVALHADA,,BOLETIM,0,0,0,0,0,1
P8,Estr. Costa Gama x Estr. Afonso Lourenco Mariante,point,0.6,100.0,sim,483700,20100308,10:35,SEGUNDA-FEIRA,-30.115180840000001,-51.177064000000001,ESTR COSTA GAMA,ESTR AFONSO LOURENCO MARIANTE,BOLETIM,0,0,0,0,0,0
P4,Corredor Av. Vicente Monteggia,polyline,3.1,50.0,sim,483771,20100311,14:00,QUINTA-FEIRA,-30.107299999999999,-51.222088999999997,R AMAPA,AV VICENTE MONTEGGIA,BOLETIM,1,0,0,1,0,0
P3,Acesso Av. Vicente Monteggia via Joao Salomoni/Rodrigues,point,168.5,100.0,nao_contexto,484074,20100311,08:45,QUINTA-FEIRA,-30.113992509999999,-51.212662999999999,AV VICENTE MONTEGGIA,,BOLETIM,0,0,0,0,0,0
P4,Corredor Av. Vicente Monteggia,polyline,4.9,50.0,sim,484074,20100311,08:45,QUINTA-FEIRA,-30.113992509999999,-51.212662999999999,AV VICENTE MONTEGGIA,,BOLETIM,0,0,0,0,0,0
P4,Corredor Av. Vicente Monteggia,polyline,1.2,50.0,sim,484132,20100316,08:40,TERCA-FEIRA,-30.100486000000000,-51.224915000000003,AV VICENTE MONTEGGIA,,BOLETIM,1,0,0,1,0,0
P4,Corredor Av. Vicente Monteggia,polyline,2.6,50.0,sim,484349,20100317,18:00,QUARTA-FEIRA,-30.100083999999999,-51.225231999999998,AV VICENTE MONTEGGIA,,BOLETIM,0,0,0,1,0,0
P4,Corredor Av. Vicente Monteggia,polyline,2.4,50.0,sim,484616,20100319,16:30,SEXTA-FEIRA,-30.105478999999999,-51.222605999999999,AV VICENTE MONTEGGIA,,BOLETIM,0,0,0,0,0,0
P4,Corredor Av. Vicente Monteggia,polyline,1.6,50.0,sim,484656,20100324,18:12,QUARTA-FEIRA,-30.097688000000002,-51.224701000000003,AV VICENTE MONTEGGIA,,BOLETIM,1,0,0,1,0,0
P5,Joao Salomoni x Av. da Cavalhada,point,78.9,100.0,sim,485197,20100326,07:30,SEXTA-FEIRA,-30.112406000000000,-51.226672000000001,AV CAVALHADA,,BOLETIM,0,0,0,0,0,0
P3,Acesso Av. Vicente Monteggia via Joao Salomoni/Rodrigues,point,101.8,100.0,nao_contexto,484799,20100326,11:50,SEXTA-FEIRA,-30.114585000000002,-51.212516000000001,AV VICENTE MONTEGGIA,,BOLETIM,0,0,0,1,0,0
P4,Corredor Av. Vicente Monteggia,polyline,2.9,50.0,sim,484799,20100326,11:50,SEXTA-FEIRA,-30.114585000000002,-51.212516000000001,AV VICENTE MONTEGGIA,,BOLETIM,0,0,0,1,0,0
P4,Corredor Av. Vicente Monteggia,polyline,0.9,50.0,sim,486980,20100327,14:00,SABADO,-30.112473000000001,-51.215667000000003,AV VICENTE MONTEGGIA,,BOLETIM,1,0,0,0,0,1
P3,Acesso Av. Vicente Monteggia via Joao Salomoni/Rodrigues,point,71.2,100.0,sim,488573,20100327,18:30,SABADO,-30.114861999999999,-51.212418999999997,AV VICENTE MONTEGGIA,,BOLETIM,2,0,0,1,0,0
P4,Corredor Av. Vicente Monteggia,polyline,1.8,50.0,sim,488573,20100327,18:30,SABADO,-30.114861999999999,-51.212418999999997,AV VICENTE MONTEGGIA,,BOLETIM,2,0,0,1,0,0
P5,Joao Salomoni x Av. da Cavalhada,point,8.5,100.0,sim,485162,20100328,11:50,DOMINGO,-30.113078399999999,-51.226415000000003,AV CAVALHADA,,BOLETIM,0,0,0,0,0,0
P4,Corredor Av. Vicente Monteggia,polyline,5.4,50.0,sim,485371,20100329,10:55,SEGUNDA-FEIRA,-30.095460920000001,-51.225383999999998,AV VICENTE MONTEGGIA,,BOLETIM,0,0,0,0,0,0
P2,Confluencia Cristiano Kraemer x Belem Velho x Monte Cristo,point,101.0,100.0,nao_contexto,485370,20100329,08:00,SEGUNDA-FEIRA,-30.117737000000002,-51.207389999999997,R CATARINO ANDREATTA,AV MONTE CRISTO,BOLETIM,0,0,0,1,0,0
P4,Corredor Av. Vicente Monteggia,polyline,2.1,50.0,sim,485409,20100330,07:14,TERCA-FEIRA,-30.100792999999999,-51.224783000000002,AV OTTO NIEMEYER,AV VICENTE MONTEGGIA,BOLETIM,0,0,0,0,0,0
P4,Corredor Av. Vicente Monteggia,polyline,2.3,50.0,sim,485828,20100405,18:25,SEGUNDA-FEIRA,-30.105989810000001,-51.222504999999998,R MODESTO PEREIRA PINTO,AV VICENTE MONTEGGIA,BOLETIM,0,0,0,1,0,0
P4,Corredor Av. Vicente Monteggia,polyline,7.1,50.0,sim,485865,20100406,14:50,TERCA-FEIRA,-30.095172999999999,-51.225712999999999,AV VICENTE MONTEGGIA,AV NONOAI,BOLETIM,0,0,0,0,0,0
P4,Corredor Av. Vicente Monteggia,polyline,3.2,50.0,sim,485482,20100406,20:25,TERCA-FEIRA,-30.112863999999998,-51.213693999999997,AV VICENTE MONTEGGIA,,BOLETIM,0,0,1,1,0,0
P8,Estr. Costa Gama x Estr. Afonso Lourenco Mariante,point,103.0,100.0,nao_contexto,485964,20100407,16:40,QUARTA-FEIRA,-30.114283199999999,-51.176803000000000,ESTR COSTA GAMA,,BOLETIM,0,0,0,0,0,0
P5,Joao Salomoni x Av. da Cavalhada,point,109.6,100.0,nao_contexto,486022,20100408,17:50,QUINTA-FEIRA,-30.112139700000000,-51.226754999999997,AV CAVALHADA,,BOLETIM,0,0,0,0,0,0
P4,Corredor Av. Vicente Monteggia,polyline,5.0,50.0,sim,486083,20100412,18:00,SEGUNDA-FEIRA,-30.100862880000001,-51.224601999999997,AV VICENTE MONTEGGIA,,BOLETIM,1,0,0,1,0,0
P9,Entroncamento Rua Santuario x Av. Oscar Pereira,point,44.3,100.0,sim,486409,20100415,18:52,QUINTA-FEIRA,-30.096419000000001,-51.177832000000002,AV PROF OSCAR PEREIRA,,BOLETIM,1,0,0,1,0,0
P4,Corredor Av. Vicente Monteggia,polyline,0.6,50.0,sim,486662,20100416,14:55,SEXTA-FEIRA,-30.110429109999998,-51.219022000000002,ESTR JOAO VEDANA,AV VICENTE MONTEGGIA,BOLETIM,0,0,0,0,0,0
P4,Corredor Av. Vicente Monteggia,polyline,7.1,50.0,sim,486910,20100420,07:34,TERCA-FEIRA,-30.095172949999998,-51.225712999999999,AV VICENTE MONTEGGIA,AV CAVALHADA,BOLETIM,0,0,0,0,0,0
P4,Corredor Av. Vicente Monteggia,polyline,4.9,50.0,sim,487302,20100423,14:18,SEXTA-FEIRA,-30.113164000000001,-51.213161999999997,AV VICENTE MONTEGGIA,,BOLETIM,0,0,0,0,0,0
P3,Acesso Av. Vicente Monteggia via Joao Salomoni/Rodrigues,point,62.2,100.0,sim,487396,20100423,11:35,SEXTA-FEIRA,-30.115639869999999,-51.211854000000002,AV RODRIGUES DA FONSECA,R ATILIO SUPERTTI,BOLETIM,0,0,0,0,0,0
P4,Corredor Av. Vicente Monteggia,polyline,55.8,50.0,nao_contexto,487396,20100423,11:35,SEXTA-FEIRA,-30.115639869999999,-51.211854000000002,AV RODRIGUES DA FONSECA,R ATILIO SUPERTTI,BOLETIM,0,0,0,0,0,0
P4,Corredor Av. Vicente Monteggia,polyline,7.1,50.0,sim,487611,20100428,15:15,QUARTA-FEIRA,-30.095172999999999,-51.225712999999999,R DR CAMPOS VELHO,AV CAVALHADA,BOLETIM,0,0,0,0,0,0
P2,Confluencia Cristiano Kraemer x Belem Velho x Monte Cristo,point,101.0,100.0,nao_contexto,487829,20100504,20:00,TERCA-FEIRA,-30.117737000000002,-51.207389999999997,R CATARINO ANDREATTA,AV MONTE CRISTO,BOLETIM,0,0,0,0,0,0
P4,Corredor Av. Vicente Monteggia,polyline,6.6,50.0,sim,488012,20100505,07:57,QUARTA-FEIRA,-30.110532200000002,-51.218859000000002,AV VICENTE MONTEGGIA,,BOLETIM,0,0,0,0,0,0
P4,Corredor Av. Vicente Monteggia,polyline,7.1,50.0,sim,488181,20100506,14:00,QUINTA-FEIRA,-30.095172999999999,-51.225712999999999,R DR CAMPOS VELHO,AV CAVALHADA,BOLETIM,0,0,0,0,0,1
P3,Acesso Av. Vicente Monteggia via Joao Salomoni/Rodrigues,point,168.5,100.0,nao_contexto,487903,20100506,08:20,QUINTA-FEIRA,-30.113992509999999,-51.212662999999999,AV VICENTE MONTEGGIA,,BOLETIM,2,0,0,1,0,0
P4,Corredor Av. Vicente Monteggia,polyline,4.9,50.0,sim,487903,20100506,08:20,QUINTA-FEIRA,-30.113992509999999,-51.212662999999999,AV VICENTE MONTEGGIA,,BOLETIM,2,0,0,1,0,0
P4,Corredor Av. Vicente Monteggia,polyline,7.5,50.0,sim,488393,20100510,08:15,SEGUNDA-FEIRA,-30.113236000000001,-51.213057999999997,AV VICENTE MONTEGGIA,,BOLETIM,0,0,0,0,0,0
P4,Corredor Av. Vicente Monteggia,polyline,7.1,50.0,sim,488955,20100511,20:00,TERCA-FEIRA,-30.095172949999998,-51.225712999999999,AV VICENTE MONTEGGIA,AV CAVALHADA,BOLETIM,0,0,0,0,0,1
P5,Joao Salomoni x Av. da Cavalhada,point,178.9,100.0,nao_contexto,488767,20100514,11:40,SEXTA-FEIRA,-30.114668309999999,-51.226083000000003,AV CAVALHADA,,BOLETIM,0,0,0,0,0,0
P4,Corredor Av. Vicente Monteggia,polyline,0.5,50.0,sim,488598,20100515,14:50,SABADO,-30.097041510000000,-51.224643999999998,AV VICENTE MONTEGGIA,,BOLETIM,2,0,0,1,0,0
P4,Corredor Av. Vicente Monteggia,polyline,2.1,50.0,sim,489066,20100518,19:00,TERCA-FEIRA,-30.100792999999999,-51.224783000000002,AV OTTO NIEMEYER,AV VICENTE MONTEGGIA,BOLETIM,0,0,0,0,0,0
P9,Entroncamento Rua Santuario x Av. Oscar Pereira,point,67.4,100.0,sim,488947,20100519,16:05,QUARTA-FEIRA,-30.096225000000000,-51.177743000000000,AV PROF OSCAR PEREIRA,,BOLETIM,1,0,0,1,0,0
P4,Corredor Av. Vicente Monteggia,polyline,7.2,50.0,sim,489315,20100520,16:45,QUINTA-FEIRA,-30.107187509999999,-51.222192999999997,AV VICENTE MONTEGGIA,,BOLETIM,0,0,0,0,0,0
P5,Joao Salomoni x Av. da Cavalhada,point,178.9,100.0,nao_contexto,489035,20100520,16:30,QUINTA-FEIRA,-30.114668309999999,-51.226083000000003,AV CAVALHADA,,BOLETIM,1,0,0,1,0,0
P4,Corredor Av. Vicente Monteggia,polyline,21.5,50.0,sim,489751,20100527,21:00,QUINTA-FEIRA,-30.095056039999999,-51.225375000000000,AV NONOAI,,BOLETIM,0,0,0,0,0,0
P4,Corredor Av. Vicente Monteggia,polyline,1.6,50.0,sim,489572,20100527,18:20,QUINTA-FEIRA,-30.104472999999999,-51.222935999999997,AV VICENTE MONTEGGIA,,BOLETIM,1,0,0,0,0,0
P4,Corredor Av. Vicente Monteggia,polyline,0.5,50.0,sim,489647,20100528,18:10,SEXTA-FEIRA,-30.097041510000000,-51.224643999999998,AV VICENTE MONTEGGIA,,BOLETIM,1,0,0,0,0,0
P5,Joao Salomoni x Av. da Cavalhada,point,87.3,100.0,sim,490178,20100529,14:40,SABADO,-30.113878000000000,-51.226381000000003,AV CAVALHADA,,BOLETIM,0,0,0,0,0,0
P3,Acesso Av. Vicente Monteggia via Joao Salomoni/Rodrigues,point,181.2,100.0,nao_contexto,490271,20100603,20:50,QUINTA-FEIRA,-30.114970000000000,-51.214261999999998,ESTR JOAO SALAMONI,R AURORA,BOLETIM,0,0,0,1,0,0
P4,Corredor Av. Vicente Monteggia,polyline,7.1,50.0,sim,490673,20100608,18:00,TERCA-FEIRA,-30.095172949999998,-51.225712999999999,AV VICENTE MONTEGGIA,AV CAVALHADA,BOLETIM,0,0,0,0,0,0
P3,Acesso Av. Vicente Monteggia via Joao Salomoni/Rodrigues,point,72.0,100.0,sim,490663,20100608,21:20,TERCA-FEIRA,-30.115414040000001,-51.213222000000002,ESTR JOAO SALOMONI,,BOLETIM,0,0,0,0,0,0
P4,Corredor Av. Vicente Monteggia,polyline,67.4,50.0,nao_contexto,490663,20100608,21:20,TERCA-FEIRA,-30.115414040000001,-51.213222000000002,ESTR JOAO SALOMONI,,BOLETIM,0,0,0,0,0,0
P4,Corredor Av. Vicente Monteggia,polyline,68.6,50.0,nao_contexto,490717,20100609,11:30,QUARTA-FEIRA,-30.095649000000002,-51.226277000000003,AV CAVALHADA,,BOLETIM,0,0,0,0,0,0
P4,Corredor Av. Vicente Monteggia,polyline,7.1,50.0,sim,491049,20100611,14:30,SEXTA-FEIRA,-30.095172999999999,-51.225712999999999,AV VICENTE MONTEGGIA,AV NONOAI,BOLETIM,0,0,0,0,0,0
P4,Corredor Av. Vicente Monteggia,polyline,2.1,50.0,sim,490926,20100612,14:20,SABADO,-30.100792999999999,-51.224783000000002,AV OTTO NIEMEYER,AV VICENTE MONTEGGIA,BOLETIM,0,0,0,0,0,0
P5,Joao Salomoni x Av. da Cavalhada,point,6.4,100.0,sim,491045,20100612,21:00,SABADO,-30.113044750000000,-51.226481000000000,ESTR JOAO SALOMONI,AV CAVALHADA,BOLETIM,0,0,0,0,0,0
P4,Corredor Av. Vicente Monteggia,polyline,0.0,50.0,sim,490794,20100613,01:25,DOMINGO,-30.100758610000000,-51.224733000000001,AV VICENTE MONTEGGIA,,BOLETIM,1,0,0,1,0,0
P4,Corredor Av. Vicente Monteggia,polyline,4.7,50.0,sim,490860,20100614,01:30,SEGUNDA-FEIRA,-30.095149280000001,-51.225779000000003,AV CAVALHADA,,BOLETIM,2,0,0,1,0,0
P4,Corredor Av. Vicente Monteggia,polyline,7.1,50.0,sim,491419,20100615,13:10,TERCA-FEIRA,-30.095172999999999,-51.225712999999999,R DR CAMPOS VELHO,AV NONOAI,BOLETIM,0,0,0,0,0,0
P4,Corredor Av. Vicente Monteggia,polyline,68.6,50.0,nao_contexto,490938,20100615,19:15,TERCA-FEIRA,-30.095649000000002,-51.226277000000003,AV CAVALHADA,,BOLETIM,1,0,0,1,0,0
P4,Corredor Av. Vicente Monteggia,polyline,5.3,50.0,sim,491513,20100619,11:30,SABADO,-30.103694090000001,-51.223154999999998,AV VICENTE MONTEGGIA,,BOLETIM,0,0,0,0,0,0
P7,Estr. 3 Meninas x Estr. Costa Gama,point,40.2,100.0,sim,491512,20100619,05:10,SABADO,-30.134053080000001,-51.175552000000003,ESTR COSTA GAMA,,BOLETIM,0,0,0,0,0,0
P4,Corredor Av. Vicente Monteggia,polyline,2.5,50.0,sim,491246,20100620,20:30,DOMINGO,-30.101089999999999,-51.224392999999999,AV VICENTE MONTEGGIA,,BOLETIM,2,0,0,1,0,0
P4,Corredor Av. Vicente Monteggia,polyline,3.1,50.0,sim,491811,20100623,08:00,QUARTA-FEIRA,-30.107299999999999,-51.222088999999997,R AMAPA,AV VICENTE MONTEGGIA,BOLETIM,0,0,0,0,0,0
P4,Corredor Av. Vicente Monteggia,polyline,5.5,50.0,sim,491800,20100625,11:00,SEXTA-FEIRA,-30.103728860000000,-51.223149999999997,AV VICENTE MONTEGGIA,,BOLETIM,0,0,0,0,0,0
P3,Acesso Av. Vicente Monteggia via Joao Salomoni/Rodrigues,point,168.5,100.0,nao_contexto,491808,20100625,10:50,SEXTA-FEIRA,-30.113992509999999,-51.212662999999999,AV VICENTE MONTEGGIA,,BOLETIM,0,0,0,0,0,0
P4,Corredor Av. Vicente Monteggia,polyline,4.9,50.0,sim,491808,20100625,10:50,SEXTA-FEIRA,-30.113992509999999,-51.212662999999999,AV VICENTE MONTEGGIA,,BOLETIM,0,0,0,0,0,0
P4,Corredor Av. Vicente Monteggia,polyline,21.5,50.0,sim,491827,20100627,16:10,DOMINGO,-30.095056039999999,-51.225375000000000,AV NONOAI,,BOLETIM,0,0,0,0,0,0
P5,Joao Salomoni x Av. da Cavalhada,point,78.9,100.0,sim,491638,20100627,20:30,DOMINGO,-30.112406000000000,-51.226672000000001,AV CAVALHADA,,BOLETIM,4,0,0,2,0,0
P5,Joao Salomoni x Av. da Cavalhada,point,32.5,100.0,sim,492420,20100628,15:30,SEGUNDA-FEIRA,-30.112808000000001,-51.226512000000000,AV CAVALHADA,,BOLETIM,0,0,0,0,0,1
P5,Joao Salomoni x Av. da Cavalhada,point,13.9,100.0,sim,492099,20100628,08:45,SEGUNDA-FEIRA,-30.113049820000001,-51.226367560000000,ESTR JOAO SALAMONI,AV CAVALHADA,BOLETIM,0,0,0,0,0,0
P4,Corredor Av. Vicente Monteggia,polyline,5.9,50.0,sim,491999,20100629,07:30,TERCA-FEIRA,-30.109412970000001,-51.219780000000000,AV VICENTE MONTEGGIA,,BOLETIM,1,0,0,1,0,0
P4,Corredor Av. Vicente Monteggia,polyline,3.4,50.0,sim,492042,20100630,08:05,QUARTA-FEIRA,-30.112439999999999,-51.214855000000000,AV VICENTE MONTEGGIA,,BOLETIM,3,0,0,1,0,0
P2,Confluencia Cristiano Kraemer x Belem Velho x Monte Cristo,point,123.7,100.0,nao_contexto,492032,20100630,12:40,QUARTA-FEIRA,-30.117114170000001,-51.207538000000000,AV RODRIGUES DA FONSECA,,BOLETIM,1,0,0,0,0,0
P4,Corredor Av. Vicente Monteggia,polyline,6.5,50.0,sim,492311,20100702,07:30,SEXTA-FEIRA,-30.110417720000001,-51.218955000000001,AV VICENTE MONTEGGIA,,BOLETIM,1,0,0,0,0,0
P4,Corredor Av. Vicente Monteggia,polyline,6.8,50.0,sim,492728,20100706,17:20,TERCA-FEIRA,-30.095154000000001,-51.225616000000002,AV NONOAI,,BOLETIM,0,0,0,0,0,0
P5,Joao Salomoni x Av. da Cavalhada,point,13.9,100.0,sim,492807,20100707,07:20,QUARTA-FEIRA,-30.113049820000001,-51.226367560000000,ESTR JOAO SALAMONI,AV CAVALHADA,BOLETIM,0,0,0,0,0,0
P4,Corredor Av. Vicente Monteggia,polyline,5.3,50.0,sim,495660,20100708,17:45,QUINTA-FEIRA,-30.103694090000001,-51.223154999999998,AV VICENTE MONTEGGIA,,BOLETIM,1,0,0,1,0,0
P4,Corredor Av. Vicente Monteggia,polyline,7.1,50.0,sim,493032,20100710,15:25,SABADO,-30.095172949999998,-51.225712999999999,AV VICENTE MONTEGGIA,AV CAVALHADA,BOLETIM,0,0,0,0,0,0
P5,Joao Salomoni x Av. da Cavalhada,point,13.9,100.0,sim,493015,20100711,06:25,DOMINGO,-30.113049820000001,-51.226367560000000,ESTR JOAO SALAMONI,AV CAVALHADA,BOLETIM,0,0,0,1,0,0
P4,Corredor Av. Vicente Monteggia,polyline,2.1,50.0,sim,493746,20100720,15:30,TERCA-FEIRA,-30.100792999999999,-51.224783000000002,AV OTTO NIEMEYER,AV VICENTE MONTEGGIA,BOLETIM,0,0,0,0,0,0
P4,Corredor Av. Vicente Monteggia,polyline,3.7,50.0,sim,493556,20100720,19:00,TERCA-FEIRA,-30.112694000000001,-51.213831999999996,AV VICENTE MONTEGGIA,,BOLETIM,1,0,0,1,0,0
P6,Rota Florestan Fernandes / Estrada Kanazawa,polyline,1.6,50.0,sim,494176,20100722,11:40,QUINTA-FEIRA,-30.119955000000001,-51.196683000000000,ESTR KANAZAWA,,BOLETIM,0,0,0,0,0,0
P5,Joao Salomoni x Av. da Cavalhada,point,8.5,100.0,sim,493811,20100724,09:15,SABADO,-30.113078399999999,-51.226415000000003,AV CAVALHADA,,BOLETIM,1,0,0,0,0,0
P8,Estr. Costa Gama x Estr. Afonso Lourenco Mariante,point,38.3,100.0,sim,494088,20100724,19:00,SABADO,-30.114863000000000,-51.176913999999996,ESTR COSTA GAMA,,BOLETIM,0,0,0,0,0,0
P3,Acesso Av. Vicente Monteggia via Joao Salomoni/Rodrigues,point,168.5,100.0,nao_contexto,493991,20100726,22:15,SEGUNDA-FEIRA,-30.113992509999999,-51.212662999999999,AV VICENTE MONTEGGIA,,BOLETIM,1,0,0,1,0,1
P4,Corredor Av. Vicente Monteggia,polyline,4.9,50.0,sim,493991,20100726,22:15,SEGUNDA-FEIRA,-30.113992509999999,-51.212662999999999,AV VICENTE MONTEGGIA,,BOLETIM,1,0,0,1,0,1
P8,Estr. Costa Gama x Estr. Afonso Lourenco Mariante,point,38.3,100.0,sim,494167,20100729,13:45,QUINTA-FEIRA,-30.114863000000000,-51.176913999999996,ESTR COSTA GAMA,,BOLETIM,1,0,0,1,0,0
P5,Joao Salomoni x Av. da Cavalhada,point,78.9,100.0,sim,494288,20100801,19:35,DOMINGO,-30.112406000000000,-51.226672000000001,AV CAVALHADA,,BOLETIM,2,0,0,2,0,0
P4,Corredor Av. Vicente Monteggia,polyline,5.3,50.0,sim,494394,20100802,18:05,SEGUNDA-FEIRA,-30.112529920000000,-51.216726000000001,AV VICENTE MONTEGGIA,,BOLETIM,0,0,0,0,0,0
P4,Corredor Av. Vicente Monteggia,polyline,2.1,50.0,sim,499653,20100805,12:00,QUINTA-FEIRA,-30.100792999999999,-51.224783000000002,AV OTTO NIEMEYER,AV VICENTE MONTEGGIA,BOLETIM,0,0,0,0,0,0
P4,Corredor Av. Vicente Monteggia,polyline,6.8,50.0,sim,494954,20100807,07:00,SABADO,-30.101112430000001,-51.224505000000001,AV VICENTE MONTEGGIA,,BOLETIM,1,0,0,0,0,0
P4,Corredor Av. Vicente Monteggia,polyline,1.2,50.0,sim,495438,20100810,14:10,TERCA-FEIRA,-30.100867999999998,-51.224733000000001,AV VICENTE MONTEGGIA,,BOLETIM,0,0,0,0,0,0
P4,Corredor Av. Vicente Monteggia,polyline,3.8,50.0,sim,495521,20100811,11:40,QUARTA-FEIRA,-30.097992000000001,-51.224957000000003,AV VICENTE MONTEGGIA,,BOLETIM,0,0,0,0,0,0
P4,Corredor Av. Vicente Monteggia,polyline,12.5,50.0,sim,495276,20100813,02:45,SEXTA-FEIRA,-30.095101199999998,-51.225453999999999,AV NONOAI,,BOLETIM,1,0,0,1,0,0
P3,Acesso Av. Vicente Monteggia via Joao Salomoni/Rodrigues,point,64.2,100.0,sim,495905,20100816,20:50,SEGUNDA-FEIRA,-30.114932520000000,-51.212358000000002,AV VICENTE MONTEGGIA,,BOLETIM,0,0,0,0,0,0
P4,Corredor Av. Vicente Monteggia,polyline,3.0,50.0,sim,495905,20100816,20:50,SEGUNDA-FEIRA,-30.114932520000000,-51.212358000000002,AV VICENTE MONTEGGIA,,BOLETIM,0,0,0,0,0,0
P4,Corredor Av. Vicente Monteggia,polyline,2.1,50.0,sim,501304,20100819,10:30,QUINTA-FEIRA,-30.100792999999999,-51.224783000000002,AV OTTO NIEMEYER,AV VICENTE MONTEGGIA,BOLETIM,0,0,0,1,0,0
P4,Corredor Av. Vicente Monteggia,polyline,7.1,50.0,sim,496142,20100820,09:10,SEXTA-FEIRA,-30.095172999999999,-51.225712999999999,R DR CAMPOS VELHO,AV CAVALHADA,BOLETIM,0,0,0,0,0,0
P4,Corredor Av. Vicente Monteggia,polyline,6.2,50.0,sim,495897,20100820,07:20,SEXTA-FEIRA,-30.110460650000000,-51.218919000000000,AV VICENTE MONTEGGIA,,BOLETIM,1,0,0,1,0,0
P4,Corredor Av. Vicente Monteggia,polyline,5.2,50.0,sim,496292,20100821,12:00,SABADO,-30.103334810000000,-51.223125000000003,AV VICENTE MONTEGGIA,,BOLETIM,0,0,0,0,0,1
P6,Rota Florestan Fernandes / Estrada Kanazawa,polyline,5.4,50.0,sim,495986,20100821,02:50,SABADO,-30.117488999999999,-51.184328000000001,AV BELEM VELHO,,BOLETIM,2,0,0,1,0,0
P1,Rotula Estr. 3 Meninas x Estr. Cristiano Kraemer,point,198.6,100.0,nao_contexto,496793,20100823,08:50,SEGUNDA-FEIRA,-30.117321100000002,-51.204909999999998,ESTR CRISTIANO KRAEMER,,BOLETIM,0,0,0,0,0,0
P2,Confluencia Cristiano Kraemer x Belem Velho x Monte Cristo,point,142.0,100.0,nao_contexto,496793,20100823,08:50,SEGUNDA-FEIRA,-30.117321100000002,-51.204909999999998,ESTR CRISTIANO KRAEMER,,BOLETIM,0,0,0,0,0,0
P8,Estr. Costa Gama x Estr. Afonso Lourenco Mariante,point,0.6,100.0,sim,496502,20100824,07:40,TERCA-FEIRA,-30.115180840000001,-51.177064000000001,ESTR COSTA GAMA,ESTR AFONSO LOURENCO MARIANTE,BOLETIM,0,0,0,1,0,0
P4,Corredor Av. Vicente Monteggia,polyline,68.6,50.0,nao_contexto,496669,20100827,19:10,SEXTA-FEIRA,-30.095649000000002,-51.226277000000003,AV CAVALHADA,,BOLETIM,0,0,0,0,0,0
P4,Corredor Av. Vicente Monteggia,polyline,96.3,50.0,nao_contexto,496657,20100827,13:00,SEXTA-FEIRA,-30.109753000000001,-51.220784000000002,ESTR JOAO VEDANA,,BOLETIM,0,0,0,0,0,0
P5,Joao Salomoni x Av. da Cavalhada,point,13.9,100.0,sim,496655,20100827,11:45,SEXTA-FEIRA,-30.113049820000001,-51.226367560000000,ESTR JOAO SALAMONI,AV CAVALHADA,BOLETIM,0,0,0,0,0,0
P4,Corredor Av. Vicente Monteggia,polyline,59.4,50.0,nao_contexto,497218,20100904,11:25,SABADO,-30.094840999999999,-51.225070000000002,AV NONOAI,,BOLETIM,0,0,0,0,0,0
P4,Corredor Av. Vicente Monteggia,polyline,0.4,50.0,sim,497498,20100905,22:15,DOMINGO,-30.109076999999999,-51.220095000000001,AV VICENTE MONTEGGIA,,BOLETIM,0,0,0,0,0,0
P2,Confluencia Cristiano Kraemer x Belem Velho x Monte Cristo,point,38.2,100.0,sim,497344,20100905,18:35,DOMINGO,-30.117660999999998,-51.206740000000003,AV RODRIGUES DA FONSECA,,BOLETIM,1,0,0,0,0,0
P3,Acesso Av. Vicente Monteggia via Joao Salomoni/Rodrigues,point,168.5,100.0,nao_contexto,498038,20100914,07:35,TERCA-FEIRA,-30.113992509999999,-51.212662999999999,AV VICENTE MONTEGGIA,,BOLETIM,0,0,0,1,0,0
P4,Corredor Av. Vicente Monteggia,polyline,4.9,50.0,sim,498038,20100914,07:35,TERCA-FEIRA,-30.113992509999999,-51.212662999999999,AV VICENTE MONTEGGIA,,BOLETIM,0,0,0,1,0,0
P4,Corredor Av. Vicente Monteggia,polyline,2.1,50.0,sim,498055,20100915,07:10,QUARTA-FEIRA,-30.100792999999999,-51.224783000000002,AV OTTO NIEMEYER,AV VICENTE MONTEGGIA,BOLETIM,0,0,0,0,0,0
P4,Corredor Av. Vicente Monteggia,polyline,0.0,50.0,sim,498000,20100917,18:15,SEXTA-FEIRA,-30.100758610000000,-51.224733000000001,AV VICENTE MONTEGGIA,,BOLETIM,1,0,0,1,0,0
P4,Corredor Av. Vicente Monteggia,polyline,7.1,50.0,sim,498384,20100918,09:30,SABADO,-30.095172949999998,-51.225712999999999,AV VICENTE MONTEGGIA,AV CAVALHADA,BOLETIM,0,0,0,0,0,0
P4,Corredor Av. Vicente Monteggia,polyline,4.7,50.0,sim,498681,20100923,19:08,QUINTA-FEIRA,-30.095149280000001,-51.225779000000003,AV CAVALHADA,,BOLETIM,0,0,0,0,0,0
P4,Corredor Av. Vicente Monteggia,polyline,2.1,50.0,sim,498680,20100923,18:20,QUINTA-FEIRA,-30.100792999999999,-51.224783000000002,AV OTTO NIEMEYER,AV VICENTE MONTEGGIA,BOLETIM,0,0,0,0,0,0
P2,Confluencia Cristiano Kraemer x Belem Velho x Monte Cristo,point,90.5,100.0,sim,498335,20100923,14:30,QUINTA-FEIRA,-30.117784879999999,-51.207264000000002,ESTR CRISTIANO KRAEMER,,BOLETIM,1,0,0,0,0,0
P6,Rota Florestan Fernandes / Estrada Kanazawa,polyline,1.6,50.0,sim,503723,20100925,12:15,SABADO,-30.117538000000000,-51.184246999999999,AV BELEM VELHO,ESTR KANAZAWA,BOLETIM,1,0,0,1,0,0
P4,Corredor Av. Vicente Monteggia,polyline,6.8,50.0,sim,498362,20100925,00:45,SABADO,-30.101112430000001,-51.224505000000001,AV VICENTE MONTEGGIA,,BOLETIM,0,0,2,0,0,0
P4,Corredor Av. Vicente Monteggia,polyline,0.7,50.0,sim,498795,20100926,08:20,DOMINGO,-30.107367000000000,-51.221966000000002,AV VICENTE MONTEGGIA,,BOLETIM,0,0,0,0,0,0
P9,Entroncamento Rua Santuario x Av. Oscar Pereira,point,78.7,100.0,sim,498862,20100927,14:00,SEGUNDA-FEIRA,-30.096119999999999,-51.177723000000000,AV PROF OSCAR PEREIRA,,BOLETIM,0,0,0,0,0,0
P5,Joao Salomoni x Av. da Cavalhada,point,6.4,100.0,sim,498832,20100927,19:00,SEGUNDA-FEIRA,-30.113044750000000,-51.226481000000000,ESTR JOAO SALOMONI,AV CAVALHADA,BOLETIM,0,0,0,0,0,0
P4,Corredor Av. Vicente Monteggia,polyline,83.6,50.0,nao_contexto,499087,20100929,19:30,QUARTA-FEIRA,-30.094660000000001,-51.224918000000002,AV NONOAI,,BOLETIM,0,0,0,1,0,0
P4,Corredor Av. Vicente Monteggia,polyline,2.1,50.0,sim,499045,20100929,20:30,QUARTA-FEIRA,-30.100792999999999,-51.224783000000002,AV OTTO NIEMEYER,AV VICENTE MONTEGGIA,BOLETIM,0,0,0,0,0,0
P3,Acesso Av. Vicente Monteggia via Joao Salomoni/Rodrigues,point,23.8,100.0,sim,498838,20100930,14:35,QUINTA-FEIRA,-30.115525999999999,-51.212234000000002,AV RODRIGUES DA FONSECA,,BOLETIM,3,0,0,0,0,0
P4,Corredor Av. Vicente Monteggia,polyline,17.9,50.0,sim,498838,20100930,14:35,QUINTA-FEIRA,-30.115525999999999,-51.212234000000002,AV RODRIGUES DA FONSECA,,BOLETIM,3,0,0,0,0,0
P4,Corredor Av. Vicente Monteggia,polyline,13.7,50.0,sim,499294,20101001,16:20,SEXTA-FEIRA,-30.095102950000001,-51.225700000000003,AV NONOAI,,BOLETIM,0,0,0,0,0,0
P4,Corredor Av. Vicente Monteggia,polyline,6.5,50.0,sim,499268,20101003,12:20,DOMINGO,-30.110417720000001,-51.218955000000001,AV VICENTE MONTEGGIA,,BOLETIM,1,0,0,1,0,0
P4,Corredor Av. Vicente Monteggia,polyline,2.7,50.0,sim,499457,20101004,11:55,SEGUNDA-FEIRA,-30.110510999999999,-51.218991000000003,AV VICENTE MONTEGGIA,,BOLETIM,2,0,0,0,0,0
P1,Rotula Estr. 3 Meninas x Estr. Cristiano Kraemer,point,191.8,100.0,nao_contexto,509963,20101005,16:30,TERCA-FEIRA,-30.116734000000001,-51.202379000000001,R JOSE ALVES DE CASTRO,,BOLETIM,1,0,0,0,0,0
P4,Corredor Av. Vicente Monteggia,polyline,1.3,50.0,sim,500075,20101008,18:50,SEXTA-FEIRA,-30.100473999999998,-51.224921999999999,AV VICENTE MONTEGGIA,,BOLETIM,0,0,0,0,0,0
P4,Corredor Av. Vicente Monteggia,polyline,3.9,50.0,sim,500066,20101008,10:20,SEXTA-FEIRA,-30.101824000000001,-51.223671000000003,AV VICENTE MONTEGGIA,,BOLETIM,0,0,0,0,0,0
P5,Joao Salomoni x Av. da Cavalhada,point,132.2,100.0,nao_contexto,501112,20101008,12:00,SEXTA-FEIRA,-30.112539999999999,-51.227711999999997,R CARIDADE,,BOLETIM,0,0,0,0,0,0
P3,Acesso Av. Vicente Monteggia via Joao Salomoni/Rodrigues,point,0.9,100.0,sim,499900,20101008,10:38,SEXTA-FEIRA,-30.115501999999999,-51.212471000000001,AV VICENTE MONTEGGIA,AV RODRIGUES DA FONSECA,BOLETIM,1,0,0,0,0,0
P4,Corredor Av. Vicente Monteggia,polyline,4.6,50.0,sim,499900,20101008,10:38,SEXTA-FEIRA,-30.115501999999999,-51.212471000000001,AV VICENTE MONTEGGIA,AV RODRIGUES DA FONSECA,BOLETIM,1,0,0,0,0,0
P4,Corredor Av. Vicente Monteggia,polyline,12.7,50.0,sim,500158,20101009,07:00,SABADO,-30.095061999999999,-51.225558999999997,AV NONOAI,,BOLETIM,0,0,0,0,0,0
P3,Acesso Av. Vicente Monteggia via Joao Salomoni/Rodrigues,point,125.0,100.0,nao_contexto,499510,20101010,20:01,DOMINGO,-30.115265000000001,-51.213751000000002,ESTR JOAO SALOMONI,,BOLETIM,1,0,1,0,0,0
P4,Corredor Av. Vicente Monteggia,polyline,2.1,50.0,sim,500199,20101011,07:10,SEGUNDA-FEIRA,-30.100792999999999,-51.224783000000002,AV OTTO NIEMEYER,AV VICENTE MONTEGGIA,BOLETIM,0,0,0,0,0,0
P4,Corredor Av. Vicente Monteggia,polyline,7.2,50.0,sim,500598,20101020,19:00,QUARTA-FEIRA,-30.107187509999999,-51.222192999999997,AV VICENTE MONTEGGIA,,BOLETIM,1,0,0,2,0,0
P5,Joao Salomoni x Av. da Cavalhada,point,78.4,100.0,sim,500897,20101021,17:36,QUINTA-FEIRA,-30.112398670000001,-51.226579000000001,AV CAVALHADA,,BOLETIM,0,0,0,0,0,0
P4,Corredor Av. Vicente Monteggia,polyline,7.1,50.0,sim,504132,20101023,04:00,SABADO,-30.095172999999999,-51.225712999999999,AV CAVALHADA,AV NONOAI,BOLETIM,1,0,0,0,0,0
P2,Confluencia Cristiano Kraemer x Belem Velho x Monte Cristo,point,39.2,100.0,sim,501170,20101023,10:10,SABADO,-30.117431300000000,-51.206738999999999,AV RODRIGUES DA FONSECA,,BOLETIM,0,0,0,0,0,1
P4,Corredor Av. Vicente Monteggia,polyline,2.3,50.0,sim,500696,20101025,08:40,SEGUNDA-FEIRA,-30.098617000000001,-51.225346999999999,AV VICENTE MONTEGGIA,,BOLETIM,1,0,0,1,0,0
P3,Acesso Av. Vicente Monteggia via Joao Salomoni/Rodrigues,point,0.9,100.0,sim,501352,20101025,12:15,SEGUNDA-FEIRA,-30.115501999999999,-51.212471000000001,AV VICENTE MONTEGGIA,AV RODRIGUES DA FONSECA,BOLETIM,0,0,0,0,0,0
P4,Corredor Av. Vicente Monteggia,polyline,4.6,50.0,sim,501352,20101025,12:15,SEGUNDA-FEIRA,-30.115501999999999,-51.212471000000001,AV VICENTE MONTEGGIA,AV RODRIGUES DA FONSECA,BOLETIM,0,0,0,0,0,0
P2,Confluencia Cristiano Kraemer x Belem Velho x Monte Cristo,point,70.3,100.0,sim,501362,20101025,07:10,SEGUNDA-FEIRA,-30.117472209999999,-51.207084000000002,AV MONTE CRISTO,,BOLETIM,0,0,0,0,0,1
P5,Joao Salomoni x Av. da Cavalhada,point,6.4,100.0,sim,501544,20101028,09:30,QUINTA-FEIRA,-30.113044750000000,-51.226481000000000,ESTR JOAO SALOMONI,AV CAVALHADA,BOLETIM,0,0,0,1,0,0
P3,Acesso Av. Vicente Monteggia via Joao Salomoni/Rodrigues,point,168.5,100.0,nao_contexto,500941,20101028,07:46,QUINTA-FEIRA,-30.113992509999999,-51.212662999999999,AV VICENTE MONTEGGIA,,BOLETIM,1,0,0,1,0,0
P4,Corredor Av. Vicente Monteggia,polyline,4.9,50.0,sim,500941,20101028,07:46,QUINTA-FEIRA,-30.113992509999999,-51.212662999999999,AV VICENTE MONTEGGIA,,BOLETIM,1,0,0,1,0,0
P4,Corredor Av. Vicente Monteggia,polyline,0.1,50.0,sim,501605,20101031,06:10,DOMINGO,-30.105323389999999,-51.222678999999999,R JUVENIL PEREIRA FRAGA,AV VICENTE MONTEGGIA,BOLETIM,0,0,0,0,0,0
P8,Estr. Costa Gama x Estr. Afonso Lourenco Mariante,point,11.2,100.0,sim,501669,20101101,21:34,SEGUNDA-FEIRA,-30.115079229999999,-51.177073999999998,ESTR COSTA GAMA,,BOLETIM,0,0,0,0,0,0
P5,Joao Salomoni x Av. da Cavalhada,point,35.3,100.0,sim,502372,20101108,15:15,SEGUNDA-FEIRA,-30.112790000000000,-51.226579999999998,AV CAVALHADA,,BOLETIM,0,0,0,0,0,0
P8,Estr. Costa Gama x Estr. Afonso Lourenco Mariante,point,195.7,100.0,nao_contexto,502142,20101109,00:01,TERCA-FEIRA,-30.113424909999999,-51.177225000000000,R DR SARMENTO BARATA,,BOLETIM,2,0,0,1,0,0
P4,Corredor Av. Vicente Monteggia,polyline,5.4,50.0,sim,502532,20101110,15:00,QUARTA-FEIRA,-30.095460920000001,-51.225383999999998,AV VICENTE MONTEGGIA,,BOLETIM,0,0,0,0,0,0
P9,Entroncamento Rua Santuario x Av. Oscar Pereira,point,78.7,100.0,sim,502612,20101111,08:10,QUINTA-FEIRA,-30.096119999999999,-51.177723000000000,AV PROF OSCAR PEREIRA,,BOLETIM,0,0,0,0,0,0
P4,Corredor Av. Vicente Monteggia,polyline,71.6,50.0,nao_contexto,502642,20101112,14:00,SEXTA-FEIRA,-30.099940000000000,-51.226030999999999,R GIRUA,,BOLETIM,0,0,0,0,0,0
P4,Corredor Av. Vicente Monteggia,polyline,4.9,50.0,sim,504656,20101115,13:00,SEGUNDA-FEIRA,-30.100330629999998,-51.224994000000002,AV VICENTE MONTEGGIA,,BOLETIM,1,0,0,0,0,0
P4,Corredor Av. Vicente Monteggia,polyline,6.1,50.0,sim,502895,20101116,08:15,TERCA-FEIRA,-30.100397019999999,-51.224930000000001,AV VICENTE MONTEGGIA,,BOLETIM,0,0,0,0,0,0
P4,Corredor Av. Vicente Monteggia,polyline,2.7,50.0,sim,502438,20101117,14:00,QUARTA-FEIRA,-30.112766000000001,-51.213827000000002,AV VICENTE MONTEGGIA,,BOLETIM,0,0,0,0,0,0
P4,Corredor Av. Vicente Monteggia,polyline,2.1,50.0,sim,503489,20101124,13:16,QUARTA-FEIRA,-30.100792999999999,-51.224783000000002,AV OTTO NIEMEYER,AV VICENTE MONTEGGIA,BOLETIM,0,0,0,0,0,0
P4,Corredor Av. Vicente Monteggia,polyline,2.6,50.0,sim,503323,20101126,09:20,SEXTA-FEIRA,-30.103624000000000,-51.223140000000001,AV VICENTE MONTEGGIA,,BOLETIM,1,0,0,1,0,0
P4,Corredor Av. Vicente Monteggia,polyline,3.2,50.0,sim,503401,20101127,12:00,SABADO,-30.097559159999999,-51.224617000000002,AV VICENTE MONTEGGIA,,BOLETIM,1,0,0,1,0,0
P4,Corredor Av. Vicente Monteggia,polyline,4.0,50.0,sim,503658,20101130,13:43,TERCA-FEIRA,-30.097902999999999,-51.224893000000002,AV VICENTE MONTEGGIA,,BOLETIM,1,0,0,1,0,0
P1,Rotula Estr. 3 Meninas x Estr. Cristiano Kraemer,point,149.0,100.0,nao_contexto,503966,20101202,19:25,QUINTA-FEIRA,-30.117490000000000,-51.204414999999997,ESTR CRISTIANO KRAEMER,,BOLETIM,1,0,0,0,0,0
P2,Confluencia Cristiano Kraemer x Belem Velho x Monte Cristo,point,187.2,100.0,nao_contexto,503966,20101202,19:25,QUINTA-FEIRA,-30.117490000000000,-51.204414999999997,ESTR CRISTIANO KRAEMER,,BOLETIM,1,0,0,0,0,0
P4,Corredor Av. Vicente Monteggia,polyline,7.1,50.0,sim,504400,20101204,11:20,SABADO,-30.095172949999998,-51.225712999999999,AV VICENTE MONTEGGIA,AV CAVALHADA,BOLETIM,0,0,0,0,0,0
P4,Corredor Av. Vicente Monteggia,polyline,6.6,50.0,sim,504415,20101204,19:20,SABADO,-30.110532200000002,-51.218859000000002,AV VICENTE MONTEGGIA,,BOLETIM,0,0,0,0,0,0
P3,Acesso Av. Vicente Monteggia via Joao Salomoni/Rodrigues,point,68.0,100.0,sim,504313,20101207,19:43,TERCA-FEIRA,-30.115369619999999,-51.213171000000003,ESTR JOAO SALOMONI,R MARQUES DO MARICA,BOLETIM,1,0,0,0,0,0
P4,Corredor Av. Vicente Monteggia,polyline,63.9,50.0,nao_contexto,504313,20101207,19:43,TERCA-FEIRA,-30.115369619999999,-51.213171000000003,ESTR JOAO SALOMONI,R MARQUES DO MARICA,BOLETIM,1,0,0,0,0,0
P4,Corredor Av. Vicente Monteggia,polyline,0.6,50.0,sim,504777,20101209,17:00,QUINTA-FEIRA,-30.110429109999998,-51.219022000000002,ESTR JOAO VEDANA,AV VICENTE MONTEGGIA,BOLETIM,0,0,0,0,0,0
P4,Corredor Av. Vicente Monteggia,polyline,2.1,50.0,sim,505166,20101210,12:25,SEXTA-FEIRA,-30.100792999999999,-51.224783000000002,AV OTTO NIEMEYER,AV VICENTE MONTEGGIA,BOLETIM,0,0,0,0,0,0
P4,Corredor Av. Vicente Monteggia,polyline,14.4,50.0,sim,504951,20101212,07:15,DOMINGO,-30.095066679999999,-51.225630000000002,AV NONOAI,,BOLETIM,0,0,0,0,0,0
P8,Estr. Costa Gama x Estr. Afonso Lourenco Mariante,point,182.6,100.0,nao_contexto,504507,20101212,08:30,DOMINGO,-30.116796000000001,-51.177408999999997,ESTR COSTA GAMA,,BOLETIM,1,0,0,0,0,0
P1,Rotula Estr. 3 Meninas x Estr. Cristiano Kraemer,point,136.8,100.0,nao_contexto,505173,20101213,21:00,SEGUNDA-FEIRA,-30.119506999999999,-51.202862000000003,ESTR CRISTIANO KRAEMER,,BOLETIM,0,0,0,0,0,0
P4,Corredor Av. Vicente Monteggia,polyline,2.1,50.0,sim,505087,20101214,07:50,TERCA-FEIRA,-30.100792999999999,-51.224783000000002,AV OTTO NIEMEYER,AV VICENTE MONTEGGIA,BOLETIM,0,0,0,0,0,0
P9,Entroncamento Rua Santuario x Av. Oscar Pereira,point,68.8,100.0,sim,505486,20101217,18:00,SEXTA-FEIRA,-30.096188999999999,-51.177799000000000,AV PROF OSCAR PEREIRA,,BOLETIM,0,0,0,0,0,1
P4,Corredor Av. Vicente Monteggia,polyline,3.5,50.0,sim,505493,20101217,11:50,SEXTA-FEIRA,-30.100151000000000,-51.225121000000001,AV VICENTE MONTEGGIA,,BOLETIM,0,0,0,2,0,0
P4,Corredor Av. Vicente Monteggia,polyline,2.1,50.0,sim,505495,20101217,08:30,SEXTA-FEIRA,-30.112487999999999,-51.215108000000001,AV VICENTE MONTEGGIA,,BOLETIM,0,0,0,1,0,0
P4,Corredor Av. Vicente Monteggia,polyline,4.0,50.0,sim,505505,20101218,08:00,SABADO,-30.099629000000000,-51.225372999999998,AV VICENTE MONTEGGIA,,BOLETIM,0,0,0,0,0,0
P4,Corredor Av. Vicente Monteggia,polyline,12.7,50.0,sim,505513,20101219,16:00,DOMINGO,-30.095061999999999,-51.225558999999997,AV NONOAI,,BOLETIM,0,0,0,0,0,0
P4,Corredor Av. Vicente Monteggia,polyline,6.7,50.0,sim,505542,20101220,17:05,SEGUNDA-FEIRA,-30.103685760000001,-51.223030000000001,AV VICENTE MONTEGGIA,,BOLETIM,0,0,0,0,0,1
P4,Corredor Av. Vicente Monteggia,polyline,50.5,50.0,nao_contexto,505618,20101221,18:48,TERCA-FEIRA,-30.094889999999999,-51.225141999999998,AV NONOAI,,BOLETIM,0,0,0,0,0,0
P8,Estr. Costa Gama x Estr. Afonso Lourenco Mariante,point,0.6,100.0,sim,505800,20101222,09:30,QUARTA-FEIRA,-30.115180840000001,-51.177064000000001,ESTR COSTA GAMA,ESTR AFONSO LOURENCO MARIANTE,BOLETIM,0,0,0,0,0,0
P5,Joao Salomoni x Av. da Cavalhada,point,101.2,100.0,nao_contexto,505692,20101223,06:00,QUINTA-FEIRA,-30.112214099999999,-51.226742000000002,AV CAVALHADA,,BOLETIM,2,0,0,1,0,0
P5,Joao Salomoni x Av. da Cavalhada,point,8.5,100.0,sim,505917,20101223,07:00,QUINTA-FEIRA,-30.113078399999999,-51.226415000000003,AV CAVALHADA,,BOLETIM,0,0,0,1,0,0
P2,Confluencia Cristiano Kraemer x Belem Velho x Monte Cristo,point,158.9,100.0,nao_contexto,505786,20101223,12:35,QUINTA-FEIRA,-30.116579999999999,-51.205157000000000,AV BELEM VELHO,,BOLETIM,0,0,0,0,0,0
P4,Corredor Av. Vicente Monteggia,polyline,7.1,50.0,sim,506208,20101224,05:00,SEXTA-FEIRA,-30.095172999999999,-51.225712999999999,R DR CAMPOS VELHO,AV CAVALHADA,BOLETIM,0,0,0,0,0,0
P4,Corredor Av. Vicente Monteggia,polyline,7.1,50.0,sim,506111,20101228,19:00,TERCA-FEIRA,-30.095172949999998,-51.225712999999999,AV VICENTE MONTEGGIA,AV CAVALHADA,BOLETIM,0,0,0,0,0,0
P4,Corredor Av. Vicente Monteggia,polyline,5.9,50.0,sim,506110,20101228,05:20,TERCA-FEIRA,-30.101178080000000,-51.224241999999997,AV VICENTE MONTEGGIA,,BOLETIM,0,0,0,0,0,0
P4,Corredor Av. Vicente Monteggia,polyline,2.1,50.0,sim,506451,20101228,04:20,TERCA-FEIRA,-30.101277000000000,-51.224245000000003,AV VICENTE MONTEGGIA,,BOLETIM,0,0,0,0,0,0
P3,Acesso Av. Vicente Monteggia via Joao Salomoni/Rodrigues,point,62.2,100.0,sim,506255,20110102,17:15,DOMINGO,-30.115639869999999,-51.211854000000002,AV RODRIGUES DA FONSECA,R ATILIO SUPERTTI,BOLETIM,0,0,0,0,0,0
P4,Corredor Av. Vicente Monteggia,polyline,55.8,50.0,nao_contexto,506255,20110102,17:15,DOMINGO,-30.115639869999999,-51.211854000000002,AV RODRIGUES DA FONSECA,R ATILIO SUPERTTI,BOLETIM,0,0,0,0,0,0
P4,Corredor Av. Vicente Monteggia,polyline,7.1,50.0,sim,506322,20110103,16:30,SEGUNDA-FEIRA,-30.095172999999999,-51.225712999999999,AV VICENTE MONTEGGIA,AV NONOAI,BOLETIM,0,0,0,0,0,0
P1,Rotula Estr. 3 Meninas x Estr. Cristiano Kraemer,point,178.1,100.0,nao_contexto,506309,20110104,16:40,TERCA-FEIRA,-30.118281000000000,-51.201338999999997,ESTR DAS TRES MENINAS,,BOLETIM,1,0,0,1,0,0
P4,Corredor Av. Vicente Monteggia,polyline,14.5,50.0,sim,506604,20110106,05:30,QUINTA-FEIRA,-30.095071999999998,-51.225459999999998,AV NONOAI,,BOLETIM,0,0,0,0,0,0
P2,Confluencia Cristiano Kraemer x Belem Velho x Monte Cristo,point,130.5,100.0,nao_contexto,506627,20110109,20:30,DOMINGO,-30.117381000000002,-51.205019000000000,ESTR CRISTIANO KRAEMER,,BOLETIM,1,0,0,1,0,0
P4,Corredor Av. Vicente Monteggia,polyline,7.4,50.0,sim,506820,20110113,22:00,QUINTA-FEIRA,-30.110289280000000,-51.219056000000002,AV VICENTE MONTEGGIA,,BOLETIM,1,0,0,1,0,0
P4,Corredor Av. Vicente Monteggia,polyline,7.1,50.0,sim,507045,20110114,19:09,SEXTA-FEIRA,-30.095172949999998,-51.225712999999999,AV VICENTE MONTEGGIA,AV CAVALHADA,BOLETIM,0,0,0,0,0,0
P4,Corredor Av. Vicente Monteggia,polyline,2.1,50.0,sim,508233,20110118,08:15,TERCA-FEIRA,-30.100792999999999,-51.224783000000002,AV OTTO NIEMEYER,AV VICENTE MONTEGGIA,BOLETIM,0,0,0,1,0,0
P4,Corredor Av. Vicente Monteggia,polyline,0.7,50.0,sim,509361,20110118,23:00,TERCA-FEIRA,-30.107367000000000,-51.221966000000002,AV VICENTE MONTEGGIA,,BOLETIM,0,0,0,0,0,0
P4,Corredor Av. Vicente Monteggia,polyline,3.1,50.0,sim,531023,20110121,15:30,SEXTA-FEIRA,-30.107299999999999,-51.222088999999997,R AMAPA,AV VICENTE MONTEGGIA,BOLETIM,1,0,0,0,0,0
P3,Acesso Av. Vicente Monteggia via Joao Salomoni/Rodrigues,point,93.0,100.0,sim,507296,20110121,15:20,SEXTA-FEIRA,-30.114664000000001,-51.212482999999999,AV VICENTE MONTEGGIA,,BOLETIM,1,0,0,0,0,0
P4,Corredor Av. Vicente Monteggia,polyline,2.7,50.0,sim,507296,20110121,15:20,SEXTA-FEIRA,-30.114664000000001,-51.212482999999999,AV VICENTE MONTEGGIA,,BOLETIM,1,0,0,0,0,0
P4,Corredor Av. Vicente Monteggia,polyline,2.4,50.0,sim,509841,20110122,21:00,SABADO,-30.109073570000000,-51.220059999999997,AV VICENTE MONTEGGIA,,BOLETIM,0,0,0,0,0,0
P4,Corredor Av. Vicente Monteggia,polyline,5.0,50.0,sim,507331,20110123,20:30,DOMINGO,-30.100862880000001,-51.224601999999997,AV VICENTE MONTEGGIA,,BOLETIM,2,0,0,1,0,0
P1,Rotula Estr. 3 Meninas x Estr. Cristiano Kraemer,point,178.1,100.0,nao_contexto,507322,20110123,05:00,DOMINGO,-30.118281000000000,-51.201338999999997,ESTR DAS TRES MENINAS,,BOLETIM,5,0,0,0,0,0
P3,Acesso Av. Vicente Monteggia via Joao Salomoni/Rodrigues,point,64.2,100.0,sim,507771,20110126,12:05,QUARTA-FEIRA,-30.114932520000000,-51.212358000000002,AV VICENTE MONTEGGIA,,BOLETIM,0,0,0,0,0,0
P4,Corredor Av. Vicente Monteggia,polyline,3.0,50.0,sim,507771,20110126,12:05,QUARTA-FEIRA,-30.114932520000000,-51.212358000000002,AV VICENTE MONTEGGIA,,BOLETIM,0,0,0,0,0,0
P3,Acesso Av. Vicente Monteggia via Joao Salomoni/Rodrigues,point,141.4,100.0,nao_contexto,507753,20110127,11:40,QUINTA-FEIRA,-30.115781999999999,-51.211046000000003,AV RODRIGUES DA FONSECA,,BOLETIM,1,0,0,1,0,0
P4,Corredor Av. Vicente Monteggia,polyline,3.9,50.0,sim,507783,20110128,14:30,SEXTA-FEIRA,-30.109361000000000,-51.219935999999997,AV VICENTE MONTEGGIA,,BOLETIM,1,0,0,1,0,0
P4,Corredor Av. Vicente Monteggia,polyline,4.7,50.0,sim,508227,20110129,16:00,SABADO,-30.110147999999999,-51.219206000000000,AV VICENTE MONTEGGIA,,BOLETIM,0,0,0,1,0,0
P2,Confluencia Cristiano Kraemer x Belem Velho x Monte Cristo,point,70.3,100.0,sim,507970,20110201,19:30,TERCA-FEIRA,-30.117472209999999,-51.207084000000002,AV MONTE CRISTO,,BOLETIM,1,0,0,0,0,0
P8,Estr. Costa Gama x Estr. Afonso Lourenco Mariante,point,77.5,100.0,sim,508286,20110203,11:00,QUINTA-FEIRA,-30.115867000000001,-51.177208000000000,ESTR COSTA GAMA,,BOLETIM,0,0,0,0,0,0
P7,Estr. 3 Meninas x Estr. Costa Gama,point,45.6,100.0,sim,508144,20110204,19:00,SEXTA-FEIRA,-30.134111999999998,-51.175567999999998,ESTR COSTA GAMA,,BOLETIM,1,0,0,1,0,0
P2,Confluencia Cristiano Kraemer x Belem Velho x Monte Cristo,point,30.0,100.0,sim,508423,20110206,15:40,DOMINGO,-30.117675999999999,-51.206642000000002,AV RODRIGUES DA FONSECA,AV MONTE CRISTO,BOLETIM,0,0,0,0,0,0
P4,Corredor Av. Vicente Monteggia,polyline,7.1,50.0,sim,508671,20110209,12:00,QUARTA-FEIRA,-30.095172999999999,-51.225712999999999,R DR CAMPOS VELHO,AV NONOAI,BOLETIM,0,0,0,0,0,0
P4,Corredor Av. Vicente Monteggia,polyline,6.8,50.0,sim,509274,20110209,18:30,QUARTA-FEIRA,-30.101112430000001,-51.224505000000001,AV VICENTE MONTEGGIA,,BOLETIM,1,0,0,0,0,0
P4,Corredor Av. Vicente Monteggia,polyline,6.1,50.0,sim,508533,20110210,16:00,QUINTA-FEIRA,-30.100397019999999,-51.224930000000001,AV VICENTE MONTEGGIA,,BOLETIM,1,0,0,1,0,0
P4,Corredor Av. Vicente Monteggia,polyline,50.5,50.0,nao_contexto,509008,20110213,00:22,DOMINGO,-30.094889999999999,-51.225141999999998,AV NONOAI,,BOLETIM,0,0,0,0,0,0
P4,Corredor Av. Vicente Monteggia,polyline,1.7,50.0,sim,509013,20110214,14:25,SEGUNDA-FEIRA,-30.108867000000000,-51.220272000000001,AV VICENTE MONTEGGIA,,BOLETIM,0,0,0,0,0,0
P4,Corredor Av. Vicente Monteggia,polyline,5.4,50.0,sim,508939,20110215,11:45,TERCA-FEIRA,-30.103908120000000,-51.222997999999997,AV VICENTE MONTEGGIA,,BOLETIM,0,0,0,0,0,0
P4,Corredor Av. Vicente Monteggia,polyline,14.4,50.0,sim,509089,20110216,14:15,QUARTA-FEIRA,-30.095066679999999,-51.225630000000002,AV NONOAI,,BOLETIM,0,0,0,0,0,0
P4,Corredor Av. Vicente Monteggia,polyline,0.4,50.0,sim,509020,20110217,07:30,QUINTA-FEIRA,-30.095352080000001,-51.225490000000001,AV VICENTE MONTEGGIA,,BOLETIM,1,0,0,1,0,0
P4,Corredor Av. Vicente Monteggia,polyline,3.1,50.0,sim,509230,20110218,08:30,SEXTA-FEIRA,-30.107299999999999,-51.222088999999997,R AMAPA,AV VICENTE MONTEGGIA,BOLETIM,0,0,0,0,0,0
P4,Corredor Av. Vicente Monteggia,polyline,2.1,50.0,sim,509250,20110219,09:03,SABADO,-30.100792999999999,-51.224783000000002,AV OTTO NIEMEYER,AV VICENTE MONTEGGIA,BOLETIM,0,0,0,0,0,0
P4,Corredor Av. Vicente Monteggia,polyline,29.4,50.0,sim,509581,20110222,18:10,TERCA-FEIRA,-30.095367000000000,-51.226028999999997,AV CAVALHADA,,BOLETIM,0,0,0,0,0,0
P4,Corredor Av. Vicente Monteggia,polyline,7.1,50.0,sim,509514,20110223,09:45,QUARTA-FEIRA,-30.095172999999999,-51.225712999999999,AV VICENTE MONTEGGIA,AV NONOAI,BOLETIM,0,0,0,0,0,0
P4,Corredor Av. Vicente Monteggia,polyline,4.9,50.0,sim,509721,20110226,10:15,SABADO,-30.113164000000001,-51.213161999999997,AV VICENTE MONTEGGIA,,BOLETIM,0,0,0,0,0,0
P2,Confluencia Cristiano Kraemer x Belem Velho x Monte Cristo,point,23.1,100.0,sim,509562,20110226,14:30,SABADO,-30.117736940000000,-51.206485000000001,ESTR CRISTIANO KRAEMER,,BOLETIM,1,0,0,1,0,0
P8,Estr. Costa Gama x Estr. Afonso Lourenco Mariante,point,0.6,100.0,sim,509794,20110228,09:15,SEGUNDA-FEIRA,-30.115180840000001,-51.177064000000001,ESTR COSTA GAMA,ESTR AFONSO LOURENCO MARIANTE,BOLETIM,0,0,0,0,1,0
P4,Corredor Av. Vicente Monteggia,polyline,4.7,50.0,sim,509910,20110301,16:20,TERCA-FEIRA,-30.095149280000001,-51.225779000000003,AV CAVALHADA,,BOLETIM,0,0,0,1,0,0
P4,Corredor Av. Vicente Monteggia,polyline,1.2,50.0,sim,510134,20110309,12:10,QUARTA-FEIRA,-30.100486000000000,-51.224915000000003,AV VICENTE MONTEGGIA,,BOLETIM,2,0,0,0,0,0
P5,Joao Salomoni x Av. da Cavalhada,point,13.9,100.0,sim,510301,20110310,10:20,QUINTA-FEIRA,-30.113049820000001,-51.226367560000000,ESTR JOAO SALAMONI,AV CAVALHADA,BOLETIM,0,0,0,0,0,0
P4,Corredor Av. Vicente Monteggia,polyline,59.4,50.0,nao_contexto,510406,20110315,21:15,TERCA-FEIRA,-30.094840999999999,-51.225070000000002,AV NONOAI,,BOLETIM,1,0,0,1,0,0
P4,Corredor Av. Vicente Monteggia,polyline,4.8,50.0,sim,510787,20110316,07:46,QUARTA-FEIRA,-30.110087000000000,-51.219254999999997,AV VICENTE MONTEGGIA,,BOLETIM,0,0,0,0,0,0
P5,Joao Salomoni x Av. da Cavalhada,point,101.2,100.0,nao_contexto,510782,20110316,12:25,QUARTA-FEIRA,-30.112214099999999,-51.226742000000002,AV CAVALHADA,,BOLETIM,0,0,0,0,0,0
P4,Corredor Av. Vicente Monteggia,polyline,2.8,50.0,sim,511386,20110319,01:40,SABADO,-30.108225999999998,-51.221037000000003,AV VICENTE MONTEGGIA,,BOLETIM,1,0,0,0,0,0
P8,Estr. Costa Gama x Estr. Afonso Lourenco Mariante,point,38.3,100.0,sim,511351,20110324,13:20,QUINTA-FEIRA,-30.114863000000000,-51.176913999999996,ESTR COSTA GAMA,,BOLETIM,0,0,0,0,0,0
P4,Corredor Av. Vicente Monteggia,polyline,0.4,50.0,sim,511284,20110325,18:50,SEXTA-FEIRA,-30.101429000000000,-51.224029000000002,AV VICENTE MONTEGGIA,,BOLETIM,1,0,0,0,0,1
P4,Corredor Av. Vicente Monteggia,polyline,5.9,50.0,sim,511306,20110327,11:45,DOMINGO,-30.101178080000000,-51.224241999999997,AV VICENTE MONTEGGIA,,BOLETIM,5,0,0,0,0,0
P5,Joao Salomoni x Av. da Cavalhada,point,13.9,100.0,sim,511639,20110330,13:10,QUARTA-FEIRA,-30.113049820000001,-51.226367560000000,ESTR JOAO SALAMONI,AV CAVALHADA,BOLETIM,0,0,0,0,0,0
P4,Corredor Av. Vicente Monteggia,polyline,7.1,50.0,sim,511702,20110331,19:45,QUINTA-FEIRA,-30.095172949999998,-51.225712999999999,AV VICENTE MONTEGGIA,AV CAVALHADA,BOLETIM,0,0,0,0,0,0
P4,Corredor Av. Vicente Monteggia,polyline,2.1,50.0,sim,511755,20110331,14:10,QUINTA-FEIRA,-30.100792999999999,-51.224783000000002,AV OTTO NIEMEYER,AV VICENTE MONTEGGIA,BOLETIM,0,0,0,0,0,0
P4,Corredor Av. Vicente Monteggia,polyline,9.5,50.0,sim,511952,20110401,19:07,SEXTA-FEIRA,-30.096819000000000,-51.224626000000001,AV FABIO ARAUJO SANTOS,,BOLETIM,1,0,0,1,0,0
P6,Rota Florestan Fernandes / Estrada Kanazawa,polyline,1.6,50.0,sim,511900,20110401,21:30,SEXTA-FEIRA,-30.117538000000000,-51.184246999999999,AV BELEM VELHO,ESTR KANAZAWA,BOLETIM,1,0,0,1,0,0
P4,Corredor Av. Vicente Monteggia,polyline,1.6,50.0,sim,511931,20110402,20:20,SABADO,-30.102163999999998,-51.223480000000002,AV VICENTE MONTEGGIA,,BOLETIM,1,0,0,1,0,0
P8,Estr. Costa Gama x Estr. Afonso Lourenco Mariante,point,0.6,100.0,sim,511788,20110402,00:06,SABADO,-30.115180840000001,-51.177064000000001,ESTR COSTA GAMA,ESTR AFONSO LOURENCO MARIANTE,BOLETIM,0,0,0,0,0,0
P4,Corredor Av. Vicente Monteggia,polyline,6.2,50.0,sim,512024,20110407,08:15,QUINTA-FEIRA,-30.105252680000000,-51.222631999999997,AV VICENTE MONTEGGIA,,BOLETIM,1,0,0,1,0,0
P4,Corredor Av. Vicente Monteggia,polyline,0.7,50.0,sim,512225,20110407,09:30,QUINTA-FEIRA,-30.107367000000000,-51.221966000000002,AV VICENTE MONTEGGIA,,BOLETIM,0,0,0,1,0,0
P5,Joao Salomoni x Av. da Cavalhada,point,56.1,100.0,sim,512329,20110407,13:30,QUINTA-FEIRA,-30.112608000000002,-51.226627000000001,AV CAVALHADA,,BOLETIM,0,0,0,0,0,0
P4,Corredor Av. Vicente Monteggia,polyline,7.1,50.0,sim,512160,20110410,13:43,DOMINGO,-30.095172999999999,-51.225712999999999,R DR CAMPOS VELHO,AV VICENTE MONTEGGIA,BOLETIM,1,0,0,1,0,0
P4,Corredor Av. Vicente Monteggia,polyline,6.2,50.0,sim,512178,20110411,11:00,SEGUNDA-FEIRA,-30.110460650000000,-51.218919000000000,AV VICENTE MONTEGGIA,,BOLETIM,1,0,0,1,0,0
P4,Corredor Av. Vicente Monteggia,polyline,7.1,50.0,sim,513073,20110414,20:00,QUINTA-FEIRA,-30.095172999999999,-51.225712999999999,AV VICENTE MONTEGGIA,AV NONOAI,BOLETIM,0,0,0,0,0,0
P4,Corredor Av. Vicente Monteggia,polyline,2.5,50.0,sim,512353,20110414,19:20,QUINTA-FEIRA,-30.101089999999999,-51.224392999999999,AV VICENTE MONTEGGIA,,BOLETIM,1,0,0,1,0,0
P4,Corredor Av. Vicente Monteggia,polyline,3.3,50.0,sim,513095,20110415,10:15,SEXTA-FEIRA,-30.096316999999999,-51.225040999999997,AV VICENTE MONTEGGIA,,BOLETIM,0,0,0,0,0,0
P4,Corredor Av. Vicente Monteggia,polyline,3.8,50.0,sim,513098,20110415,15:34,SEXTA-FEIRA,-30.097992000000001,-51.224957000000003,AV VICENTE MONTEGGIA,,BOLETIM,0,0,0,0,0,0
P4,Corredor Av. Vicente Monteggia,polyline,0.7,50.0,sim,512583,20110418,07:40,SEGUNDA-FEIRA,-30.113249000000000,-51.213138000000001,AV VICENTE MONTEGGIA,,BOLETIM,2,0,0,1,0,0
P5,Joao Salomoni x Av. da Cavalhada,point,6.4,100.0,sim,513360,20110424,16:35,DOMINGO,-30.113044750000000,-51.226481000000000,ESTR JOAO SALOMONI,AV CAVALHADA,BOLETIM,0,0,0,0,0,0
P3,Acesso Av. Vicente Monteggia via Joao Salomoni/Rodrigues,point,72.0,100.0,sim,512859,20110424,09:20,DOMINGO,-30.115414040000001,-51.213222000000002,ESTR JOAO SALOMONI,,BOLETIM,1,0,0,1,0,0
P4,Corredor Av. Vicente Monteggia,polyline,67.4,50.0,nao_contexto,512859,20110424,09:20,DOMINGO,-30.115414040000001,-51.213222000000002,ESTR JOAO SALOMONI,,BOLETIM,1,0,0,1,0,0
P4,Corredor Av. Vicente Monteggia,polyline,12.5,50.0,sim,513554,20110427,14:23,QUARTA-FEIRA,-30.095101199999998,-51.225453999999999,AV NONOAI,,BOLETIM,0,0,0,0,0,0
P4,Corredor Av. Vicente Monteggia,polyline,5.4,50.0,sim,513641,20110429,22:37,SEXTA-FEIRA,-30.103908120000000,-51.222997999999997,AV VICENTE MONTEGGIA,,BOLETIM,1,0,0,1,0,0
P4,Corredor Av. Vicente Monteggia,polyline,2.4,50.0,sim,513806,20110503,07:10,TERCA-FEIRA,-30.109073570000000,-51.220059999999997,AV VICENTE MONTEGGIA,,BOLETIM,1,0,0,1,0,0
P4,Corredor Av. Vicente Monteggia,polyline,0.5,50.0,sim,513861,20110504,18:50,QUARTA-FEIRA,-30.097041510000000,-51.224643999999998,AV VICENTE MONTEGGIA,,BOLETIM,1,0,0,1,0,0
P4,Corredor Av. Vicente Monteggia,polyline,2.1,50.0,sim,514043,20110504,13:20,QUARTA-FEIRA,-30.100792999999999,-51.224783000000002,AV OTTO NIEMEYER,AV VICENTE MONTEGGIA,BOLETIM,0,0,0,0,0,0
P4,Corredor Av. Vicente Monteggia,polyline,14.4,50.0,sim,513981,20110505,09:40,QUINTA-FEIRA,-30.095066679999999,-51.225630000000002,AV NONOAI,,BOLETIM,1,0,0,0,0,1
P5,Joao Salomoni x Av. da Cavalhada,point,78.9,100.0,sim,514228,20110505,19:15,QUINTA-FEIRA,-30.112406000000000,-51.226672000000001,AV CAVALHADA,,BOLETIM,0,0,0,0,0,0
P5,Joao Salomoni x Av. da Cavalhada,point,178.9,100.0,nao_contexto,513988,20110505,13:50,QUINTA-FEIRA,-30.114668309999999,-51.226083000000003,AV CAVALHADA,,BOLETIM,2,0,0,0,0,0
P4,Corredor Av. Vicente Monteggia,polyline,4.3,50.0,sim,514190,20110507,09:30,SABADO,-30.099332109999999,-51.225333999999997,AV VICENTE MONTEGGIA,,BOLETIM,0,0,0,0,0,0
P5,Joao Salomoni x Av. da Cavalhada,point,13.9,100.0,sim,514346,20110509,10:50,SEGUNDA-FEIRA,-30.113049820000001,-51.226367560000000,ESTR JOAO SALAMONI,AV CAVALHADA,BOLETIM,0,0,0,0,0,0
P4,Corredor Av. Vicente Monteggia,polyline,6.2,50.0,sim,514477,20110512,19:10,QUINTA-FEIRA,-30.103105530000001,-51.223170000000003,AV VICENTE MONTEGGIA,,BOLETIM,2,0,0,1,0,0
P5,Joao Salomoni x Av. da Cavalhada,point,6.4,100.0,sim,515174,20110512,06:30,QUINTA-FEIRA,-30.113044750000000,-51.226481000000000,ESTR JOAO SALOMONI,AV CAVALHADA,BOLETIM,0,0,0,0,0,0
P5,Joao Salomoni x Av. da Cavalhada,point,128.9,100.0,nao_contexto,514645,20110512,18:00,QUINTA-FEIRA,-30.114236999999999,-51.226239999999997,AV CAVALHADA,,BOLETIM,0,0,0,0,0,1
P5,Joao Salomoni x Av. da Cavalhada,point,6.4,100.0,sim,514713,20110513,18:25,SEXTA-FEIRA,-30.113044750000000,-51.226481000000000,ESTR JOAO SALOMONI,AV CAVALHADA,BOLETIM,0,0,0,0,0,0
P4,Corredor Av. Vicente Monteggia,polyline,7.1,50.0,sim,514729,20110514,12:30,SABADO,-30.095172999999999,-51.225712999999999,R DR CAMPOS VELHO,AV CAVALHADA,BOLETIM,0,0,0,0,0,0
P4,Corredor Av. Vicente Monteggia,polyline,7.4,50.0,sim,515769,20110515,19:30,DOMINGO,-30.110289280000000,-51.219056000000002,AV VICENTE MONTEGGIA,,BOLETIM,4,0,0,0,0,0
P8,Estr. Costa Gama x Estr. Afonso Lourenco Mariante,point,26.5,100.0,sim,514759,20110517,09:10,TERCA-FEIRA,-30.115379999999998,-51.177219000000001,ESTR COSTA GAMA,,BOLETIM,1,0,0,1,0,0
P4,Corredor Av. Vicente Monteggia,polyline,5.0,50.0,sim,515001,20110519,17:00,QUINTA-FEIRA,-30.100862880000001,-51.224601999999997,AV VICENTE MONTEGGIA,,BOLETIM,1,0,0,1,0,0
P5,Joao Salomoni x Av. da Cavalhada,point,13.9,100.0,sim,515288,20110521,10:10,SABADO,-30.113049820000001,-51.226367560000000,ESTR JOAO SALAMONI,AV CAVALHADA,BOLETIM,0,0,0,0,0,0
P4,Corredor Av. Vicente Monteggia,polyline,2.1,50.0,sim,515351,20110524,08:45,TERCA-FEIRA,-30.100792999999999,-51.224783000000002,AV OTTO NIEMEYER,AV VICENTE MONTEGGIA,BOLETIM,0,0,0,0,0,0
P4,Corredor Av. Vicente Monteggia,polyline,13.7,50.0,sim,515864,20110527,00:25,SEXTA-FEIRA,-30.095102950000001,-51.225700000000003,AV NONOAI,,BOLETIM,0,0,0,0,0,0
P5,Joao Salomoni x Av. da Cavalhada,point,4.0,100.0,sim,515635,20110527,07:05,SEXTA-FEIRA,-30.113088410000000,-51.226539000000002,AV CAVALHADA,,BOLETIM,0,0,0,0,0,1
P5,Joao Salomoni x Av. da Cavalhada,point,4.0,100.0,sim,515588,20110527,15:20,SEXTA-FEIRA,-30.113088410000000,-51.226539000000002,AV CAVALHADA,,BOLETIM,1,0,0,1,0,0
P3,Acesso Av. Vicente Monteggia via Joao Salomoni/Rodrigues,point,168.5,100.0,nao_contexto,515713,20110529,12:45,DOMINGO,-30.113992509999999,-51.212662999999999,AV VICENTE MONTEGGIA,,BOLETIM,1,0,0,0,1,0
P4,Corredor Av. Vicente Monteggia,polyline,4.9,50.0,sim,515713,20110529,12:45,DOMINGO,-30.113992509999999,-51.212662999999999,AV VICENTE MONTEGGIA,,BOLETIM,1,0,0,0,1,0
P4,Corredor Av. Vicente Monteggia,polyline,5.5,50.0,sim,516073,20110603,09:10,SEXTA-FEIRA,-30.103728860000000,-51.223149999999997,AV VICENTE MONTEGGIA,,BOLETIM,0,0,0,0,0,0
P6,Rota Florestan Fernandes / Estrada Kanazawa,polyline,1.6,50.0,sim,516097,20110603,21:00,SEXTA-FEIRA,-30.117538000000000,-51.184246999999999,AV BELEM VELHO,ESTR KANAZAWA,BOLETIM,1,0,0,1,0,0
P4,Corredor Av. Vicente Monteggia,polyline,3.2,50.0,sim,516205,20110606,14:00,SEGUNDA-FEIRA,-30.097559159999999,-51.224617000000002,AV VICENTE MONTEGGIA,,BOLETIM,1,0,0,1,0,0
P4,Corredor Av. Vicente Monteggia,polyline,6.2,50.0,sim,516203,20110606,14:00,SEGUNDA-FEIRA,-30.105252680000000,-51.222631999999997,AV VICENTE MONTEGGIA,,BOLETIM,1,0,0,1,0,0
P8,Estr. Costa Gama x Estr. Afonso Lourenco Mariante,point,133.3,100.0,nao_contexto,516220,20110606,08:45,SEGUNDA-FEIRA,-30.115794999999999,-51.175879999999999,ESTR AFONSO LOURENCO MARIANTE,,BOLETIM,0,0,0,0,0,0
P5,Joao Salomoni x Av. da Cavalhada,point,45.3,100.0,sim,516684,20110609,12:00,QUINTA-FEIRA,-30.113498000000000,-51.226398000000003,AV CAVALHADA,,BOLETIM,1,0,0,1,0,0
P5,Joao Salomoni x Av. da Cavalhada,point,137.4,100.0,nao_contexto,516551,20110609,13:30,QUINTA-FEIRA,-30.114303230000001,-51.226176000000002,AV FAMILIA GONCALVES CARNEIRO,AV CAVALHADA,BOLETIM,0,0,0,0,0,0
P4,Corredor Av. Vicente Monteggia,polyline,96.0,50.0,nao_contexto,516658,20110611,17:15,SABADO,-30.094805999999998,-51.226725000000002,R DR CAMPOS VELHO,,BOLETIM,0,0,0,0,0,0
P4,Corredor Av. Vicente Monteggia,polyline,2.6,50.0,sim,516606,20110611,18:55,SABADO,-30.103624000000000,-51.223140000000001,AV VICENTE MONTEGGIA,,BOLETIM,1,0,0,1,0,0
P6,Rota Florestan Fernandes / Estrada Kanazawa,polyline,7.6,50.0,sim,516675,20110612,11:00,DOMINGO,-30.117540000000002,-51.184117000000001,R DR VERGARA,,BOLETIM,0,0,0,0,0,0
P4,Corredor Av. Vicente Monteggia,polyline,7.1,50.0,sim,517137,20110617,07:40,SEXTA-FEIRA,-30.095172949999998,-51.225712999999999,AV VICENTE MONTEGGIA,AV CAVALHADA,BOLETIM,0,0,0,0,0,0
P4,Corredor Av. Vicente Monteggia,polyline,3.7,50.0,sim,517102,20110617,17:30,SEXTA-FEIRA,-30.096128000000000,-51.225147999999997,AV VICENTE MONTEGGIA,,BOLETIM,0,0,0,1,0,0
P8,Estr. Costa Gama x Estr. Afonso Lourenco Mariante,point,37.7,100.0,sim,517103,20110617,18:00,SEXTA-FEIRA,-30.115476999999998,-51.177258999999999,ESTR COSTA GAMA,,BOLETIM,1,0,0,1,0,0
P4,Corredor Av. Vicente Monteggia,polyline,7.4,50.0,sim,517153,20110618,14:40,SABADO,-30.110289280000000,-51.219056000000002,AV VICENTE MONTEGGIA,,BOLETIM,1,0,0,1,0,0
P8,Estr. Costa Gama x Estr. Afonso Lourenco Mariante,point,11.2,100.0,sim,517289,20110619,19:10,DOMINGO,-30.115079229999999,-51.177073999999998,ESTR COSTA GAMA,,BOLETIM,0,0,0,0,0,0
P4,Corredor Av. Vicente Monteggia,polyline,7.1,50.0,sim,517297,20110620,06:00,SEGUNDA-FEIRA,-30.095172999999999,-51.225712999999999,R DR CAMPOS VELHO,AV CAVALHADA,BOLETIM,0,0,0,0,0,0
P4,Corredor Av. Vicente Monteggia,polyline,8.9,50.0,sim,517503,20110622,14:50,QUARTA-FEIRA,-30.106607589999999,-51.222391000000002,AV VICENTE MONTEGGIA,,BOLETIM,0,0,0,0,0,0
P4,Corredor Av. Vicente Monteggia,polyline,3.2,50.0,sim,517642,20110626,17:20,DOMINGO,-30.108794000000000,-51.220410000000001,AV VICENTE MONTEGGIA,,BOLETIM,1,0,0,0,0,0
P8,Estr. Costa Gama x Estr. Afonso Lourenco Mariante,point,113.0,100.0,nao_contexto,517638,20110626,16:20,DOMINGO,-30.115687000000001,-51.176051999999999,ESTR AFONSO LOURENCO MARIANTE,,BOLETIM,0,0,0,0,0,0
P4,Corredor Av. Vicente Monteggia,polyline,59.4,50.0,nao_contexto,517772,20110629,11:30,QUARTA-FEIRA,-30.094840999999999,-51.225070000000002,AV NONOAI,,BOLETIM,0,0,0,0,0,0
P4,Corredor Av. Vicente Monteggia,polyline,4.7,50.0,sim,517804,20110629,19:00,QUARTA-FEIRA,-30.095149280000001,-51.225779000000003,AV CAVALHADA,,BOLETIM,0,0,0,0,0,0
P4,Corredor Av. Vicente Monteggia,polyline,0.5,50.0,sim,517817,20110630,08:26,QUINTA-FEIRA,-30.097041510000000,-51.224643999999998,AV VICENTE MONTEGGIA,,BOLETIM,0,0,0,0,0,0
P4,Corredor Av. Vicente Monteggia,polyline,3.1,50.0,sim,517909,20110701,13:30,SEXTA-FEIRA,-30.107299999999999,-51.222088999999997,R AMAPA,AV VICENTE MONTEGGIA,BOLETIM,0,0,0,0,0,0
P4,Corredor Av. Vicente Monteggia,polyline,2.1,50.0,sim,518302,20110706,07:40,QUARTA-FEIRA,-30.100792999999999,-51.224783000000002,AV OTTO NIEMEYER,AV VICENTE MONTEGGIA,BOLETIM,0,0,0,0,0,0
P4,Corredor Av. Vicente Monteggia,polyline,95.3,50.0,nao_contexto,518404,20110708,15:30,SEXTA-FEIRA,-30.107510000000001,-51.220421999999999,R AMAPA,,BOLETIM,0,0,0,0,0,0
P4,Corredor Av. Vicente Monteggia,polyline,7.1,50.0,sim,518714,20110714,00:50,QUINTA-FEIRA,-30.095172999999999,-51.225712999999999,R DR CAMPOS VELHO,AV CAVALHADA,BOLETIM,0,0,0,0,0,0
P5,Joao Salomoni x Av. da Cavalhada,point,78.9,100.0,sim,519175,20110719,19:58,TERCA-FEIRA,-30.112406000000000,-51.226672000000001,AV CAVALHADA,,BOLETIM,1,0,0,0,0,0
P6,Rota Florestan Fernandes / Estrada Kanazawa,polyline,1.6,50.0,sim,519235,20110721,18:50,QUINTA-FEIRA,-30.117538000000000,-51.184246999999999,AV BELEM VELHO,ESTR KANAZAWA,BOLETIM,0,0,0,0,0,0
P6,Rota Florestan Fernandes / Estrada Kanazawa,polyline,1.6,50.0,sim,519236,20110721,18:50,QUINTA-FEIRA,-30.117538000000000,-51.184246999999999,AV BELEM VELHO,ESTR KANAZAWA,BOLETIM,0,0,0,0,0,0
P6,Rota Florestan Fernandes / Estrada Kanazawa,polyline,1.6,50.0,sim,519237,20110721,18:50,QUINTA-FEIRA,-30.117538000000000,-51.184246999999999,AV BELEM VELHO,ESTR KANAZAWA,BOLETIM,0,0,0,0,0,0
P4,Corredor Av. Vicente Monteggia,polyline,7.4,50.0,sim,519287,20110722,17:45,SEXTA-FEIRA,-30.110289280000000,-51.219056000000002,AV VICENTE MONTEGGIA,,BOLETIM,1,0,0,0,0,0
P9,Entroncamento Rua Santuario x Av. Oscar Pereira,point,64.8,100.0,sim,519495,20110725,08:30,SEGUNDA-FEIRA,-30.096214849999999,-51.177835999999999,AV PROF OSCAR PEREIRA,,BOLETIM,1,0,0,1,0,0
P8,Estr. Costa Gama x Estr. Afonso Lourenco Mariante,point,0.6,100.0,sim,519453,20110725,07:35,SEGUNDA-FEIRA,-30.115180840000001,-51.177064000000001,ESTR COSTA GAMA,ESTR AFONSO LOURENCO MARIANTE,BOLETIM,0,0,0,0,0,0
P4,Corredor Av. Vicente Monteggia,polyline,68.6,50.0,nao_contexto,519681,20110726,19:00,TERCA-FEIRA,-30.095649000000002,-51.226277000000003,AV CAVALHADA,,BOLETIM,0,0,0,0,0,0
P4,Corredor Av. Vicente Monteggia,polyline,2.6,50.0,sim,519471,20110726,19:15,TERCA-FEIRA,-30.103624000000000,-51.223140000000001,AV VICENTE MONTEGGIA,,BOLETIM,1,0,0,1,0,0
P5,Joao Salomoni x Av. da Cavalhada,point,43.2,100.0,sim,519747,20110726,12:10,TERCA-FEIRA,-30.113479000000002,-51.226401000000003,AV CAVALHADA,,BOLETIM,0,0,0,0,0,0
P4,Corredor Av. Vicente Monteggia,polyline,7.1,50.0,sim,520100,20110729,03:50,SEXTA-FEIRA,-30.095172999999999,-51.225712999999999,R DR CAMPOS VELHO,AV NONOAI,BOLETIM,0,0,0,0,0,0
P5,Joao Salomoni x Av. da Cavalhada,point,195.6,100.0,nao_contexto,519711,20110801,17:00,SEGUNDA-FEIRA,-30.114701000000000,-51.227342999999998,AV FAMILIA GONCALVES CARNEIRO,,BOLETIM,1,0,0,0,0,0
P5,Joao Salomoni x Av. da Cavalhada,point,78.9,100.0,sim,520210,20110803,07:15,QUARTA-FEIRA,-30.112406000000000,-51.226672000000001,AV CAVALHADA,,BOLETIM,0,0,0,0,0,0
P4,Corredor Av. Vicente Monteggia,polyline,3.1,50.0,sim,519977,20110803,08:40,QUARTA-FEIRA,-30.112521999999998,-51.216600999999997,AV VICENTE MONTEGGIA,,BOLETIM,1,0,0,1,0,0
P8,Estr. Costa Gama x Estr. Afonso Lourenco Mariante,point,15.7,100.0,sim,519979,20110803,09:00,QUARTA-FEIRA,-30.115292000000000,-51.177169999999997,ESTR COSTA GAMA,,BOLETIM,1,0,0,1,0,0
P4,Corredor Av. Vicente Monteggia,polyline,0.5,50.0,sim,520257,20110807,02:14,DOMINGO,-30.097041510000000,-51.224643999999998,AV VICENTE MONTEGGIA,,BOLETIM,1,0,0,0,0,0
P4,Corredor Av. Vicente Monteggia,polyline,2.1,50.0,sim,520550,20110807,06:05,DOMINGO,-30.100792999999999,-51.224783000000002,AV OTTO NIEMEYER,AV VICENTE MONTEGGIA,BOLETIM,0,0,0,0,0,0
P4,Corredor Av. Vicente Monteggia,polyline,5.5,50.0,sim,520648,20110810,16:00,QUARTA-FEIRA,-30.103728860000000,-51.223149999999997,AV VICENTE MONTEGGIA,,BOLETIM,0,0,0,0,0,0
P5,Joao Salomoni x Av. da Cavalhada,point,195.6,100.0,nao_contexto,520437,20110810,15:39,QUARTA-FEIRA,-30.114701000000000,-51.227342999999998,AV FAMILIA GONCALVES CARNEIRO,,BOLETIM,1,0,0,1,0,0
P5,Joao Salomoni x Av. da Cavalhada,point,13.9,100.0,sim,520864,20110812,13:30,SEXTA-FEIRA,-30.113049820000001,-51.226367560000000,ESTR JOAO SALAMONI,AV CAVALHADA,BOLETIM,0,0,0,0,0,0
P4,Corredor Av. Vicente Monteggia,polyline,7.1,50.0,sim,521201,20110817,21:30,QUARTA-FEIRA,-30.095172999999999,-51.225712999999999,R DR CAMPOS VELHO,AV CAVALHADA,BOLETIM,0,0,0,0,0,0
P2,Confluencia Cristiano Kraemer x Belem Velho x Monte Cristo,point,129.4,100.0,nao_contexto,521285,20110818,14:30,QUINTA-FEIRA,-30.117811490000001,-51.207673999999997,AV MONTE CRISTO,,BOLETIM,0,0,0,0,0,0
P4,Corredor Av. Vicente Monteggia,polyline,86.3,50.0,nao_contexto,521452,20110819,20:30,SEXTA-FEIRA,-30.100674999999999,-51.225861000000002,AV OTTO NIEMEYER,,BOLETIM,0,0,0,0,0,0
P4,Corredor Av. Vicente Monteggia,polyline,4.7,50.0,sim,521756,20110825,12:15,QUINTA-FEIRA,-30.095654000000000,-51.225416000000003,AV VICENTE MONTEGGIA,,BOLETIM,0,0,0,0,0,0
P5,Joao Salomoni x Av. da Cavalhada,point,4.0,100.0,sim,521803,20110825,15:10,QUINTA-FEIRA,-30.113088410000000,-51.226539000000002,AV CAVALHADA,,BOLETIM,0,0,0,0,0,0
P4,Corredor Av. Vicente Monteggia,polyline,4.5,50.0,sim,521844,20110827,04:35,SABADO,-30.097662000000000,-51.224755999999999,AV VICENTE MONTEGGIA,,BOLETIM,1,0,0,0,0,0
P4,Corredor Av. Vicente Monteggia,polyline,6.2,50.0,sim,522259,20110901,07:15,QUINTA-FEIRA,-30.105252680000000,-51.222631999999997,AV VICENTE MONTEGGIA,,BOLETIM,0,0,0,0,0,0
P4,Corredor Av. Vicente Monteggia,polyline,68.6,50.0,nao_contexto,522273,20110902,11:10,SEXTA-FEIRA,-30.095649000000002,-51.226277000000003,AV CAVALHADA,,BOLETIM,1,0,0,1,0,0
P4,Corredor Av. Vicente Monteggia,polyline,5.2,50.0,sim,522372,20110905,11:50,SEGUNDA-FEIRA,-30.103334810000000,-51.223125000000003,AV VICENTE MONTEGGIA,,BOLETIM,1,0,0,0,0,0
P6,Rota Florestan Fernandes / Estrada Kanazawa,polyline,1.6,50.0,sim,525942,20110907,22:30,QUARTA-FEIRA,-30.117538000000000,-51.184246999999999,ESTR KANAZAWA,R DR VERGARA,BOLETIM,1,0,0,1,0,0
P8,Estr. Costa Gama x Estr. Afonso Lourenco Mariante,point,28.2,100.0,sim,522916,20110911,04:50,DOMINGO,-30.114970000000000,-51.176906000000002,ESTR COSTA GAMA,,BOLETIM,0,0,0,0,0,0
P2,Confluencia Cristiano Kraemer x Belem Velho x Monte Cristo,point,90.5,100.0,sim,522911,20110912,19:00,SEGUNDA-FEIRA,-30.117784879999999,-51.207264000000002,ESTR CRISTIANO KRAEMER,,BOLETIM,1,0,0,0,0,0
P4,Corredor Av. Vicente Monteggia,polyline,9.5,50.0,sim,523291,20110915,14:15,QUINTA-FEIRA,-30.095102000000001,-51.225766999999998,R DR CAMPOS VELHO,,BOLETIM,0,0,0,0,0,0
P4,Corredor Av. Vicente Monteggia,polyline,5.2,50.0,sim,523183,20110915,18:00,QUINTA-FEIRA,-30.103334810000000,-51.223125000000003,AV VICENTE MONTEGGIA,,BOLETIM,2,0,0,2,0,0
P4,Corredor Av. Vicente Monteggia,polyline,7.1,50.0,sim,523377,20110917,08:00,SABADO,-30.095172999999999,-51.225712999999999,R DR CAMPOS VELHO,AV NONOAI,BOLETIM,0,0,0,0,0,1
P4,Corredor Av. Vicente Monteggia,polyline,1.6,50.0,sim,523552,20110919,15:40,SEGUNDA-FEIRA,-30.103107999999999,-51.223218000000003,AV VICENTE MONTEGGIA,,BOLETIM,0,0,0,0,0,0
P4,Corredor Av. Vicente Monteggia,polyline,7.4,50.0,sim,523478,20110919,20:30,SEGUNDA-FEIRA,-30.110289280000000,-51.219056000000002,AV VICENTE MONTEGGIA,,BOLETIM,1,0,0,0,0,0
P4,Corredor Av. Vicente Monteggia,polyline,4.8,50.0,sim,523569,20110921,08:25,QUARTA-FEIRA,-30.099188999999999,-51.225453000000002,AV VICENTE MONTEGGIA,,BOLETIM,2,0,0,1,0,0
P4,Corredor Av. Vicente Monteggia,polyline,59.4,50.0,nao_contexto,523864,20110926,07:40,SEGUNDA-FEIRA,-30.094840999999999,-51.225070000000002,AV NONOAI,,BOLETIM,0,0,0,0,0,0
P5,Joao Salomoni x Av. da Cavalhada,point,109.6,100.0,nao_contexto,523898,20110926,19:10,SEGUNDA-FEIRA,-30.112139700000000,-51.226754999999997,AV CAVALHADA,,BOLETIM,0,0,0,0,0,0
P7,Estr. 3 Meninas x Estr. Costa Gama,point,69.8,100.0,sim,523911,20110927,07:20,TERCA-FEIRA,-30.134326000000001,-51.175511000000000,ESTR COSTA GAMA,,BOLETIM,0,0,0,0,1,0
P9,Entroncamento Rua Santuario x Av. Oscar Pereira,point,198.5,100.0,nao_contexto,526896,20110928,08:20,QUARTA-FEIRA,-30.097953000000000,-51.176526000000003,AV PROF OSCAR PEREIRA,,BOLETIM,2,0,0,0,0,0
P8,Estr. Costa Gama x Estr. Afonso Lourenco Mariante,point,26.5,100.0,sim,524007,20110928,11:10,QUARTA-FEIRA,-30.115379999999998,-51.177219000000001,ESTR COSTA GAMA,,BOLETIM,0,0,0,1,0,0
P4,Corredor Av. Vicente Monteggia,polyline,3.7,50.0,sim,524268,20110930,16:45,SEXTA-FEIRA,-30.096128000000000,-51.225147999999997,AV VICENTE MONTEGGIA,,BOLETIM,0,0,0,0,0,0
P1,Rotula Estr. 3 Meninas x Estr. Cristiano Kraemer,point,168.1,100.0,nao_contexto,525828,20111001,17:30,SABADO,-30.117453999999999,-51.204630000000002,ESTR CRISTIANO KRAEMER,,BOLETIM,0,0,0,0,0,0
P2,Confluencia Cristiano Kraemer x Belem Velho x Monte Cristo,point,166.8,100.0,nao_contexto,525828,20111001,17:30,SABADO,-30.117453999999999,-51.204630000000002,ESTR CRISTIANO KRAEMER,,BOLETIM,0,0,0,0,0,0
P8,Estr. Costa Gama x Estr. Afonso Lourenco Mariante,point,0.6,100.0,sim,524438,20111004,15:00,TERCA-FEIRA,-30.115180840000001,-51.177064000000001,ESTR COSTA GAMA,ESTR AFONSO LOURENCO MARIANTE,BOLETIM,0,0,0,0,0,0
P4,Corredor Av. Vicente Monteggia,polyline,26.5,50.0,sim,524710,20111008,12:00,SABADO,-30.094951540000000,-51.225459000000001,AV NONOAI,,BOLETIM,0,0,0,0,0,0
P8,Estr. Costa Gama x Estr. Afonso Lourenco Mariante,point,174.8,100.0,nao_contexto,524770,20111009,01:00,DOMINGO,-30.115974000000001,-51.175500999999997,ESTR AFONSO LOURENCO MARIANTE,,BOLETIM,2,0,0,1,0,0
P2,Confluencia Cristiano Kraemer x Belem Velho x Monte Cristo,point,23.1,100.0,sim,524733,20111009,12:18,DOMINGO,-30.117736940000000,-51.206485000000001,ESTR CRISTIANO KRAEMER,,BOLETIM,0,0,0,0,0,0
P4,Corredor Av. Vicente Monteggia,polyline,2.1,50.0,sim,524882,20111010,19:20,SEGUNDA-FEIRA,-30.100792999999999,-51.224783000000002,AV OTTO NIEMEYER,AV VICENTE MONTEGGIA,BOLETIM,0,0,0,0,0,0
P4,Corredor Av. Vicente Monteggia,polyline,12.5,50.0,sim,525034,20111012,15:15,QUARTA-FEIRA,-30.095101199999998,-51.225453999999999,AV NONOAI,,BOLETIM,1,0,0,1,0,0
P8,Estr. Costa Gama x Estr. Afonso Lourenco Mariante,point,0.6,100.0,sim,525031,20111013,11:40,QUINTA-FEIRA,-30.115180840000001,-51.177064000000001,ESTR COSTA GAMA,ESTR AFONSO LOURENCO MARIANTE,BOLETIM,0,0,0,0,0,0
P4,Corredor Av. Vicente Monteggia,polyline,1.3,50.0,sim,525319,20111017,18:30,SEGUNDA-FEIRA,-30.102253999999999,-51.223455000000001,AV VICENTE MONTEGGIA,,BOLETIM,2,0,0,1,0,0
P5,Joao Salomoni x Av. da Cavalhada,point,78.9,100.0,sim,525297,20111017,18:35,SEGUNDA-FEIRA,-30.112406000000000,-51.226672000000001,AV CAVALHADA,,BOLETIM,0,0,0,0,0,0
P4,Corredor Av. Vicente Monteggia,polyline,7.4,50.0,sim,525379,20111019,08:20,QUARTA-FEIRA,-30.110289280000000,-51.219056000000002,AV VICENTE MONTEGGIA,,BOLETIM,1,0,0,1,0,0
P4,Corredor Av. Vicente Monteggia,polyline,7.1,50.0,sim,525636,20111020,21:15,QUINTA-FEIRA,-30.095172949999998,-51.225712999999999,AV VICENTE MONTEGGIA,AV CAVALHADA,BOLETIM,0,0,0,1,0,0
P4,Corredor Av. Vicente Monteggia,polyline,2.1,50.0,sim,526100,20111026,08:50,QUARTA-FEIRA,-30.100792999999999,-51.224783000000002,AV OTTO NIEMEYER,AV VICENTE MONTEGGIA,BOLETIM,0,0,0,0,0,0
P4,Corredor Av. Vicente Monteggia,polyline,4.7,50.0,sim,526183,20111027,18:05,QUINTA-FEIRA,-30.095149280000001,-51.225779000000003,AV CAVALHADA,,BOLETIM,0,0,0,0,0,0
P4,Corredor Av. Vicente Monteggia,polyline,6.7,50.0,sim,526102,20111028,13:00,SEXTA-FEIRA,-30.103685760000001,-51.223030000000001,AV VICENTE MONTEGGIA,,BOLETIM,0,0,0,0,0,0
P4,Corredor Av. Vicente Monteggia,polyline,2.0,50.0,sim,526112,20111028,16:06,SEXTA-FEIRA,-30.107856999999999,-51.221392000000002,AV VICENTE MONTEGGIA,,BOLETIM,0,0,0,1,0,0
P4,Corredor Av. Vicente Monteggia,polyline,1.3,50.0,sim,526133,20111029,11:15,SABADO,-30.111369000000000,-51.218229000000001,AV VICENTE MONTEGGIA,,BOLETIM,0,0,0,0,0,0
P4,Corredor Av. Vicente Monteggia,polyline,7.1,50.0,sim,526320,20111031,17:55,SEGUNDA-FEIRA,-30.095172999999999,-51.225712999999999,R DR CAMPOS VELHO,AV CAVALHADA,BOLETIM,0,0,0,0,0,0
P2,Confluencia Cristiano Kraemer x Belem Velho x Monte Cristo,point,189.0,100.0,nao_contexto,526480,20111101,20:45,TERCA-FEIRA,-30.116852999999999,-51.208146999999997,AV RODRIGUES DA FONSECA,,BOLETIM,3,0,0,0,0,1
P4,Corredor Av. Vicente Monteggia,polyline,7.1,50.0,sim,526720,20111103,21:55,QUINTA-FEIRA,-30.095172999999999,-51.225712999999999,R DR CAMPOS VELHO,AV CAVALHADA,BOLETIM,0,0,0,0,0,0
P3,Acesso Av. Vicente Monteggia via Joao Salomoni/Rodrigues,point,68.0,100.0,sim,526861,20111105,07:40,SABADO,-30.115369619999999,-51.213171000000003,ESTR JOAO SALOMONI,R MARQUES DO MARICA,BOLETIM,0,0,0,0,0,0
P4,Corredor Av. Vicente Monteggia,polyline,63.9,50.0,nao_contexto,526861,20111105,07:40,SABADO,-30.115369619999999,-51.213171000000003,ESTR JOAO SALOMONI,R MARQUES DO MARICA,BOLETIM,0,0,0,0,0,0
P8,Estr. Costa Gama x Estr. Afonso Lourenco Mariante,point,57.5,100.0,sim,527022,20111110,10:00,QUINTA-FEIRA,-30.114726000000001,-51.176783999999998,ESTR COSTA GAMA,,BOLETIM,1,0,0,0,0,0
P4,Corredor Av. Vicente Monteggia,polyline,14.4,50.0,sim,527364,20111114,14:50,SEGUNDA-FEIRA,-30.095066679999999,-51.225630000000002,AV NONOAI,,BOLETIM,1,0,0,1,0,0
P4,Corredor Av. Vicente Monteggia,polyline,7.4,50.0,sim,527422,20111116,12:15,QUARTA-FEIRA,-30.110289280000000,-51.219056000000002,AV VICENTE MONTEGGIA,,BOLETIM,0,0,0,0,0,0
P5,Joao Salomoni x Av. da Cavalhada,point,13.9,100.0,sim,527430,20111116,07:15,QUARTA-FEIRA,-30.113049820000001,-51.226367560000000,ESTR JOAO SALAMONI,AV CAVALHADA,BOLETIM,0,0,0,0,0,0
P4,Corredor Av. Vicente Monteggia,polyline,21.5,50.0,sim,527599,20111118,17:56,SEXTA-FEIRA,-30.095056039999999,-51.225375000000000,AV NONOAI,,BOLETIM,0,0,0,0,0,0
P4,Corredor Av. Vicente Monteggia,polyline,2.6,50.0,sim,527540,20111118,11:50,SEXTA-FEIRA,-30.112494000000002,-51.214857000000002,AV VICENTE MONTEGGIA,,BOLETIM,1,0,0,1,0,0
P4,Corredor Av. Vicente Monteggia,polyline,7.1,50.0,sim,527873,20111120,20:26,DOMINGO,-30.095172999999999,-51.225712999999999,R DR CAMPOS VELHO,AV NONOAI,BOLETIM,0,0,0,0,0,1
P4,Corredor Av. Vicente Monteggia,polyline,0.2,50.0,sim,527651,20111121,18:00,SEGUNDA-FEIRA,-30.102560000000000,-51.223368999999998,AV VICENTE MONTEGGIA,,BOLETIM,1,0,0,1,0,0
P1,Rotula Estr. 3 Meninas x Estr. Cristiano Kraemer,point,7.7,100.0,sim,535612,20111121,07:00,SEGUNDA-FEIRA,-30.118299000000000,-51.203268999999999,ESTR DAS TRES MENINAS,ESTR CRISTIANO KRAEMER,BOLETIM,1,0,0,0,0,0
P4,Corredor Av. Vicente Monteggia,polyline,7.1,50.0,sim,527890,20111123,18:15,QUARTA-FEIRA,-30.095172999999999,-51.225712999999999,R DR CAMPOS VELHO,AV NONOAI,BOLETIM,0,0,0,0,0,0
P2,Confluencia Cristiano Kraemer x Belem Velho x Monte Cristo,point,147.8,100.0,nao_contexto,528196,20111126,12:35,SABADO,-30.118639000000002,-51.207258000000003,R CATARINO ANDREATTA,,BOLETIM,0,0,0,0,0,0
P4,Corredor Av. Vicente Monteggia,polyline,3.8,50.0,sim,531724,20111128,09:30,SEGUNDA-FEIRA,-30.097992000000001,-51.224957000000003,AV VICENTE MONTEGGIA,,BOLETIM,1,0,0,1,0,0
P5,Joao Salomoni x Av. da Cavalhada,point,13.9,100.0,sim,528236,20111128,11:05,SEGUNDA-FEIRA,-30.113049820000001,-51.226367560000000,ESTR JOAO SALAMONI,AV CAVALHADA,BOLETIM,0,0,0,0,0,0
P4,Corredor Av. Vicente Monteggia,polyline,7.1,50.0,sim,528425,20111130,13:30,QUARTA-FEIRA,-30.095172999999999,-51.225712999999999,R DR CAMPOS VELHO,AV CAVALHADA,BOLETIM,0,0,0,0,0,0
P4,Corredor Av. Vicente Monteggia,polyline,3.8,50.0,sim,528429,20111130,16:20,QUARTA-FEIRA,-30.097992000000001,-51.224957000000003,AV VICENTE MONTEGGIA,,BOLETIM,0,0,0,0,0,0
P3,Acesso Av. Vicente Monteggia via Joao Salomoni/Rodrigues,point,0.9,100.0,sim,528440,20111130,01:30,QUARTA-FEIRA,-30.115501999999999,-51.212471000000001,ESTR JOAO SALOMONI,AV VICENTE MONTEGGIA,BOLETIM,0,0,0,0,0,0
P4,Corredor Av. Vicente Monteggia,polyline,4.6,50.0,sim,528440,20111130,01:30,QUARTA-FEIRA,-30.115501999999999,-51.212471000000001,ESTR JOAO SALOMONI,AV VICENTE MONTEGGIA,BOLETIM,0,0,0,0,0,0
P3,Acesso Av. Vicente Monteggia via Joao Salomoni/Rodrigues,point,10.4,100.0,sim,528432,20111130,14:25,QUARTA-FEIRA,-30.115548000000000,-51.212387000000000,AV RODRIGUES DA FONSECA,,BOLETIM,0,0,0,0,0,0
P4,Corredor Av. Vicente Monteggia,polyline,3.6,50.0,sim,528432,20111130,14:25,QUARTA-FEIRA,-30.115548000000000,-51.212387000000000,AV RODRIGUES DA FONSECA,,BOLETIM,0,0,0,0,0,0
P4,Corredor Av. Vicente Monteggia,polyline,7.0,50.0,sim,528494,20111201,09:00,QUINTA-FEIRA,-30.112408299999998,-51.215980000000002,AV VICENTE MONTEGGIA,,BOLETIM,1,0,0,1,0,0
P8,Estr. Costa Gama x Estr. Afonso Lourenco Mariante,point,198.8,100.0,nao_contexto,528757,20111204,17:15,DOMINGO,-30.113672000000001,-51.178179999999998,R DR SARMENTO BARATA,,BOLETIM,2,0,0,1,0,1
P4,Corredor Av. Vicente Monteggia,polyline,65.6,50.0,nao_contexto,528743,20111205,09:00,SEGUNDA-FEIRA,-30.100656010000002,-51.225645999999998,AV OTTO NIEMEYER,R PANAMBI,BOLETIM,0,0,0,0,0,0
P5,Joao Salomoni x Av. da Cavalhada,point,49.2,100.0,sim,529042,20111207,08:12,QUARTA-FEIRA,-30.113541000000001,-51.226455999999999,AV CAVALHADA,,BOLETIM,0,0,0,0,0,0
P4,Corredor Av. Vicente Monteggia,polyline,5.4,50.0,sim,529079,20111208,13:30,QUINTA-FEIRA,-30.095460920000001,-51.225383999999998,AV VICENTE MONTEGGIA,,BOLETIM,0,0,0,0,0,0
P8,Estr. Costa Gama x Estr. Afonso Lourenco Mariante,point,9.9,100.0,sim,529093,20111208,16:48,QUINTA-FEIRA,-30.115120000000001,-51.176994000000001,ESTR COSTA GAMA,,BOLETIM,0,0,0,0,0,0
P4,Corredor Av. Vicente Monteggia,polyline,3.5,50.0,sim,529250,20111209,09:35,SEXTA-FEIRA,-30.103387000000001,-51.223205000000000,AV VICENTE MONTEGGIA,,BOLETIM,0,0,0,0,0,0
P4,Corredor Av. Vicente Monteggia,polyline,4.7,50.0,sim,529107,20111210,13:25,SABADO,-30.095149280000001,-51.225779000000003,AV CAVALHADA,,BOLETIM,1,0,0,1,0,0
P4,Corredor Av. Vicente Monteggia,polyline,1.6,50.0,sim,529169,20111211,16:16,DOMINGO,-30.098989000000000,-51.225417999999998,AV VICENTE MONTEGGIA,,BOLETIM,0,0,0,0,0,0
P2,Confluencia Cristiano Kraemer x Belem Velho x Monte Cristo,point,20.6,100.0,sim,529164,20111211,17:10,DOMINGO,-30.117470000000001,-51.206547000000000,AV RODRIGUES DA FONSECA,,BOLETIM,1,0,0,0,0,0
P4,Corredor Av. Vicente Monteggia,polyline,37.0,50.0,sim,529318,20111212,18:45,SEGUNDA-FEIRA,-30.094997960000001,-51.225225999999999,AV NONOAI,,BOLETIM,0,0,0,0,0,0
P4,Corredor Av. Vicente Monteggia,polyline,0.7,50.0,sim,529726,20111214,09:40,QUARTA-FEIRA,-30.109517830000001,-51.219769999999997,AV VICENTE MONTEGGIA,R JORGE NAPOLEAO SILVA SOUZA,BOLETIM,0,0,0,0,0,0
P4,Corredor Av. Vicente Monteggia,polyline,6.8,50.0,sim,529434,20111215,01:40,QUINTA-FEIRA,-30.096130190000000,-51.225181999999997,AV VICENTE MONTEGGIA,,BOLETIM,1,0,0,1,0,0
P4,Corredor Av. Vicente Monteggia,polyline,2.0,50.0,sim,529550,20111215,14:50,QUINTA-FEIRA,-30.112490999999999,-51.215992999999997,AV VICENTE MONTEGGIA,,BOLETIM,0,0,0,0,0,0
P4,Corredor Av. Vicente Monteggia,polyline,7.1,50.0,sim,529648,20111216,14:55,SEXTA-FEIRA,-30.095172999999999,-51.225712999999999,AV NONOAI,R DR CAMPOS VELHO,BOLETIM,0,0,0,0,0,0
P4,Corredor Av. Vicente Monteggia,polyline,4.8,50.0,sim,529806,20111216,15:40,SEXTA-FEIRA,-30.110748999999998,-51.218715000000003,AV VICENTE MONTEGGIA,,BOLETIM,1,0,0,0,1,1
P8,Estr. Costa Gama x Estr. Afonso Lourenco Mariante,point,0.6,100.0,sim,529930,20111220,09:30,TERCA-FEIRA,-30.115180840000001,-51.177064000000001,ESTR AFONSO LOURENCO MARIANTE,ESTR COSTA GAMA,BOLETIM,0,0,0,0,0,0
P4,Corredor Av. Vicente Monteggia,polyline,6.5,50.0,sim,530145,20111224,16:15,SABADO,-30.110417720000001,-51.218955000000001,AV VICENTE MONTEGGIA,,BOLETIM,4,0,0,0,0,0
P3,Acesso Av. Vicente Monteggia via Joao Salomoni/Rodrigues,point,101.8,100.0,nao_contexto,530304,20111224,12:05,SABADO,-30.114585000000002,-51.212516000000001,AV VICENTE MONTEGGIA,,BOLETIM,0,0,0,0,0,0
P4,Corredor Av. Vicente Monteggia,polyline,2.9,50.0,sim,530304,20111224,12:05,SABADO,-30.114585000000002,-51.212516000000001,AV VICENTE MONTEGGIA,,BOLETIM,0,0,0,0,0,0
P4,Corredor Av. Vicente Monteggia,polyline,68.6,50.0,nao_contexto,530239,20111226,18:00,SEGUNDA-FEIRA,-30.095649000000002,-51.226277000000003,AV CAVALHADA,,BOLETIM,1,0,0,1,0,0
P4,Corredor Av. Vicente Monteggia,polyline,68.6,50.0,nao_contexto,530253,20111226,18:00,SEGUNDA-FEIRA,-30.095649000000002,-51.226277000000003,AV CAVALHADA,,BOLETIM,1,0,0,1,0,0
P3,Acesso Av. Vicente Monteggia via Joao Salomoni/Rodrigues,point,0.9,100.0,sim,546487,20111228,18:00,QUARTA-FEIRA,-30.115501999999999,-51.212471000000001,ESTR JOAO SALOMONI,AV VICENTE MONTEGGIA,BOLETIM,1,0,0,1,0,0
P4,Corredor Av. Vicente Monteggia,polyline,4.6,50.0,sim,546487,20111228,18:00,QUARTA-FEIRA,-30.115501999999999,-51.212471000000001,ESTR JOAO SALOMONI,AV VICENTE MONTEGGIA,BOLETIM,1,0,0,1,0,0
P4,Corredor Av. Vicente Monteggia,polyline,7.1,50.0,sim,530694,20111230,07:50,SEXTA-FEIRA,-30.095172999999999,-51.225712999999999,R DR CAMPOS VELHO,AV CAVALHADA,BOLETIM,0,0,0,0,0,0
P3,Acesso Av. Vicente Monteggia via Joao Salomoni/Rodrigues,point,62.2,100.0,sim,530702,20111230,12:00,SEXTA-FEIRA,-30.115639869999999,-51.211854000000002,AV RODRIGUES DA FONSECA,R ATILIO SUPERTTI,BOLETIM,0,0,0,0,0,0
P4,Corredor Av. Vicente Monteggia,polyline,55.8,50.0,nao_contexto,530702,20111230,12:00,SEXTA-FEIRA,-30.115639869999999,-51.211854000000002,AV RODRIGUES DA FONSECA,R ATILIO SUPERTTI,BOLETIM,0,0,0,0,0,0
P5,Joao Salomoni x Av. da Cavalhada,point,6.4,100.0,sim,530832,20120104,16:10,QUARTA-FEIRA,-30.113044750000000,-51.226481000000000,ESTR JOAO SALOMONI,AV CAVALHADA,BOLETIM,0,0,0,0,0,0
P1,Rotula Estr. 3 Meninas x Estr. Cristiano Kraemer,point,181.0,100.0,nao_contexto,531010,20120106,09:40,SEXTA-FEIRA,-30.119911110000000,-51.202852999999998,ESTR CRISTIANO KRAEMER,,BOLETIM,0,0,0,0,0,0
P3,Acesso Av. Vicente Monteggia via Joao Salomoni/Rodrigues,point,44.3,100.0,sim,531003,20120108,00:50,DOMINGO,-30.115105000000000,-51.212421999999997,AV VICENTE MONTEGGIA,,BOLETIM,0,0,0,0,0,0
P4,Corredor Av. Vicente Monteggia,polyline,3.2,50.0,sim,531003,20120108,00:50,DOMINGO,-30.115105000000000,-51.212421999999997,AV VICENTE MONTEGGIA,,BOLETIM,0,0,0,0,0,0
P4,Corredor Av. Vicente Monteggia,polyline,3.1,50.0,sim,531025,20120109,13:35,SEGUNDA-FEIRA,-30.107299999999999,-51.222088999999997,R AMAPA,AV VICENTE MONTEGGIA,BOLETIM,2,0,0,1,0,0
P4,Corredor Av. Vicente Monteggia,polyline,7.1,50.0,sim,531200,20120111,06:45,QUARTA-FEIRA,-30.095172999999999,-51.225712999999999,AV NONOAI,AV VICENTE MONTEGGIA,BOLETIM,0,0,0,0,0,0
P3,Acesso Av. Vicente Monteggia via Joao Salomoni/Rodrigues,point,101.8,100.0,nao_contexto,531286,20120113,19:00,SEXTA-FEIRA,-30.114585000000002,-51.212516000000001,AV VICENTE MONTEGGIA,,BOLETIM,0,0,0,0,0,0
P4,Corredor Av. Vicente Monteggia,polyline,2.9,50.0,sim,531286,20120113,19:00,SEXTA-FEIRA,-30.114585000000002,-51.212516000000001,AV VICENTE MONTEGGIA,,BOLETIM,0,0,0,0,0,0
P4,Corredor Av. Vicente Monteggia,polyline,81.0,50.0,nao_contexto,531424,20120114,15:55,SABADO,-30.103764999999999,-51.223939000000001,R VICENTE PEREIRA DE SOUZA,,BOLETIM,0,0,0,0,0,0
P5,Joao Salomoni x Av. da Cavalhada,point,6.4,100.0,sim,531574,20120117,18:40,TERCA-FEIRA,-30.113044750000000,-51.226481000000000,ESTR JOAO SALOMONI,AV CAVALHADA,BOLETIM,1,0,0,1,0,0
P4,Corredor Av. Vicente Monteggia,polyline,37.0,50.0,sim,531747,20120119,16:40,QUINTA-FEIRA,-30.094997960000001,-51.225225999999999,AV NONOAI,,BOLETIM,0,0,0,1,0,0
P4,Corredor Av. Vicente Monteggia,polyline,10.2,50.0,sim,531892,20120120,11:20,SEXTA-FEIRA,-30.103934700000000,-51.222940999999999,AV VICENTE MONTEGGIA,,BOLETIM,0,0,0,0,0,0
P4,Corredor Av. Vicente Monteggia,polyline,7.1,50.0,sim,531900,20120122,12:00,DOMINGO,-30.095172999999999,-51.225712999999999,R DR CAMPOS VELHO,AV CAVALHADA,BOLETIM,0,0,0,0,0,0
P4,Corredor Av. Vicente Monteggia,polyline,59.4,50.0,nao_contexto,531922,20120123,12:10,SEGUNDA-FEIRA,-30.094840999999999,-51.225070000000002,AV NONOAI,,BOLETIM,0,0,0,0,0,0
P8,Estr. Costa Gama x Estr. Afonso Lourenco Mariante,point,0.6,100.0,sim,531928,20120123,13:30,SEGUNDA-FEIRA,-30.115180840000001,-51.177064000000001,ESTR AFONSO LOURENCO MARIANTE,ESTR COSTA GAMA,BOLETIM,0,0,0,0,0,0
P4,Corredor Av. Vicente Monteggia,polyline,7.1,50.0,sim,532191,20120129,19:00,DOMINGO,-30.095172999999999,-51.225712999999999,AV CAVALHADA,R DR CAMPOS VELHO,BOLETIM,0,0,0,1,0,0
P9,Entroncamento Rua Santuario x Av. Oscar Pereira,point,24.9,100.0,sim,532167,20120129,19:56,DOMINGO,-30.096579999999999,-51.177914999999999,AV PROF OSCAR PEREIRA,,BOLETIM,2,0,0,0,0,0
P5,Joao Salomoni x Av. da Cavalhada,point,13.9,100.0,sim,532703,20120130,13:50,SEGUNDA-FEIRA,-30.113049820000001,-51.226367560000000,AV CAVALHADA,ESTR JOAO SALAMONI,BOLETIM,0,0,0,0,0,0
P4,Corredor Av. Vicente Monteggia,polyline,6.5,50.0,sim,532525,20120202,16:00,QUINTA-FEIRA,-30.113307370000001,-51.213003000000000,AV VICENTE MONTEGGIA,ESTR JOAO PASSUELO,BOLETIM,1,0,0,1,0,0
P4,Corredor Av. Vicente Monteggia,polyline,7.1,50.0,sim,532404,20120203,20:50,SEXTA-FEIRA,-30.095172999999999,-51.225712999999999,R DR CAMPOS VELHO,AV NONOAI,BOLETIM,1,0,0,1,0,0
P5,Joao Salomoni x Av. da Cavalhada,point,13.9,100.0,sim,532919,20120210,10:50,SEXTA-FEIRA,-30.113049820000001,-51.226367560000000,AV CAVALHADA,ESTR JOAO SALAMONI,BOLETIM,0,0,0,0,0,0
P1,Rotula Estr. 3 Meninas x Estr. Cristiano Kraemer,point,113.9,100.0,nao_contexto,533061,20120211,23:35,SABADO,-30.119299999999999,-51.202888000000002,ESTR CRISTIANO KRAEMER,,BOLETIM,0,0,0,0,0,0
P5,Joao Salomoni x Av. da Cavalhada,point,8.5,100.0,sim,532902,20120212,20:00,DOMINGO,-30.113078399999999,-51.226415000000003,AV CAVALHADA,,BOLETIM,0,0,0,0,0,0
P4,Corredor Av. Vicente Monteggia,polyline,48.9,50.0,sim,533147,20120214,15:50,TERCA-FEIRA,-30.094957000000001,-51.226264000000000,R DR CAMPOS VELHO,,BOLETIM,0,0,0,0,0,1
P9,Entroncamento Rua Santuario x Av. Oscar Pereira,point,61.9,100.0,sim,582228,20120214,09:30,TERCA-FEIRA,-30.096959999999999,-51.178666999999997,ESTR DOS ALPES,R SANTUARIO,BOLETIM,1,0,0,1,0,0
P4,Corredor Av. Vicente Monteggia,polyline,68.6,50.0,nao_contexto,533226,20120216,11:05,QUINTA-FEIRA,-30.095649000000002,-51.226277000000003,AV CAVALHADA,,BOLETIM,0,0,0,0,0,0
P4,Corredor Av. Vicente Monteggia,polyline,6.5,50.0,sim,533283,20120218,21:25,SABADO,-30.110417720000001,-51.218955000000001,AV VICENTE MONTEGGIA,,BOLETIM,1,1,0,1,0,0
P3,Acesso Av. Vicente Monteggia via Joao Salomoni/Rodrigues,point,8.7,100.0,sim,533270,20120218,16:00,SABADO,-30.115458000000000,-51.212555999999999,ESTR JOAO SALOMONI,,BOLETIM,2,0,0,1,0,0
P4,Corredor Av. Vicente Monteggia,polyline,4.7,50.0,sim,533270,20120218,16:00,SABADO,-30.115458000000000,-51.212555999999999,ESTR JOAO SALOMONI,,BOLETIM,2,0,0,1,0,0
P4,Corredor Av. Vicente Monteggia,polyline,68.6,50.0,nao_contexto,533404,20120223,17:45,QUINTA-FEIRA,-30.095649000000002,-51.226277000000003,AV CAVALHADA,,BOLETIM,1,0,0,1,0,0
P5,Joao Salomoni x Av. da Cavalhada,point,4.0,100.0,sim,533631,20120226,20:45,DOMINGO,-30.113088410000000,-51.226539000000002,AV CAVALHADA,,BOLETIM,1,0,0,0,0,1
P4,Corredor Av. Vicente Monteggia,polyline,7.1,50.0,sim,533750,20120228,17:55,TERCA-FEIRA,-30.095172999999999,-51.225712999999999,AV CAVALHADA,R DR CAMPOS VELHO,BOLETIM,0,0,0,0,0,0
P4,Corredor Av. Vicente Monteggia,polyline,3.4,50.0,sim,533827,20120229,08:40,QUARTA-FEIRA,-30.098718999999999,-51.225462000000000,AV VICENTE MONTEGGIA,,BOLETIM,0,0,0,0,0,0
P4,Corredor Av. Vicente Monteggia,polyline,7.1,50.0,sim,533922,20120302,16:12,SEXTA-FEIRA,-30.095172999999999,-51.225712999999999,AV NONOAI,R DR CAMPOS VELHO,BOLETIM,0,0,0,0,0,0
P8,Estr. Costa Gama x Estr. Afonso Lourenco Mariante,point,0.6,100.0,sim,533857,20120304,12:40,DOMINGO,-30.115180840000001,-51.177064000000001,ESTR COSTA GAMA,ESTR AFONSO LOURENCO MARIANTE,BOLETIM,2,0,0,1,0,0
P2,Confluencia Cristiano Kraemer x Belem Velho x Monte Cristo,point,70.3,100.0,sim,534170,20120306,14:40,TERCA-FEIRA,-30.117472209999999,-51.207084000000002,AV MONTE CRISTO,,BOLETIM,0,0,0,0,0,0
P3,Acesso Av. Vicente Monteggia via Joao Salomoni/Rodrigues,point,150.2,100.0,nao_contexto,534206,20120307,17:00,QUARTA-FEIRA,-30.115853000000001,-51.210973000000003,AV RODRIGUES DA FONSECA,,BOLETIM,2,0,0,1,0,0
P5,Joao Salomoni x Av. da Cavalhada,point,4.0,100.0,sim,534331,20120308,12:30,QUINTA-FEIRA,-30.113088410000000,-51.226539000000002,AV CAVALHADA,,BOLETIM,0,0,0,0,0,0
P8,Estr. Costa Gama x Estr. Afonso Lourenco Mariante,point,193.0,100.0,nao_contexto,534351,20120308,07:30,QUINTA-FEIRA,-30.113636000000000,-51.177987000000002,R DR SARMENTO BARATA,,BOLETIM,0,0,0,0,0,0
P3,Acesso Av. Vicente Monteggia via Joao Salomoni/Rodrigues,point,11.7,100.0,sim,534328,20120308,09:40,QUINTA-FEIRA,-30.115503000000000,-51.212601999999997,ESTR JOAO SALOMONI,,BOLETIM,0,0,0,0,0,0
P4,Corredor Av. Vicente Monteggia,polyline,7.2,50.0,sim,534328,20120308,09:40,QUINTA-FEIRA,-30.115503000000000,-51.212601999999997,ESTR JOAO SALOMONI,,BOLETIM,0,0,0,0,0,0
P5,Joao Salomoni x Av. da Cavalhada,point,78.9,100.0,sim,534876,20120315,18:25,QUINTA-FEIRA,-30.112406000000000,-51.226672000000001,AV CAVALHADA,,BOLETIM,0,0,0,0,0,0
P8,Estr. Costa Gama x Estr. Afonso Lourenco Mariante,point,0.6,100.0,sim,534875,20120315,11:20,QUINTA-FEIRA,-30.115180840000001,-51.177064000000001,ESTR AFONSO LOURENCO MARIANTE,ESTR COSTA GAMA,BOLETIM,0,0,0,0,0,0
P1,Rotula Estr. 3 Meninas x Estr. Cristiano Kraemer,point,174.4,100.0,nao_contexto,534977,20120315,16:25,QUINTA-FEIRA,-30.117432000000001,-51.204692999999999,ESTR CRISTIANO KRAEMER,,BOLETIM,0,0,0,1,0,0
P2,Confluencia Cristiano Kraemer x Belem Velho x Monte Cristo,point,161.0,100.0,nao_contexto,534977,20120315,16:25,QUINTA-FEIRA,-30.117432000000001,-51.204692999999999,ESTR CRISTIANO KRAEMER,,BOLETIM,0,0,0,1,0,0
P1,Rotula Estr. 3 Meninas x Estr. Cristiano Kraemer,point,113.0,100.0,nao_contexto,535018,20120316,08:45,SEXTA-FEIRA,-30.117673000000000,-51.204106000000003,ESTR CRISTIANO KRAEMER,,BOLETIM,0,0,0,0,0,0
P5,Joao Salomoni x Av. da Cavalhada,point,13.9,100.0,sim,535136,20120320,08:15,TERCA-FEIRA,-30.113049820000001,-51.226367560000000,AV CAVALHADA,ESTR JOAO SALAMONI,BOLETIM,0,0,0,0,0,0
P5,Joao Salomoni x Av. da Cavalhada,point,4.0,100.0,sim,537715,20120322,08:45,QUINTA-FEIRA,-30.113088410000000,-51.226539000000002,AV CAVALHADA,,BOLETIM,1,0,0,1,0,0
P8,Estr. Costa Gama x Estr. Afonso Lourenco Mariante,point,83.3,100.0,sim,535339,20120324,11:35,SABADO,-30.115902349999999,-51.177300000000002,ESTR COSTA GAMA,,BOLETIM,2,0,0,1,0,0
P4,Corredor Av. Vicente Monteggia,polyline,6.9,50.0,sim,535747,20120328,14:40,QUARTA-FEIRA,-30.108006719999999,-51.221350000000001,AV VICENTE MONTEGGIA,,BOLETIM,0,0,0,0,0,0
P4,Corredor Av. Vicente Monteggia,polyline,2.1,50.0,sim,535820,20120329,14:33,QUINTA-FEIRA,-30.100792999999999,-51.224783000000002,AV OTTO NIEMEYER,AV VICENTE MONTEGGIA,BOLETIM,0,0,0,0,0,0
P4,Corredor Av. Vicente Monteggia,polyline,3.2,50.0,sim,535848,20120331,01:10,SABADO,-30.097559159999999,-51.224617000000002,AV VICENTE MONTEGGIA,,BOLETIM,3,0,0,0,0,0
P4,Corredor Av. Vicente Monteggia,polyline,4.8,50.0,sim,535849,20120331,16:15,SABADO,-30.104609000000000,-51.222835000000003,AV VICENTE MONTEGGIA,,BOLETIM,1,0,0,1,0,0
P4,Corredor Av. Vicente Monteggia,polyline,48.9,50.0,sim,537706,20120401,17:00,DOMINGO,-30.094957000000001,-51.226264000000000,R DR CAMPOS VELHO,,BOLETIM,1,0,0,0,0,0
P4,Corredor Av. Vicente Monteggia,polyline,4.7,50.0,sim,535880,20120402,07:30,SEGUNDA-FEIRA,-30.111325000000001,-51.218192000000002,AV VICENTE MONTEGGIA,,BOLETIM,0,0,0,1,0,0
P4,Corredor Av. Vicente Monteggia,polyline,6.9,50.0,sim,536185,20120407,18:10,SABADO,-30.107058450000000,-51.222237999999997,AV VICENTE MONTEGGIA,,BOLETIM,1,0,0,1,0,0
P8,Estr. Costa Gama x Estr. Afonso Lourenco Mariante,point,25.1,100.0,sim,536272,20120409,19:00,SEGUNDA-FEIRA,-30.114968999999999,-51.176976000000003,ESTR COSTA GAMA,,BOLETIM,0,0,0,0,0,1
P1,Rotula Estr. 3 Meninas x Estr. Cristiano Kraemer,point,70.8,100.0,sim,536516,20120410,19:12,TERCA-FEIRA,-30.117892779999998,-51.203746000000002,ESTR CRISTIANO KRAEMER,,BOLETIM,0,0,0,0,0,0
P4,Corredor Av. Vicente Monteggia,polyline,7.1,50.0,sim,536947,20120412,15:00,QUINTA-FEIRA,-30.095172999999999,-51.225712999999999,R DR CAMPOS VELHO,AV CAVALHADA,BOLETIM,0,0,0,1,0,0
P4,Corredor Av. Vicente Monteggia,polyline,0.6,50.0,sim,536728,20120412,14:10,QUINTA-FEIRA,-30.110429109999998,-51.219022000000002,AV VICENTE MONTEGGIA,ESTR JOAO VEDANA,BOLETIM,0,0,0,0,0,0
P5,Joao Salomoni x Av. da Cavalhada,point,50.3,100.0,sim,536721,20120412,07:30,QUINTA-FEIRA,-30.112649999999999,-51.226553000000003,AV CAVALHADA,,BOLETIM,0,0,0,0,0,0
P5,Joao Salomoni x Av. da Cavalhada,point,4.0,100.0,sim,536731,20120412,18:45,QUINTA-FEIRA,-30.113088410000000,-51.226539000000002,AV CAVALHADA,,BOLETIM,0,0,0,0,0,0
P4,Corredor Av. Vicente Monteggia,polyline,48.9,50.0,sim,537011,20120417,11:30,TERCA-FEIRA,-30.094957000000001,-51.226264000000000,R DR CAMPOS VELHO,,BOLETIM,0,0,0,0,0,0
P4,Corredor Av. Vicente Monteggia,polyline,3.1,50.0,sim,537304,20120419,08:00,QUINTA-FEIRA,-30.104106999999999,-51.222974000000001,AV VICENTE MONTEGGIA,,BOLETIM,0,0,0,0,0,0
P4,Corredor Av. Vicente Monteggia,polyline,7.1,50.0,sim,537462,20120423,18:20,SEGUNDA-FEIRA,-30.095172999999999,-51.225712999999999,AV VICENTE MONTEGGIA,AV NONOAI,BOLETIM,0,0,0,0,0,0
P2,Confluencia Cristiano Kraemer x Belem Velho x Monte Cristo,point,101.0,100.0,nao_contexto,537473,20120423,14:00,SEGUNDA-FEIRA,-30.117737000000002,-51.207389999999997,AV MONTE CRISTO,R CATARINO ANDREATTA,BOLETIM,0,0,0,0,0,0
P4,Corredor Av. Vicente Monteggia,polyline,6.2,50.0,sim,537588,20120425,22:15,QUARTA-FEIRA,-30.105252680000000,-51.222631999999997,AV VICENTE MONTEGGIA,,BOLETIM,0,0,0,0,0,0
P4,Corredor Av. Vicente Monteggia,polyline,4.7,50.0,sim,537543,20120425,12:55,QUARTA-FEIRA,-30.110147999999999,-51.219206000000000,AV VICENTE MONTEGGIA,,BOLETIM,1,0,0,1,0,0
P2,Confluencia Cristiano Kraemer x Belem Velho x Monte Cristo,point,23.1,100.0,sim,537764,20120425,22:00,QUARTA-FEIRA,-30.117736940000000,-51.206485000000001,ESTR CRISTIANO KRAEMER,,BOLETIM,0,0,0,0,0,1
P4,Corredor Av. Vicente Monteggia,polyline,75.7,50.0,nao_contexto,537786,20120428,01:10,SABADO,-30.095694000000002,-51.226329999999997,AV CAVALHADA,,BOLETIM,2,0,0,1,0,0
P4,Corredor Av. Vicente Monteggia,polyline,1.6,50.0,sim,537808,20120430,04:00,SEGUNDA-FEIRA,-30.097688000000002,-51.224701000000003,AV VICENTE MONTEGGIA,,BOLETIM,1,0,0,0,0,0
P4,Corredor Av. Vicente Monteggia,polyline,6.2,50.0,sim,537910,20120430,11:50,SEGUNDA-FEIRA,-30.105252680000000,-51.222631999999997,AV VICENTE MONTEGGIA,,BOLETIM,0,0,0,0,0,0
P4,Corredor Av. Vicente Monteggia,polyline,7.1,50.0,sim,538092,20120503,16:10,QUINTA-FEIRA,-30.095172999999999,-51.225712999999999,AV NONOAI,R DR CAMPOS VELHO,BOLETIM,0,0,0,0,0,0
P4,Corredor Av. Vicente Monteggia,polyline,21.5,50.0,sim,538124,20120505,14:10,SABADO,-30.095056039999999,-51.225375000000000,AV NONOAI,,BOLETIM,2,0,0,1,0,0
P5,Joao Salomoni x Av. da Cavalhada,point,13.9,100.0,sim,541382,20120508,07:26,TERCA-FEIRA,-30.113049820000001,-51.226367560000000,ESTR JOAO SALAMONI,AV CAVALHADA,BOLETIM,0,0,0,0,0,0
P4,Corredor Av. Vicente Monteggia,polyline,0.0,50.0,sim,538516,20120510,21:30,QUINTA-FEIRA,-30.100758610000000,-51.224733000000001,AV VICENTE MONTEGGIA,,BOLETIM,1,0,0,0,0,0
P5,Joao Salomoni x Av. da Cavalhada,point,4.0,100.0,sim,538617,20120510,16:35,QUINTA-FEIRA,-30.113088410000000,-51.226539000000002,AV CAVALHADA,,BOLETIM,0,0,0,0,0,0
P4,Corredor Av. Vicente Monteggia,polyline,31.8,50.0,sim,538995,20120514,13:30,SEGUNDA-FEIRA,-30.095417999999999,-51.226002999999999,AV CAVALHADA,,BOLETIM,0,0,0,0,0,0
P5,Joao Salomoni x Av. da Cavalhada,point,154.6,100.0,nao_contexto,558678,20120516,14:30,QUARTA-FEIRA,-30.114452000000000,-51.226126999999998,AV CAVALHADA,,BOLETIM,1,0,0,1,0,0
P4,Corredor Av. Vicente Monteggia,polyline,7.1,50.0,sim,539307,20120517,21:00,QUINTA-FEIRA,-30.095172999999999,-51.225712999999999,R DR CAMPOS VELHO,AV NONOAI,BOLETIM,0,0,0,1,0,0
P4,Corredor Av. Vicente Monteggia,polyline,4.7,50.0,sim,539066,20120519,09:20,SABADO,-30.095149280000001,-51.225779000000003,AV CAVALHADA,,BOLETIM,1,0,0,0,0,0
P4,Corredor Av. Vicente Monteggia,polyline,7.1,50.0,sim,539382,20120522,08:10,TERCA-FEIRA,-30.095172999999999,-51.225712999999999,AV NONOAI,R DR CAMPOS VELHO,BOLETIM,0,0,0,0,0,0
P2,Confluencia Cristiano Kraemer x Belem Velho x Monte Cristo,point,35.2,100.0,sim,541120,20120523,06:20,QUARTA-FEIRA,-30.117474309999999,-51.206007999999997,AV BELEM VELHO,,BOLETIM,1,0,0,1,0,0
P4,Corredor Av. Vicente Monteggia,polyline,3.5,50.0,sim,539653,20120526,08:35,SABADO,-30.101619950000000,-51.223863000000001,AV VICENTE MONTEGGIA,,BOLETIM,0,0,0,0,0,0
P8,Estr. Costa Gama x Estr. Afonso Lourenco Mariante,point,57.5,100.0,sim,539515,20120527,04:15,DOMINGO,-30.114726000000001,-51.176783999999998,ESTR COSTA GAMA,,BOLETIM,2,0,0,1,0,0
P4,Corredor Av. Vicente Monteggia,polyline,6.7,50.0,sim,539632,20120529,07:10,TERCA-FEIRA,-30.103685760000001,-51.223030000000001,AV VICENTE MONTEGGIA,,BOLETIM,0,0,0,0,0,0
P4,Corredor Av. Vicente Monteggia,polyline,0.6,50.0,sim,539806,20120529,12:25,TERCA-FEIRA,-30.106210000000001,-51.222408000000001,AV VICENTE MONTEGGIA,,BOLETIM,0,0,0,0,0,0
P4,Corredor Av. Vicente Monteggia,polyline,91.3,50.0,nao_contexto,539836,20120530,09:25,QUARTA-FEIRA,-30.094719189999999,-51.224761999999998,AV NONOAI,,BOLETIM,0,0,0,0,0,0
P4,Corredor Av. Vicente Monteggia,polyline,3.1,50.0,sim,539844,20120530,08:15,QUARTA-FEIRA,-30.107299999999999,-51.222088999999997,R AMAPA,AV VICENTE MONTEGGIA,BOLETIM,0,0,0,0,0,0
P8,Estr. Costa Gama x Estr. Afonso Lourenco Mariante,point,0.6,100.0,sim,539957,20120601,11:45,SEXTA-FEIRA,-30.115180840000001,-51.177064000000001,ESTR COSTA GAMA,ESTR AFONSO LOURENCO MARIANTE,BOLETIM,0,0,0,0,0,0
P4,Corredor Av. Vicente Monteggia,polyline,5.4,50.0,sim,540349,20120606,09:45,QUARTA-FEIRA,-30.095460920000001,-51.225383999999998,AV VICENTE MONTEGGIA,,BOLETIM,0,0,0,0,0,0
P4,Corredor Av. Vicente Monteggia,polyline,5.9,50.0,sim,564058,20120607,11:00,QUINTA-FEIRA,-30.109412970000001,-51.219780000000000,AV VICENTE MONTEGGIA,,BOLETIM,1,0,0,1,0,0
P4,Corredor Av. Vicente Monteggia,polyline,6.2,50.0,sim,540327,20120607,14:55,QUINTA-FEIRA,-30.110460650000000,-51.218919000000000,AV VICENTE MONTEGGIA,,BOLETIM,0,0,0,0,0,0
P4,Corredor Av. Vicente Monteggia,polyline,2.5,50.0,sim,540371,20120611,12:15,SEGUNDA-FEIRA,-30.103418000000001,-51.223132999999997,AV VICENTE MONTEGGIA,,BOLETIM,1,0,0,1,0,0
P4,Corredor Av. Vicente Monteggia,polyline,12.8,50.0,sim,540638,20120612,12:00,TERCA-FEIRA,-30.095081000000000,-51.225475000000003,AV NONOAI,,BOLETIM,0,0,0,0,0,1
P4,Corredor Av. Vicente Monteggia,polyline,2.1,50.0,sim,540639,20120612,12:00,TERCA-FEIRA,-30.100792999999999,-51.224783000000002,AV OTTO NIEMEYER,AV VICENTE MONTEGGIA,BOLETIM,0,0,0,0,0,0
P5,Joao Salomoni x Av. da Cavalhada,point,128.9,100.0,nao_contexto,541036,20120618,07:30,SEGUNDA-FEIRA,-30.114236999999999,-51.226239999999997,AV CAVALHADA,,BOLETIM,0,0,0,0,0,1
P4,Corredor Av. Vicente Monteggia,polyline,2.3,50.0,sim,542043,20120620,20:30,QUARTA-FEIRA,-30.098617000000001,-51.225346999999999,AV VICENTE MONTEGGIA,,BOLETIM,1,0,0,1,0,0
P3,Acesso Av. Vicente Monteggia via Joao Salomoni/Rodrigues,point,81.3,100.0,sim,541102,20120621,08:00,QUINTA-FEIRA,-30.114771260000001,-51.212406000000001,AV VICENTE MONTEGGIA,,BOLETIM,2,1,0,1,0,0
P4,Corredor Av. Vicente Monteggia,polyline,0.8,50.0,sim,541102,20120621,08:00,QUINTA-FEIRA,-30.114771260000001,-51.212406000000001,AV VICENTE MONTEGGIA,,BOLETIM,2,1,0,1,0,0
P8,Estr. Costa Gama x Estr. Afonso Lourenco Mariante,point,0.6,100.0,sim,541309,20120622,16:15,SEXTA-FEIRA,-30.115180840000001,-51.177064000000001,ESTR COSTA GAMA,ESTR AFONSO LOURENCO MARIANTE,BOLETIM,0,0,0,0,0,0
P4,Corredor Av. Vicente Monteggia,polyline,0.6,50.0,sim,541315,20120623,12:30,SABADO,-30.110429109999998,-51.219022000000002,ESTR JOAO VEDANA,AV VICENTE MONTEGGIA,BOLETIM,0,0,0,1,0,0
P3,Acesso Av. Vicente Monteggia via Joao Salomoni/Rodrigues,point,10.4,100.0,sim,541318,20120623,17:30,SABADO,-30.115548000000000,-51.212387000000000,AV RODRIGUES DA FONSECA,,BOLETIM,0,0,0,0,0,1
P4,Corredor Av. Vicente Monteggia,polyline,3.6,50.0,sim,541318,20120623,17:30,SABADO,-30.115548000000000,-51.212387000000000,AV RODRIGUES DA FONSECA,,BOLETIM,0,0,0,0,0,1
P4,Corredor Av. Vicente Monteggia,polyline,21.5,50.0,sim,541378,20120625,18:00,SEGUNDA-FEIRA,-30.095056039999999,-51.225375000000000,AV NONOAI,,BOLETIM,1,0,0,1,0,0
P5,Joao Salomoni x Av. da Cavalhada,point,46.7,100.0,sim,541345,20120625,11:20,SEGUNDA-FEIRA,-30.112690000000001,-51.226607000000001,AV CAVALHADA,,BOLETIM,2,0,0,0,0,1
P2,Confluencia Cristiano Kraemer x Belem Velho x Monte Cristo,point,64.3,100.0,sim,541409,20120625,23:10,SEGUNDA-FEIRA,-30.117716000000001,-51.207003999999998,ESTR CRISTIANO KRAEMER,,BOLETIM,3,0,0,1,0,0
P4,Corredor Av. Vicente Monteggia,polyline,4.1,50.0,sim,541773,20120630,10:20,SABADO,-30.097698999999999,-51.224773999999996,AV VICENTE MONTEGGIA,,BOLETIM,0,0,0,1,0,0
P8,Estr. Costa Gama x Estr. Afonso Lourenco Mariante,point,192.8,100.0,nao_contexto,542308,20120705,22:00,QUINTA-FEIRA,-30.113449729999999,-51.176948000000003,R DR SARMENTO BARATA,,BOLETIM,1,0,0,0,0,1
P4,Corredor Av. Vicente Monteggia,polyline,6.4,50.0,sim,542339,20120706,07:40,SEXTA-FEIRA,-30.108132999999999,-51.221196999999997,AV VICENTE MONTEGGIA,,BOLETIM,0,0,0,0,0,0
P4,Corredor Av. Vicente Monteggia,polyline,7.1,50.0,sim,543656,20120708,19:30,DOMINGO,-30.095172999999999,-51.225712999999999,AV VICENTE MONTEGGIA,AV NONOAI,BOLETIM,1,0,0,1,0,0
P3,Acesso Av. Vicente Monteggia via Joao Salomoni/Rodrigues,point,68.0,100.0,sim,542233,20120709,11:40,SEGUNDA-FEIRA,-30.115369619999999,-51.213171000000003,ESTR JOAO SALOMONI,R MARQUES DO MARICA,BOLETIM,0,0,0,0,0,0
P4,Corredor Av. Vicente Monteggia,polyline,63.9,50.0,nao_contexto,542233,20120709,11:40,SEGUNDA-FEIRA,-30.115369619999999,-51.213171000000003,ESTR JOAO SALOMONI,R MARQUES DO MARICA,BOLETIM,0,0,0,0,0,0
P4,Corredor Av. Vicente Monteggia,polyline,5.9,50.0,sim,544661,20120711,07:50,QUARTA-FEIRA,-30.109412970000001,-51.219780000000000,AV VICENTE MONTEGGIA,,BOLETIM,0,0,0,1,0,0
P4,Corredor Av. Vicente Monteggia,polyline,61.5,50.0,nao_contexto,544984,20120712,19:10,QUINTA-FEIRA,-30.095604000000002,-51.226224000000002,AV CAVALHADA,,BOLETIM,0,0,0,0,1,0
P4,Corredor Av. Vicente Monteggia,polyline,18.6,50.0,sim,544156,20120712,15:30,QUINTA-FEIRA,-30.107187000000000,-51.221899999999998,R AMAPA,,BOLETIM,1,0,0,1,0,0
P4,Corredor Av. Vicente Monteggia,polyline,9.5,50.0,sim,542534,20120713,08:10,SEXTA-FEIRA,-30.102496760000001,-51.223483999999999,AV VICENTE MONTEGGIA,,BOLETIM,1,0,0,1,0,0
P4,Corredor Av. Vicente Monteggia,polyline,7.1,50.0,sim,542689,20120715,10:30,DOMINGO,-30.095172949999998,-51.225712999999999,AV VICENTE MONTEGGIA,AV CAVALHADA,BOLETIM,0,0,0,0,0,0
P4,Corredor Av. Vicente Monteggia,polyline,6.1,50.0,sim,542725,20120716,10:40,SEGUNDA-FEIRA,-30.100397019999999,-51.224930000000001,AV VICENTE MONTEGGIA,,BOLETIM,0,0,0,0,0,0
P4,Corredor Av. Vicente Monteggia,polyline,5.9,50.0,sim,542727,20120716,15:20,SEGUNDA-FEIRA,-30.109412970000001,-51.219780000000000,AV VICENTE MONTEGGIA,,BOLETIM,0,0,0,0,0,0
P5,Joao Salomoni x Av. da Cavalhada,point,13.9,100.0,sim,542914,20120718,07:50,QUARTA-FEIRA,-30.113049820000001,-51.226367560000000,ESTR JOAO SALAMONI,AV CAVALHADA,BOLETIM,0,0,0,0,0,0
P4,Corredor Av. Vicente Monteggia,polyline,7.1,50.0,sim,543069,20120720,10:00,SEXTA-FEIRA,-30.095172949999998,-51.225712999999999,AV VICENTE MONTEGGIA,AV CAVALHADA,BOLETIM,0,0,0,0,0,0
P4,Corredor Av. Vicente Monteggia,polyline,7.1,50.0,sim,544987,20120722,20:45,DOMINGO,-30.095172999999999,-51.225712999999999,R DR CAMPOS VELHO,AV CAVALHADA,BOLETIM,0,0,0,1,0,0
P4,Corredor Av. Vicente Monteggia,polyline,68.6,50.0,nao_contexto,543233,20120723,07:30,SEGUNDA-FEIRA,-30.095649000000002,-51.226277000000003,AV CAVALHADA,,BOLETIM,0,0,0,0,0,0
P4,Corredor Av. Vicente Monteggia,polyline,7.1,50.0,sim,543272,20120724,08:15,TERCA-FEIRA,-30.095172999999999,-51.225712999999999,AV CAVALHADA,AV NONOAI,BOLETIM,0,0,0,0,0,0
P4,Corredor Av. Vicente Monteggia,polyline,7.1,50.0,sim,543339,20120725,17:05,QUARTA-FEIRA,-30.095172949999998,-51.225712999999999,AV VICENTE MONTEGGIA,AV CAVALHADA,BOLETIM,0,0,0,0,0,0
P4,Corredor Av. Vicente Monteggia,polyline,7.0,50.0,sim,543347,20120725,17:40,QUARTA-FEIRA,-30.112408299999998,-51.215980000000002,AV VICENTE MONTEGGIA,,BOLETIM,1,1,0,0,0,0
P4,Corredor Av. Vicente Monteggia,polyline,7.1,50.0,sim,543625,20120727,16:35,SEXTA-FEIRA,-30.095172999999999,-51.225712999999999,AV VICENTE MONTEGGIA,AV NONOAI,BOLETIM,0,0,0,0,0,0
P5,Joao Salomoni x Av. da Cavalhada,point,128.9,100.0,nao_contexto,543623,20120727,16:40,SEXTA-FEIRA,-30.114236999999999,-51.226239999999997,AV CAVALHADA,,BOLETIM,0,0,0,0,0,0
P4,Corredor Av. Vicente Monteggia,polyline,2.1,50.0,sim,543639,20120728,11:20,SABADO,-30.100792999999999,-51.224783000000002,AV OTTO NIEMEYER,AV VICENTE MONTEGGIA,BOLETIM,0,0,0,0,0,0
P4,Corredor Av. Vicente Monteggia,polyline,1.1,50.0,sim,543470,20120729,11:00,DOMINGO,-30.107208000000000,-51.222087999999999,AV VICENTE MONTEGGIA,,BOLETIM,1,0,0,1,0,0
P1,Rotula Estr. 3 Meninas x Estr. Cristiano Kraemer,point,25.6,100.0,sim,543610,20120730,19:45,SEGUNDA-FEIRA,-30.118244940000000,-51.203445000000002,ESTR CRISTIANO KRAEMER,,BOLETIM,0,0,0,0,0,0
P4,Corredor Av. Vicente Monteggia,polyline,6.1,50.0,sim,543769,20120801,09:40,QUARTA-FEIRA,-30.100397019999999,-51.224930000000001,AV VICENTE MONTEGGIA,,BOLETIM,1,0,0,1,0,0
P4,Corredor Av. Vicente Monteggia,polyline,8.6,50.0,sim,543895,20120802,14:45,QUINTA-FEIRA,-30.106394529999999,-51.222451999999997,AV VICENTE MONTEGGIA,,BOLETIM,0,0,0,0,0,0
P8,Estr. Costa Gama x Estr. Afonso Lourenco Mariante,point,158.2,100.0,nao_contexto,544751,20120802,16:00,QUINTA-FEIRA,-30.113790999999999,-51.176712000000002,ESTR COSTA GAMA,,BOLETIM,0,0,0,0,0,0
P4,Corredor Av. Vicente Monteggia,polyline,7.1,50.0,sim,544084,20120806,16:55,SEGUNDA-FEIRA,-30.095172949999998,-51.225712999999999,AV VICENTE MONTEGGIA,AV CAVALHADA,BOLETIM,0,0,0,0,0,0
P3,Acesso Av. Vicente Monteggia via Joao Salomoni/Rodrigues,point,149.4,100.0,nao_contexto,544175,20120807,16:15,TERCA-FEIRA,-30.116826000000000,-51.212228000000003,R ATILIO SUPERTTI,,BOLETIM,1,1,0,1,0,0
P4,Corredor Av. Vicente Monteggia,polyline,7.1,50.0,sim,544561,20120810,14:00,SEXTA-FEIRA,-30.095172999999999,-51.225712999999999,R DR CAMPOS VELHO,AV NONOAI,BOLETIM,1,0,0,0,0,1
P4,Corredor Av. Vicente Monteggia,polyline,7.1,50.0,sim,544614,20120811,04:00,SABADO,-30.095172999999999,-51.225712999999999,AV VICENTE MONTEGGIA,AV NONOAI,BOLETIM,1,0,0,1,0,0
P4,Corredor Av. Vicente Monteggia,polyline,1.7,50.0,sim,544457,20120811,13:20,SABADO,-30.097702999999999,-51.224708000000000,AV VICENTE MONTEGGIA,,BOLETIM,1,0,0,0,0,0
P4,Corredor Av. Vicente Monteggia,polyline,5.1,50.0,sim,544458,20120811,13:15,SABADO,-30.107507999999999,-51.221893999999999,AV VICENTE MONTEGGIA,,BOLETIM,1,0,0,1,0,0
P4,Corredor Av. Vicente Monteggia,polyline,0.6,50.0,sim,544421,20120811,19:30,SABADO,-30.110429109999998,-51.219022000000002,ESTR JOAO VEDANA,AV VICENTE MONTEGGIA,BOLETIM,0,0,0,0,0,0
P4,Corredor Av. Vicente Monteggia,polyline,3.8,50.0,sim,544629,20120815,13:30,QUARTA-FEIRA,-30.097992000000001,-51.224957000000003,AV VICENTE MONTEGGIA,,BOLETIM,2,0,0,0,0,0
P4,Corredor Av. Vicente Monteggia,polyline,3.1,50.0,sim,544747,20120815,08:45,QUARTA-FEIRA,-30.104106999999999,-51.222974000000001,AV VICENTE MONTEGGIA,,BOLETIM,0,0,0,0,0,0
P3,Acesso Av. Vicente Monteggia via Joao Salomoni/Rodrigues,point,71.3,100.0,sim,544718,20120816,17:35,QUINTA-FEIRA,-30.115631000000000,-51.211753999999999,AV RODRIGUES DA FONSECA,,BOLETIM,1,0,0,1,0,0
P4,Corredor Av. Vicente Monteggia,polyline,65.2,50.0,nao_contexto,544718,20120816,17:35,QUINTA-FEIRA,-30.115631000000000,-51.211753999999999,AV RODRIGUES DA FONSECA,,BOLETIM,1,0,0,1,0,0
P4,Corredor Av. Vicente Monteggia,polyline,0.4,50.0,sim,544965,20120818,17:05,SABADO,-30.101429000000000,-51.224029000000002,AV VICENTE MONTEGGIA,,BOLETIM,0,0,0,0,0,1
P4,Corredor Av. Vicente Monteggia,polyline,73.0,50.0,nao_contexto,545223,20120821,14:40,TERCA-FEIRA,-30.099629000000000,-51.226097000000003,R PANAMBI,,BOLETIM,0,0,0,0,0,0
P4,Corredor Av. Vicente Monteggia,polyline,14.4,50.0,sim,545142,20120822,15:20,QUARTA-FEIRA,-30.095066679999999,-51.225630000000002,AV NONOAI,,BOLETIM,0,0,0,0,0,0
P8,Estr. Costa Gama x Estr. Afonso Lourenco Mariante,point,0.6,100.0,sim,545988,20120825,07:30,SABADO,-30.115180840000001,-51.177064000000001,ESTR COSTA GAMA,ESTR AFONSO LOURENCO MARIANTE,BOLETIM,1,0,0,1,0,0
P4,Corredor Av. Vicente Monteggia,polyline,4.7,50.0,sim,545395,20120826,19:00,DOMINGO,-30.095149280000001,-51.225779000000003,AV CAVALHADA,,BOLETIM,1,0,0,0,0,1
P8,Estr. Costa Gama x Estr. Afonso Lourenco Mariante,point,136.5,100.0,nao_contexto,545570,20120827,07:42,SEGUNDA-FEIRA,-30.115856999999998,-51.175885999999998,ESTR AFONSO LOURENCO MARIANTE,,BOLETIM,0,0,0,0,0,0
P4,Corredor Av. Vicente Monteggia,polyline,2.6,50.0,sim,545725,20120828,18:18,TERCA-FEIRA,-30.103624000000000,-51.223140000000001,AV VICENTE MONTEGGIA,,BOLETIM,0,0,0,0,0,0
P4,Corredor Av. Vicente Monteggia,polyline,1.4,50.0,sim,545777,20120901,15:40,SABADO,-30.103034999999998,-51.223238000000002,AV VICENTE MONTEGGIA,,BOLETIM,1,0,0,1,0,0
P4,Corredor Av. Vicente Monteggia,polyline,4.7,50.0,sim,545906,20120901,22:00,SABADO,-30.110209000000001,-51.219155999999998,AV VICENTE MONTEGGIA,,BOLETIM,1,0,0,1,0,0
P4,Corredor Av. Vicente Monteggia,polyline,4.1,50.0,sim,545844,20120902,12:10,DOMINGO,-30.097698999999999,-51.224773999999996,AV VICENTE MONTEGGIA,,BOLETIM,0,0,0,0,0,0
P4,Corredor Av. Vicente Monteggia,polyline,96.0,50.0,nao_contexto,546059,20120904,15:50,TERCA-FEIRA,-30.094643770000001,-51.224764000000000,AV NONOAI,,BOLETIM,0,0,0,0,0,0
P8,Estr. Costa Gama x Estr. Afonso Lourenco Mariante,point,0.6,100.0,sim,546547,20120910,00:08,SEGUNDA-FEIRA,-30.115180840000001,-51.177064000000001,ESTR COSTA GAMA,ESTR AFONSO LOURENCO MARIANTE,BOLETIM,0,0,0,0,0,0
P4,Corredor Av. Vicente Monteggia,polyline,7.1,50.0,sim,546781,20120914,17:20,SEXTA-FEIRA,-30.095172949999998,-51.225712999999999,AV VICENTE MONTEGGIA,AV CAVALHADA,BOLETIM,0,0,0,0,0,0
P4,Corredor Av. Vicente Monteggia,polyline,2.8,50.0,sim,546962,20120920,05:20,QUINTA-FEIRA,-30.108225999999998,-51.221037000000003,AV VICENTE MONTEGGIA,,BOLETIM,5,0,0,0,0,0
P4,Corredor Av. Vicente Monteggia,polyline,59.4,50.0,nao_contexto,547116,20120921,12:00,SEXTA-FEIRA,-30.094840999999999,-51.225070000000002,AV NONOAI,,BOLETIM,0,0,0,0,0,1
P4,Corredor Av. Vicente Monteggia,polyline,7.1,50.0,sim,546995,20120921,12:05,SEXTA-FEIRA,-30.095172949999998,-51.225712999999999,AV VICENTE MONTEGGIA,AV CAVALHADA,BOLETIM,1,0,0,1,0,0
P4,Corredor Av. Vicente Monteggia,polyline,12.5,50.0,sim,547128,20120922,15:00,SABADO,-30.095101199999998,-51.225453999999999,AV NONOAI,,BOLETIM,0,0,0,0,0,1
P5,Joao Salomoni x Av. da Cavalhada,point,46.7,100.0,sim,547050,20120922,19:30,SABADO,-30.112690000000001,-51.226607000000001,AV CAVALHADA,,BOLETIM,1,0,0,0,1,0
P2,Confluencia Cristiano Kraemer x Belem Velho x Monte Cristo,point,44.4,100.0,sim,547126,20120922,12:10,SABADO,-30.117469000000000,-51.206809000000000,AV RODRIGUES DA FONSECA,,BOLETIM,0,0,0,1,0,0
P4,Corredor Av. Vicente Monteggia,polyline,2.3,50.0,sim,547066,20120923,16:00,DOMINGO,-30.098268999999998,-51.225090000000002,AV VICENTE MONTEGGIA,,BOLETIM,1,0,0,0,0,0
P4,Corredor Av. Vicente Monteggia,polyline,2.5,50.0,sim,547064,20120923,15:00,DOMINGO,-30.103418000000001,-51.223132999999997,AV VICENTE MONTEGGIA,,BOLETIM,1,0,0,1,0,0
P4,Corredor Av. Vicente Monteggia,polyline,68.6,50.0,nao_contexto,547135,20120924,07:45,SEGUNDA-FEIRA,-30.095649000000002,-51.226277000000003,AV CAVALHADA,,BOLETIM,1,0,0,1,0,0
P8,Estr. Costa Gama x Estr. Afonso Lourenco Mariante,point,57.5,100.0,sim,547341,20120926,19:10,QUARTA-FEIRA,-30.114726000000001,-51.176783999999998,ESTR COSTA GAMA,,BOLETIM,1,0,0,0,0,0
P4,Corredor Av. Vicente Monteggia,polyline,0.6,50.0,sim,547645,20120929,08:30,SABADO,-30.110429109999998,-51.219022000000002,ESTR JOAO VEDANA,AV VICENTE MONTEGGIA,BOLETIM,0,0,0,0,0,0
P4,Corredor Av. Vicente Monteggia,polyline,12.8,50.0,sim,547764,20121003,21:45,QUARTA-FEIRA,-30.095068009999999,-51.225766999999998,R DR CAMPOS VELHO,,BOLETIM,1,0,0,1,0,0
P4,Corredor Av. Vicente Monteggia,polyline,12.5,50.0,sim,547914,20121004,16:46,QUINTA-FEIRA,-30.095101199999998,-51.225453999999999,AV NONOAI,,BOLETIM,0,0,0,1,0,0
P4,Corredor Av. Vicente Monteggia,polyline,2.9,50.0,sim,555638,20121006,15:01,SABADO,-30.096574000000000,-51.224898000000003,AV VICENTE MONTEGGIA,,BOLETIM,0,0,0,0,0,0
P2,Confluencia Cristiano Kraemer x Belem Velho x Monte Cristo,point,44.3,100.0,sim,547977,20121006,21:40,SABADO,-30.117713999999999,-51.205934999999997,ESTR CRISTIANO KRAEMER,,BOLETIM,1,1,0,0,0,0
P4,Corredor Av. Vicente Monteggia,polyline,7.1,50.0,sim,555637,20121007,01:30,DOMINGO,-30.095172999999999,-51.225712999999999,R DR CAMPOS VELHO,AV NONOAI,BOLETIM,0,0,0,0,0,0
P5,Joao Salomoni x Av. da Cavalhada,point,4.0,100.0,sim,548008,20121007,16:00,DOMINGO,-30.113088410000000,-51.226539000000002,AV CAVALHADA,,BOLETIM,1,0,0,0,0,0
P4,Corredor Av. Vicente Monteggia,polyline,4.1,50.0,sim,548576,20121011,11:50,QUINTA-FEIRA,-30.097698999999999,-51.224773999999996,AV VICENTE MONTEGGIA,,BOLETIM,0,0,0,0,0,0
P4,Corredor Av. Vicente Monteggia,polyline,6.9,50.0,sim,548204,20121011,12:15,QUINTA-FEIRA,-30.107058450000000,-51.222237999999997,AV VICENTE MONTEGGIA,,BOLETIM,1,0,0,0,0,0
P9,Entroncamento Rua Santuario x Av. Oscar Pereira,point,64.8,100.0,sim,548959,20121015,16:30,SEGUNDA-FEIRA,-30.096214849999999,-51.177835999999999,AV PROF OSCAR PEREIRA,,BOLETIM,1,0,0,1,0,0
P5,Joao Salomoni x Av. da Cavalhada,point,4.0,100.0,sim,548724,20121015,17:45,SEGUNDA-FEIRA,-30.113088410000000,-51.226539000000002,AV CAVALHADA,,BOLETIM,0,0,0,0,0,0
P5,Joao Salomoni x Av. da Cavalhada,point,154.6,100.0,nao_contexto,548987,20121018,11:45,QUINTA-FEIRA,-30.114452000000000,-51.226126999999998,AV CAVALHADA,,BOLETIM,0,0,0,0,0,0
P3,Acesso Av. Vicente Monteggia via Joao Salomoni/Rodrigues,point,58.0,100.0,sim,549065,20121019,09:20,SEXTA-FEIRA,-30.114982000000001,-51.212408000000003,AV VICENTE MONTEGGIA,,BOLETIM,0,0,0,0,0,0
P4,Corredor Av. Vicente Monteggia,polyline,2.3,50.0,sim,549065,20121019,09:20,SEXTA-FEIRA,-30.114982000000001,-51.212408000000003,AV VICENTE MONTEGGIA,,BOLETIM,0,0,0,0,0,0
P1,Rotula Estr. 3 Meninas x Estr. Cristiano Kraemer,point,7.7,100.0,sim,559169,20121019,12:01,SEXTA-FEIRA,-30.118299000000000,-51.203268999999999,ESTR DAS TRES MENINAS,ESTR CRISTIANO KRAEMER,BOLETIM,0,0,0,0,0,0
P4,Corredor Av. Vicente Monteggia,polyline,76.9,50.0,nao_contexto,549251,20121022,17:50,SEGUNDA-FEIRA,-30.094740000000002,-51.224930000000001,AV NONOAI,,BOLETIM,0,0,0,0,0,0
P4,Corredor Av. Vicente Monteggia,polyline,4.7,50.0,sim,557647,20121024,22:30,QUARTA-FEIRA,-30.095149280000001,-51.225779000000003,AV CAVALHADA,,BOLETIM,0,0,0,0,0,0
P4,Corredor Av. Vicente Monteggia,polyline,2.1,50.0,sim,549502,20121024,07:20,QUARTA-FEIRA,-30.100792999999999,-51.224783000000002,AV OTTO NIEMEYER,AV VICENTE MONTEGGIA,BOLETIM,0,0,0,0,0,0
P5,Joao Salomoni x Av. da Cavalhada,point,6.4,100.0,sim,549108,20121024,08:10,QUARTA-FEIRA,-30.113044750000000,-51.226481000000000,ESTR JOAO SALOMONI,AV CAVALHADA,BOLETIM,0,0,0,0,0,0
P3,Acesso Av. Vicente Monteggia via Joao Salomoni/Rodrigues,point,96.7,100.0,sim,549639,20121027,23:00,SABADO,-30.115683000000001,-51.211497000000001,AV RODRIGUES DA FONSECA,,BOLETIM,0,0,0,0,0,0
P4,Corredor Av. Vicente Monteggia,polyline,90.5,50.0,nao_contexto,549639,20121027,23:00,SABADO,-30.115683000000001,-51.211497000000001,AV RODRIGUES DA FONSECA,,BOLETIM,0,0,0,0,0,0
P1,Rotula Estr. 3 Meninas x Estr. Cristiano Kraemer,point,89.9,100.0,sim,549357,20121027,22:50,SABADO,-30.119064999999999,-51.202855000000000,ESTR CRISTIANO KRAEMER,,BOLETIM,1,0,0,0,0,0
P7,Estr. 3 Meninas x Estr. Costa Gama,point,88.6,100.0,sim,550042,20121028,06:20,DOMINGO,-30.134491000000001,-51.175468000000002,ESTR COSTA GAMA,,BOLETIM,0,0,0,0,0,0
P5,Joao Salomoni x Av. da Cavalhada,point,8.5,100.0,sim,549768,20121031,07:55,QUARTA-FEIRA,-30.113078399999999,-51.226415000000003,AV CAVALHADA,,BOLETIM,0,0,0,0,0,0
P8,Estr. Costa Gama x Estr. Afonso Lourenco Mariante,point,181.0,100.0,nao_contexto,549838,20121101,17:30,QUINTA-FEIRA,-30.116482999999999,-51.178198000000002,R JOAO DO COUTO,,BOLETIM,1,1,0,1,0,0
P5,Joao Salomoni x Av. da Cavalhada,point,154.6,100.0,nao_contexto,550017,20121102,16:30,SEXTA-FEIRA,-30.114452000000000,-51.226126999999998,AV CAVALHADA,,BOLETIM,0,0,0,0,0,0
P4,Corredor Av. Vicente Monteggia,polyline,3.0,50.0,sim,550066,20121103,17:30,SABADO,-30.104051999999999,-51.223052000000003,AV VICENTE MONTEGGIA,,BOLETIM,0,0,0,0,0,0
P4,Corredor Av. Vicente Monteggia,polyline,4.1,50.0,sim,550423,20121106,07:20,TERCA-FEIRA,-30.097698999999999,-51.224773999999996,AV VICENTE MONTEGGIA,,BOLETIM,0,0,0,0,0,0
P5,Joao Salomoni x Av. da Cavalhada,point,6.4,100.0,sim,550417,20121106,07:10,TERCA-FEIRA,-30.113044750000000,-51.226481000000000,ESTR JOAO SALOMONI,AV CAVALHADA,BOLETIM,0,0,0,0,0,0
P8,Estr. Costa Gama x Estr. Afonso Lourenco Mariante,point,113.0,100.0,nao_contexto,550439,20121108,08:00,QUINTA-FEIRA,-30.115687000000001,-51.176051999999999,ESTR AFONSO LOURENCO MARIANTE,,BOLETIM,0,0,0,0,0,0
P4,Corredor Av. Vicente Monteggia,polyline,3.1,50.0,sim,550627,20121109,18:00,SEXTA-FEIRA,-30.112908000000001,-51.213633000000002,AV VICENTE MONTEGGIA,,BOLETIM,0,0,0,0,0,0
P5,Joao Salomoni x Av. da Cavalhada,point,13.9,100.0,sim,550881,20121114,17:50,QUARTA-FEIRA,-30.113049820000001,-51.226367560000000,ESTR JOAO SALAMONI,AV CAVALHADA,BOLETIM,0,0,0,0,0,1
P5,Joao Salomoni x Av. da Cavalhada,point,128.9,100.0,nao_contexto,550877,20121114,13:15,QUARTA-FEIRA,-30.114236999999999,-51.226239999999997,AV CAVALHADA,,BOLETIM,0,0,0,0,0,0
P4,Corredor Av. Vicente Monteggia,polyline,3.5,50.0,sim,550616,20121116,05:40,SEXTA-FEIRA,-30.108048000000000,-51.221252999999997,AV VICENTE MONTEGGIA,,BOLETIM,0,0,0,0,0,0
P4,Corredor Av. Vicente Monteggia,polyline,4.7,50.0,sim,550619,20121116,07:50,SEXTA-FEIRA,-30.111325000000001,-51.218192000000002,AV VICENTE MONTEGGIA,,BOLETIM,1,0,0,1,0,0
P4,Corredor Av. Vicente Monteggia,polyline,2.8,50.0,sim,551078,20121119,19:00,SEGUNDA-FEIRA,-30.112967000000001,-51.213549000000000,AV VICENTE MONTEGGIA,,BOLETIM,0,0,0,0,0,0
P4,Corredor Av. Vicente Monteggia,polyline,4.9,50.0,sim,551068,20121119,19:45,SEGUNDA-FEIRA,-30.113164000000001,-51.213161999999997,AV VICENTE MONTEGGIA,,BOLETIM,0,0,0,0,0,0
P8,Estr. Costa Gama x Estr. Afonso Lourenco Mariante,point,0.6,100.0,sim,551071,20121119,10:55,SEGUNDA-FEIRA,-30.115180840000001,-51.177064000000001,ESTR COSTA GAMA,ESTR AFONSO LOURENCO MARIANTE,BOLETIM,0,0,0,0,0,0
P4,Corredor Av. Vicente Monteggia,polyline,0.4,50.0,sim,551344,20121121,16:20,QUARTA-FEIRA,-30.095452999999999,-51.225529999999999,AV VICENTE MONTEGGIA,,BOLETIM,0,0,0,0,0,0
P4,Corredor Av. Vicente Monteggia,polyline,0.6,50.0,sim,551339,20121121,08:20,QUARTA-FEIRA,-30.110429109999998,-51.219022000000002,ESTR JOAO VEDANA,AV VICENTE MONTEGGIA,BOLETIM,0,0,0,0,0,0
P4,Corredor Av. Vicente Monteggia,polyline,3.7,50.0,sim,552245,20121122,19:00,QUINTA-FEIRA,-30.096128000000000,-51.225147999999997,AV VICENTE MONTEGGIA,,BOLETIM,1,0,0,1,0,0
P8,Estr. Costa Gama x Estr. Afonso Lourenco Mariante,point,36.9,100.0,sim,551319,20121122,07:20,QUINTA-FEIRA,-30.115369869999999,-51.176755000000000,ESTR AFONSO LOURENCO MARIANTE,,BOLETIM,0,0,0,0,0,0
P4,Corredor Av. Vicente Monteggia,polyline,4.7,50.0,sim,551610,20121126,13:15,SEGUNDA-FEIRA,-30.095149280000001,-51.225779000000003,AV CAVALHADA,,BOLETIM,0,0,0,0,0,0
P2,Confluencia Cristiano Kraemer x Belem Velho x Monte Cristo,point,30.0,100.0,sim,551613,20121126,14:00,SEGUNDA-FEIRA,-30.117675999999999,-51.206642000000002,AV RODRIGUES DA FONSECA,AV MONTE CRISTO,BOLETIM,0,0,0,0,0,0
P4,Corredor Av. Vicente Monteggia,polyline,68.6,50.0,nao_contexto,551546,20121127,18:26,TERCA-FEIRA,-30.095649000000002,-51.226277000000003,AV CAVALHADA,,BOLETIM,1,0,0,1,0,0
P8,Estr. Costa Gama x Estr. Afonso Lourenco Mariante,point,121.0,100.0,nao_contexto,551525,20121127,00:01,TERCA-FEIRA,-30.115584009999999,-51.175902000000001,BC DO BOQUEIRAO,,BOLETIM,1,0,0,0,0,0
P4,Corredor Av. Vicente Monteggia,polyline,1.9,50.0,sim,552231,20121206,20:20,QUINTA-FEIRA,-30.105644999999999,-51.222563000000001,AV VICENTE MONTEGGIA,,BOLETIM,2,0,0,1,1,0
P4,Corredor Av. Vicente Monteggia,polyline,2.1,50.0,sim,552535,20121208,11:20,SABADO,-30.100792999999999,-51.224783000000002,AV OTTO NIEMEYER,AV VICENTE MONTEGGIA,BOLETIM,0,0,0,0,0,0
P4,Corredor Av. Vicente Monteggia,polyline,0.0,50.0,sim,552408,20121209,00:10,DOMINGO,-30.100758610000000,-51.224733000000001,AV VICENTE MONTEGGIA,,BOLETIM,1,0,0,0,0,0
P4,Corredor Av. Vicente Monteggia,polyline,3.0,50.0,sim,552411,20121209,10:39,DOMINGO,-30.104051999999999,-51.223052000000003,AV VICENTE MONTEGGIA,,BOLETIM,2,0,0,1,0,0
P4,Corredor Av. Vicente Monteggia,polyline,58.3,50.0,nao_contexto,552599,20121210,14:30,SEGUNDA-FEIRA,-30.100694000000001,-51.225555000000000,AV OTTO NIEMEYER,,BOLETIM,0,0,0,0,0,0
P4,Corredor Av. Vicente Monteggia,polyline,2.1,50.0,sim,552602,20121210,16:20,SEGUNDA-FEIRA,-30.100792999999999,-51.224783000000002,AV OTTO NIEMEYER,AV VICENTE MONTEGGIA,BOLETIM,0,0,0,0,0,0
P4,Corredor Av. Vicente Monteggia,polyline,6.5,50.0,sim,552598,20121210,10:45,SEGUNDA-FEIRA,-30.113307370000001,-51.213003000000000,AV VICENTE MONTEGGIA,ESTR JOAO PASSUELO,BOLETIM,0,0,0,0,0,0
P4,Corredor Av. Vicente Monteggia,polyline,0.2,50.0,sim,552822,20121212,08:05,QUARTA-FEIRA,-30.102560000000000,-51.223368999999998,AV VICENTE MONTEGGIA,,BOLETIM,0,0,0,0,0,0
P4,Corredor Av. Vicente Monteggia,polyline,6.2,50.0,sim,552829,20121212,12:10,QUARTA-FEIRA,-30.103822990000001,-51.223139000000003,AV VICENTE MONTEGGIA,,BOLETIM,0,0,0,0,0,0
P4,Corredor Av. Vicente Monteggia,polyline,2.8,50.0,sim,552779,20121212,09:30,QUARTA-FEIRA,-30.108225999999998,-51.221037000000003,AV VICENTE MONTEGGIA,,BOLETIM,1,0,0,1,0,0
P4,Corredor Av. Vicente Monteggia,polyline,67.4,50.0,nao_contexto,552828,20121212,23:55,QUARTA-FEIRA,-30.109781999999999,-51.220413000000001,ESTR JOAO VEDANA,,BOLETIM,0,0,0,0,0,0
P1,Rotula Estr. 3 Meninas x Estr. Cristiano Kraemer,point,178.1,100.0,nao_contexto,552877,20121213,14:30,QUINTA-FEIRA,-30.118281000000000,-51.201338999999997,ESTR DAS TRES MENINAS,,BOLETIM,0,0,0,0,0,0
P4,Corredor Av. Vicente Monteggia,polyline,0.7,50.0,sim,553014,20121215,16:40,SABADO,-30.103885890000001,-51.223067999999998,ESTR ARACAJU,AV VICENTE MONTEGGIA,BOLETIM,0,0,0,0,0,0
P4,Corredor Av. Vicente Monteggia,polyline,7.1,50.0,sim,553446,20121222,19:20,SABADO,-30.095172999999999,-51.225712999999999,AV CAVALHADA,AV NONOAI,BOLETIM,0,0,0,0,0,0
P4,Corredor Av. Vicente Monteggia,polyline,0.9,50.0,sim,553467,20121222,15:40,SABADO,-30.111198999999999,-51.218418000000000,AV VICENTE MONTEGGIA,,BOLETIM,1,0,0,0,0,0
P2,Confluencia Cristiano Kraemer x Belem Velho x Monte Cristo,point,142.6,100.0,nao_contexto,553537,20121222,15:23,SABADO,-30.117845620000001,-51.207805000000000,AV MONTE CRISTO,,BOLETIM,0,0,0,1,0,0
P4,Corredor Av. Vicente Monteggia,polyline,4.5,50.0,sim,553491,20121224,06:30,SEGUNDA-FEIRA,-30.112461000000000,-51.214455000000001,AV VICENTE MONTEGGIA,,BOLETIM,1,0,0,1,0,0
P4,Corredor Av. Vicente Monteggia,polyline,4.2,50.0,sim,553957,20121228,17:05,SEXTA-FEIRA,-30.103018219999999,-51.223211999999997,AV VICENTE MONTEGGIA,,BOLETIM,0,0,0,0,0,0
P4,Corredor Av. Vicente Monteggia,polyline,8.3,50.0,sim,554094,20130103,06:10,QUINTA-FEIRA,-30.104987200000000,-51.222687999999998,AV VICENTE MONTEGGIA,,BOLETIM,0,0,0,0,0,0
P5,Joao Salomoni x Av. da Cavalhada,point,49.4,100.0,sim,554164,20130104,18:25,SEXTA-FEIRA,-30.112658000000000,-51.226551000000001,AV CAVALHADA,,BOLETIM,0,0,0,0,0,0
P4,Corredor Av. Vicente Monteggia,polyline,3.9,50.0,sim,554148,20130105,19:30,SABADO,-30.101824000000001,-51.223671000000003,AV VICENTE MONTEGGIA,,BOLETIM,1,0,0,0,0,1
P4,Corredor Av. Vicente Monteggia,polyline,2.7,50.0,sim,554480,20130108,22:00,TERCA-FEIRA,-30.105412999999999,-51.222622999999999,AV VICENTE MONTEGGIA,,BOLETIM,0,0,0,0,0,0
P4,Corredor Av. Vicente Monteggia,polyline,3.8,50.0,sim,554486,20130109,22:30,QUARTA-FEIRA,-30.097992000000001,-51.224957000000003,AV VICENTE MONTEGGIA,,BOLETIM,0,0,0,0,0,0
P4,Corredor Av. Vicente Monteggia,polyline,1.4,50.0,sim,577617,20130109,17:40,QUARTA-FEIRA,-30.100653999999999,-51.224823000000001,AV VICENTE MONTEGGIA,,BOLETIM,0,0,0,2,0,0
P4,Corredor Av. Vicente Monteggia,polyline,5.4,50.0,sim,554681,20130112,16:40,SABADO,-30.112520000000000,-51.214157000000000,AV VICENTE MONTEGGIA,,BOLETIM,0,0,0,0,0,0
P4,Corredor Av. Vicente Monteggia,polyline,68.6,50.0,nao_contexto,554716,20130113,19:40,DOMINGO,-30.095649000000002,-51.226277000000003,AV CAVALHADA,,BOLETIM,0,0,0,0,0,0
P4,Corredor Av. Vicente Monteggia,polyline,2.9,50.0,sim,555112,20130117,10:50,QUINTA-FEIRA,-30.099865999999999,-51.225316999999997,AV VICENTE MONTEGGIA,,BOLETIM,0,0,0,0,0,0
P2,Confluencia Cristiano Kraemer x Belem Velho x Monte Cristo,point,30.0,100.0,sim,555043,20130119,18:30,SABADO,-30.117675999999999,-51.206642000000002,AV RODRIGUES DA FONSECA,AV MONTE CRISTO,BOLETIM,0,0,0,0,0,0
P4,Corredor Av. Vicente Monteggia,polyline,14.4,50.0,sim,555406,20130123,08:20,QUARTA-FEIRA,-30.095066679999999,-51.225630000000002,AV NONOAI,,BOLETIM,0,0,0,0,0,0
P4,Corredor Av. Vicente Monteggia,polyline,7.2,50.0,sim,555247,20130123,08:30,QUARTA-FEIRA,-30.111754330000000,-51.217658000000000,AV VICENTE MONTEGGIA,,BOLETIM,1,0,0,0,0,0
P4,Corredor Av. Vicente Monteggia,polyline,59.2,50.0,nao_contexto,555490,20130125,17:00,SEXTA-FEIRA,-30.100345999999998,-51.225740000000002,R PANAMBI,,BOLETIM,1,0,0,1,0,0
P4,Corredor Av. Vicente Monteggia,polyline,4.8,50.0,sim,555499,20130125,20:40,SEXTA-FEIRA,-30.112423000000000,-51.215488000000001,AV VICENTE MONTEGGIA,,BOLETIM,0,0,0,0,0,0
P4,Corredor Av. Vicente Monteggia,polyline,7.1,50.0,sim,567164,20130128,00:05,SEGUNDA-FEIRA,-30.095172999999999,-51.225712999999999,R DR CAMPOS VELHO,AV CAVALHADA,BOLETIM,1,0,0,1,0,0
P4,Corredor Av. Vicente Monteggia,polyline,3.2,50.0,sim,555601,20130128,13:57,SEGUNDA-FEIRA,-30.112825999999998,-51.213746000000000,AV VICENTE MONTEGGIA,,BOLETIM,1,1,0,1,0,0
P3,Acesso Av. Vicente Monteggia via Joao Salomoni/Rodrigues,point,44.3,100.0,sim,555802,20130128,16:09,SEGUNDA-FEIRA,-30.115105000000000,-51.212421999999997,AV VICENTE MONTEGGIA,,BOLETIM,0,0,0,0,0,0
P4,Corredor Av. Vicente Monteggia,polyline,3.2,50.0,sim,555802,20130128,16:09,SEGUNDA-FEIRA,-30.115105000000000,-51.212421999999997,AV VICENTE MONTEGGIA,,BOLETIM,0,0,0,0,0,0
P4,Corredor Av. Vicente Monteggia,polyline,10.3,50.0,sim,555889,20130131,12:03,QUINTA-FEIRA,-30.103214980000001,-51.223317999999999,AV VICENTE MONTEGGIA,,BOLETIM,1,0,0,1,0,0
P4,Corredor Av. Vicente Monteggia,polyline,4.8,50.0,sim,555892,20130131,13:40,QUINTA-FEIRA,-30.110111000000000,-51.219234999999998,AV VICENTE MONTEGGIA,,BOLETIM,1,0,0,1,0,0
P5,Joao Salomoni x Av. da Cavalhada,point,154.6,100.0,nao_contexto,556007,20130131,16:45,QUINTA-FEIRA,-30.114452000000000,-51.226126999999998,AV CAVALHADA,,BOLETIM,0,0,0,1,0,0
P2,Confluencia Cristiano Kraemer x Belem Velho x Monte Cristo,point,59.8,100.0,sim,555901,20130131,19:00,QUINTA-FEIRA,-30.117488999999999,-51.206975999999997,AV RODRIGUES DA FONSECA,,BOLETIM,1,0,0,0,0,0
P4,Corredor Av. Vicente Monteggia,polyline,2.2,50.0,sim,555991,20130201,18:50,SEXTA-FEIRA,-30.104278999999998,-51.222988999999998,AV VICENTE MONTEGGIA,,BOLETIM,1,0,0,0,0,0
P2,Confluencia Cristiano Kraemer x Belem Velho x Monte Cristo,point,166.2,100.0,nao_contexto,559079,20130201,13:00,SEXTA-FEIRA,-30.118856999999998,-51.207217999999997,R CATARINO ANDREATTA,,BOLETIM,1,0,0,1,0,0
P4,Corredor Av. Vicente Monteggia,polyline,3.7,50.0,sim,556188,20130202,15:50,SABADO,-30.096128000000000,-51.225147999999997,AV VICENTE MONTEGGIA,,BOLETIM,0,0,0,1,0,0
P4,Corredor Av. Vicente Monteggia,polyline,0.0,50.0,sim,556371,20130207,14:10,QUINTA-FEIRA,-30.102615000000000,-51.223354000000000,AV VICENTE MONTEGGIA,,BOLETIM,1,0,0,1,0,0
P7,Estr. 3 Meninas x Estr. Costa Gama,point,78.3,100.0,sim,556667,20130210,18:20,DOMINGO,-30.134391879999999,-51.175462000000003,ESTR COSTA GAMA,,BOLETIM,0,0,0,0,0,0
P4,Corredor Av. Vicente Monteggia,polyline,0.3,50.0,sim,557084,20130220,12:05,QUARTA-FEIRA,-30.096827999999999,-51.224724000000002,AV VICENTE MONTEGGIA,AV FABIO ARAUJO SANTOS,BOLETIM,0,0,0,0,0,0
P4,Corredor Av. Vicente Monteggia,polyline,23.2,50.0,sim,557081,20130220,09:00,QUARTA-FEIRA,-30.100684000000001,-51.225166000000002,AV OTTO NIEMEYER,,BOLETIM,0,0,0,0,0,0
P4,Corredor Av. Vicente Monteggia,polyline,6.2,50.0,sim,557291,20130222,15:15,SEXTA-FEIRA,-30.110460650000000,-51.218919000000000,AV VICENTE MONTEGGIA,,BOLETIM,0,0,0,0,0,0
P5,Joao Salomoni x Av. da Cavalhada,point,4.0,100.0,sim,557292,20130222,16:20,SEXTA-FEIRA,-30.113088410000000,-51.226539000000002,AV CAVALHADA,,BOLETIM,0,0,0,0,0,0
P4,Corredor Av. Vicente Monteggia,polyline,5.9,50.0,sim,557268,20130225,09:50,SEGUNDA-FEIRA,-30.101178080000000,-51.224241999999997,AV VICENTE MONTEGGIA,,BOLETIM,1,0,1,1,0,0
P4,Corredor Av. Vicente Monteggia,polyline,6.1,50.0,sim,557326,20130225,18:00,SEGUNDA-FEIRA,-30.100397019999999,-51.224930000000001,AV VICENTE MONTEGGIA,,BOLETIM,1,0,0,1,0,0
P4,Corredor Av. Vicente Monteggia,polyline,6.5,50.0,sim,557668,20130226,20:20,TERCA-FEIRA,-30.113307370000001,-51.213003000000000,AV VICENTE MONTEGGIA,ESTR JOAO PASSUELO,BOLETIM,0,0,0,0,0,0
P4,Corredor Av. Vicente Monteggia,polyline,69.2,50.0,nao_contexto,557492,20130227,14:00,QUARTA-FEIRA,-30.094843120000000,-51.224941999999999,AV NONOAI,,BOLETIM,1,0,0,1,0,0
P4,Corredor Av. Vicente Monteggia,polyline,5.4,50.0,sim,557672,20130228,08:15,QUINTA-FEIRA,-30.095460920000001,-51.225383999999998,AV VICENTE MONTEGGIA,,BOLETIM,0,0,0,0,1,0
P6,Rota Florestan Fernandes / Estrada Kanazawa,polyline,5.3,50.0,sim,557720,20130301,14:40,SEXTA-FEIRA,-30.118870999999999,-51.192286000000003,R FLORESTAN FERNANDES,,BOLETIM,1,0,0,1,0,0
P5,Joao Salomoni x Av. da Cavalhada,point,13.9,100.0,sim,558159,20130305,08:15,TERCA-FEIRA,-30.113049820000001,-51.226367560000000,ESTR JOAO SALAMONI,AV CAVALHADA,BOLETIM,0,0,0,0,0,0
P4,Corredor Av. Vicente Monteggia,polyline,4.1,50.0,sim,558200,20130306,02:42,QUARTA-FEIRA,-30.107921000000001,-51.221407999999997,AV VICENTE MONTEGGIA,,BOLETIM,0,0,0,0,0,0
P4,Corredor Av. Vicente Monteggia,polyline,86.8,50.0,nao_contexto,558391,20130308,14:25,SEXTA-FEIRA,-30.094788000000001,-51.226605999999997,R DR CAMPOS VELHO,,BOLETIM,0,0,0,0,0,0
P4,Corredor Av. Vicente Monteggia,polyline,4.5,50.0,sim,558248,20130308,05:55,SEXTA-FEIRA,-30.110713000000001,-51.218746000000003,AV VICENTE MONTEGGIA,,BOLETIM,2,0,0,0,0,0
P4,Corredor Av. Vicente Monteggia,polyline,0.0,50.0,sim,558771,20130312,08:15,TERCA-FEIRA,-30.100758610000000,-51.224733000000001,AV VICENTE MONTEGGIA,,BOLETIM,0,0,0,0,0,0
P4,Corredor Av. Vicente Monteggia,polyline,8.3,50.0,sim,558493,20130312,07:45,TERCA-FEIRA,-30.104987200000000,-51.222687999999998,AV VICENTE MONTEGGIA,,BOLETIM,0,0,0,0,0,0
P4,Corredor Av. Vicente Monteggia,polyline,3.6,50.0,sim,558887,20130316,06:55,SABADO,-30.099689000000001,-51.225358999999997,AV VICENTE MONTEGGIA,,BOLETIM,0,0,0,0,0,0
P4,Corredor Av. Vicente Monteggia,polyline,0.1,50.0,sim,558942,20130319,07:30,TERCA-FEIRA,-30.097591000000001,-51.224660999999998,AV VICENTE MONTEGGIA,,BOLETIM,1,1,0,1,0,0
P4,Corredor Av. Vicente Monteggia,polyline,6.2,50.0,sim,559285,20130321,13:50,QUINTA-FEIRA,-30.105252680000000,-51.222631999999997,AV VICENTE MONTEGGIA,,BOLETIM,0,0,0,0,0,0
P4,Corredor Av. Vicente Monteggia,polyline,2.1,50.0,sim,559521,20130322,11:10,SEXTA-FEIRA,-30.100792999999999,-51.224783000000002,AV OTTO NIEMEYER,AV VICENTE MONTEGGIA,BOLETIM,0,0,0,0,0,0
P4,Corredor Av. Vicente Monteggia,polyline,9.0,50.0,sim,559196,20130322,22:00,SEXTA-FEIRA,-30.107761520000000,-51.221663999999997,AV VICENTE MONTEGGIA,,BOLETIM,1,0,0,0,0,0
P5,Joao Salomoni x Av. da Cavalhada,point,6.4,100.0,sim,559317,20130322,13:10,SEXTA-FEIRA,-30.113044750000000,-51.226481000000000,ESTR JOAO SALOMONI,AV CAVALHADA,BOLETIM,0,0,0,0,0,0
P1,Rotula Estr. 3 Meninas x Estr. Cristiano Kraemer,point,113.0,100.0,nao_contexto,559388,20130325,07:20,SEGUNDA-FEIRA,-30.117673000000000,-51.204106000000003,ESTR CRISTIANO KRAEMER,,BOLETIM,0,0,0,0,0,0
P6,Rota Florestan Fernandes / Estrada Kanazawa,polyline,76.2,50.0,nao_contexto,559432,20130326,14:40,TERCA-FEIRA,-30.122018000000001,-51.194775999999997,ESTR DAS TRES MENINAS,,BOLETIM,0,0,0,0,0,0
P4,Corredor Av. Vicente Monteggia,polyline,5.3,50.0,sim,560839,20130327,21:00,QUARTA-FEIRA,-30.103694090000001,-51.223154999999998,AV VICENTE MONTEGGIA,,BOLETIM,1,1,0,1,0,0
P5,Joao Salomoni x Av. da Cavalhada,point,189.8,100.0,nao_contexto,559613,20130328,12:30,QUINTA-FEIRA,-30.114722000000000,-51.225884999999998,AV CAVALHADA,,BOLETIM,0,0,0,0,0,0
P1,Rotula Estr. 3 Meninas x Estr. Cristiano Kraemer,point,70.8,100.0,sim,559558,20130328,10:25,QUINTA-FEIRA,-30.117892779999998,-51.203746000000002,ESTR CRISTIANO KRAEMER,,BOLETIM,1,0,0,0,1,0
P4,Corredor Av. Vicente Monteggia,polyline,2.8,50.0,sim,559605,20130329,07:50,SEXTA-FEIRA,-30.108225999999998,-51.221037000000003,AV VICENTE MONTEGGIA,,BOLETIM,0,0,0,0,0,0
P4,Corredor Av. Vicente Monteggia,polyline,5.4,50.0,sim,559976,20130402,15:30,TERCA-FEIRA,-30.095460920000001,-51.225383999999998,AV VICENTE MONTEGGIA,,BOLETIM,0,0,0,0,0,0
P3,Acesso Av. Vicente Monteggia via Joao Salomoni/Rodrigues,point,44.3,100.0,sim,559827,20130402,19:50,TERCA-FEIRA,-30.115105000000000,-51.212421999999997,AV VICENTE MONTEGGIA,,BOLETIM,1,0,0,0,0,0
P4,Corredor Av. Vicente Monteggia,polyline,3.2,50.0,sim,559827,20130402,19:50,TERCA-FEIRA,-30.115105000000000,-51.212421999999997,AV VICENTE MONTEGGIA,,BOLETIM,1,0,0,0,0,0
P8,Estr. Costa Gama x Estr. Afonso Lourenco Mariante,point,35.4,100.0,sim,559928,20130404,05:10,QUINTA-FEIRA,-30.115487410000000,-51.177166999999997,ESTR COSTA GAMA,,BOLETIM,1,0,0,0,0,0
P4,Corredor Av. Vicente Monteggia,polyline,5.9,50.0,sim,560161,20130408,07:45,SEGUNDA-FEIRA,-30.109412970000001,-51.219780000000000,AV VICENTE MONTEGGIA,,BOLETIM,1,0,0,1,0,0
P4,Corredor Av. Vicente Monteggia,polyline,7.1,50.0,sim,560646,20130410,23:30,QUARTA-FEIRA,-30.095172999999999,-51.225712999999999,R DR CAMPOS VELHO,AV CAVALHADA,BOLETIM,0,0,0,0,0,0
P4,Corredor Av. Vicente Monteggia,polyline,2.1,50.0,sim,560415,20130411,07:00,QUINTA-FEIRA,-30.100792999999999,-51.224783000000002,AV OTTO NIEMEYER,AV VICENTE MONTEGGIA,BOLETIM,0,0,0,1,0,0
P4,Corredor Av. Vicente Monteggia,polyline,48.9,50.0,sim,560635,20130413,15:50,SABADO,-30.094957000000001,-51.226264000000000,R DR CAMPOS VELHO,,BOLETIM,0,0,0,0,0,0
P2,Confluencia Cristiano Kraemer x Belem Velho x Monte Cristo,point,44.3,100.0,sim,560663,20130414,19:15,DOMINGO,-30.117713999999999,-51.205934999999997,ESTR CRISTIANO KRAEMER,,BOLETIM,1,0,0,0,1,0
P5,Joao Salomoni x Av. da Cavalhada,point,113.9,100.0,nao_contexto,560702,20130415,07:40,SEGUNDA-FEIRA,-30.113132430000000,-51.225315999999999,ESTR JOAO SALOMONI,,BOLETIM,1,0,0,1,0,0
P2,Confluencia Cristiano Kraemer x Belem Velho x Monte Cristo,point,189.0,100.0,nao_contexto,560773,20130415,07:40,SEGUNDA-FEIRA,-30.116852999999999,-51.208146999999997,AV RODRIGUES DA FONSECA,,BOLETIM,0,0,0,1,0,0
P4,Corredor Av. Vicente Monteggia,polyline,7.1,50.0,sim,561208,20130416,06:30,TERCA-FEIRA,-30.095172949999998,-51.225712999999999,AV VICENTE MONTEGGIA,AV CAVALHADA,BOLETIM,0,0,0,0,0,0
P4,Corredor Av. Vicente Monteggia,polyline,7.1,50.0,sim,561275,20130417,12:45,QUARTA-FEIRA,-30.095172999999999,-51.225712999999999,R DR CAMPOS VELHO,AV NONOAI,BOLETIM,1,0,0,1,0,0
P4,Corredor Av. Vicente Monteggia,polyline,4.9,50.0,sim,560859,20130417,17:45,QUARTA-FEIRA,-30.100330629999998,-51.224994000000002,AV VICENTE MONTEGGIA,,BOLETIM,1,0,0,0,0,0
P5,Joao Salomoni x Av. da Cavalhada,point,6.4,100.0,sim,561251,20130417,21:00,QUARTA-FEIRA,-30.113044750000000,-51.226481000000000,ESTR JOAO SALOMONI,AV CAVALHADA,BOLETIM,0,0,0,0,0,0
P5,Joao Salomoni x Av. da Cavalhada,point,6.4,100.0,sim,561258,20130417,07:24,QUARTA-FEIRA,-30.113044750000000,-51.226481000000000,ESTR JOAO SALOMONI,AV CAVALHADA,BOLETIM,0,0,0,0,0,0
P3,Acesso Av. Vicente Monteggia via Joao Salomoni/Rodrigues,point,168.5,100.0,nao_contexto,561268,20130417,14:50,QUARTA-FEIRA,-30.113992509999999,-51.212662999999999,AV VICENTE MONTEGGIA,,BOLETIM,0,0,0,0,0,0
P4,Corredor Av. Vicente Monteggia,polyline,4.9,50.0,sim,561268,20130417,14:50,QUARTA-FEIRA,-30.113992509999999,-51.212662999999999,AV VICENTE MONTEGGIA,,BOLETIM,0,0,0,0,0,0
P4,Corredor Av. Vicente Monteggia,polyline,4.7,50.0,sim,561015,20130419,20:30,SEXTA-FEIRA,-30.095149280000001,-51.225779000000003,AV CAVALHADA,,BOLETIM,0,0,0,0,0,0
P4,Corredor Av. Vicente Monteggia,polyline,7.1,50.0,sim,561024,20130419,16:35,SEXTA-FEIRA,-30.095172999999999,-51.225712999999999,R DR CAMPOS VELHO,AV CAVALHADA,BOLETIM,0,0,0,0,0,1
P4,Corredor Av. Vicente Monteggia,polyline,5.9,50.0,sim,561029,20130419,11:12,SEXTA-FEIRA,-30.109412970000001,-51.219780000000000,AV VICENTE MONTEGGIA,,BOLETIM,0,0,0,0,0,0
P5,Joao Salomoni x Av. da Cavalhada,point,4.0,100.0,sim,561004,20130420,19:10,SABADO,-30.113088410000000,-51.226539000000002,AV CAVALHADA,,BOLETIM,0,0,0,0,0,0
P4,Corredor Av. Vicente Monteggia,polyline,0.0,50.0,sim,563495,20130421,20:30,DOMINGO,-30.100758610000000,-51.224733000000001,AV VICENTE MONTEGGIA,,BOLETIM,1,0,0,0,0,0
P4,Corredor Av. Vicente Monteggia,polyline,2.1,50.0,sim,561599,20130426,07:25,SEXTA-FEIRA,-30.100792999999999,-51.224783000000002,AV OTTO NIEMEYER,AV VICENTE MONTEGGIA,BOLETIM,0,0,0,0,0,0
P4,Corredor Av. Vicente Monteggia,polyline,21.5,50.0,sim,561730,20130429,07:15,SEGUNDA-FEIRA,-30.095056039999999,-51.225375000000000,AV NONOAI,,BOLETIM,0,0,0,0,0,0
P4,Corredor Av. Vicente Monteggia,polyline,7.1,50.0,sim,562111,20130429,20:00,SEGUNDA-FEIRA,-30.095172999999999,-51.225712999999999,R DR CAMPOS VELHO,AV CAVALHADA,BOLETIM,0,0,0,0,0,0
P4,Corredor Av. Vicente Monteggia,polyline,6.5,50.0,sim,562571,20130506,22:50,SEGUNDA-FEIRA,-30.113307370000001,-51.213003000000000,AV VICENTE MONTEGGIA,ESTR JOAO PASSUELO,BOLETIM,0,0,0,0,0,0
P4,Corredor Av. Vicente Monteggia,polyline,6.2,50.0,sim,562076,20130508,07:45,QUARTA-FEIRA,-30.110460650000000,-51.218919000000000,AV VICENTE MONTEGGIA,,BOLETIM,1,0,0,1,0,0
P9,Entroncamento Rua Santuario x Av. Oscar Pereira,point,171.4,100.0,nao_contexto,562510,20130510,17:00,SEXTA-FEIRA,-30.097937999999999,-51.176912000000002,AV PROF OSCAR PEREIRA,,BOLETIM,0,0,0,0,0,0
P4,Corredor Av. Vicente Monteggia,polyline,4.3,50.0,sim,562343,20130513,07:50,SEGUNDA-FEIRA,-30.099332109999999,-51.225333999999997,AV VICENTE MONTEGGIA,,BOLETIM,3,1,0,1,0,0
P5,Joao Salomoni x Av. da Cavalhada,point,13.9,100.0,sim,562789,20130513,14:00,SEGUNDA-FEIRA,-30.113049820000001,-51.226367560000000,ESTR JOAO SALAMONI,AV CAVALHADA,BOLETIM,0,0,0,0,0,0
P4,Corredor Av. Vicente Monteggia,polyline,5.9,50.0,sim,562921,20130515,13:10,QUARTA-FEIRA,-30.109412970000001,-51.219780000000000,AV VICENTE MONTEGGIA,,BOLETIM,0,0,0,0,0,0
P4,Corredor Av. Vicente Monteggia,polyline,7.1,50.0,sim,562701,20130517,06:45,SEXTA-FEIRA,-30.095172999999999,-51.225712999999999,R DR CAMPOS VELHO,AV CAVALHADA,BOLETIM,0,0,0,0,0,1
P6,Rota Florestan Fernandes / Estrada Kanazawa,polyline,23.2,50.0,sim,563049,20130517,12:40,SEXTA-FEIRA,-30.119935999999999,-51.197220999999999,ESTR DAS TRES MENINAS,,BOLETIM,0,0,0,0,0,0
P5,Joao Salomoni x Av. da Cavalhada,point,45.3,100.0,sim,562726,20130518,15:00,SABADO,-30.113498000000000,-51.226398000000003,AV CAVALHADA,,BOLETIM,2,0,0,0,0,0
P4,Corredor Av. Vicente Monteggia,polyline,7.1,50.0,sim,563392,20130522,20:00,QUARTA-FEIRA,-30.095172999999999,-51.225712999999999,R DR CAMPOS VELHO,AV NONOAI,BOLETIM,0,0,0,0,0,0
P3,Acesso Av. Vicente Monteggia via Joao Salomoni/Rodrigues,point,168.5,100.0,nao_contexto,563440,20130522,07:15,QUARTA-FEIRA,-30.113992509999999,-51.212662999999999,AV VICENTE MONTEGGIA,,BOLETIM,0,0,0,0,0,0
P4,Corredor Av. Vicente Monteggia,polyline,4.9,50.0,sim,563440,20130522,07:15,QUARTA-FEIRA,-30.113992509999999,-51.212662999999999,AV VICENTE MONTEGGIA,,BOLETIM,0,0,0,0,0,0
P4,Corredor Av. Vicente Monteggia,polyline,21.5,50.0,sim,563553,20130523,10:35,QUINTA-FEIRA,-30.095056039999999,-51.225375000000000,AV NONOAI,,BOLETIM,0,0,0,0,0,1
P7,Estr. 3 Meninas x Estr. Costa Gama,point,69.8,100.0,sim,563558,20130523,08:25,QUINTA-FEIRA,-30.134326000000001,-51.175511000000000,ESTR COSTA GAMA,,BOLETIM,0,0,0,0,0,0
P4,Corredor Av. Vicente Monteggia,polyline,5.1,50.0,sim,564302,20130524,18:00,SEXTA-FEIRA,-30.107507999999999,-51.221893999999999,AV VICENTE MONTEGGIA,,BOLETIM,1,0,0,1,0,0
P5,Joao Salomoni x Av. da Cavalhada,point,4.0,100.0,sim,563755,20130527,14:15,SEGUNDA-FEIRA,-30.113088410000000,-51.226539000000002,AV CAVALHADA,,BOLETIM,0,0,0,0,0,0
P6,Rota Florestan Fernandes / Estrada Kanazawa,polyline,1.6,50.0,sim,563595,20130530,15:20,QUINTA-FEIRA,-30.117538000000000,-51.184246999999999,AV BELEM VELHO,ESTR KANAZAWA,BOLETIM,1,0,0,1,0,0
P2,Confluencia Cristiano Kraemer x Belem Velho x Monte Cristo,point,101.0,100.0,nao_contexto,592983,20130531,17:55,SEXTA-FEIRA,-30.117737000000002,-51.207389999999997,R CATARINO ANDREATTA,AV MONTE CRISTO,BOLETIM,1,0,0,0,0,1
P3,Acesso Av. Vicente Monteggia via Joao Salomoni/Rodrigues,point,44.3,100.0,sim,563596,20130603,22:10,SEGUNDA-FEIRA,-30.115105000000000,-51.212421999999997,AV VICENTE MONTEGGIA,,BOLETIM,0,0,0,0,0,0
P4,Corredor Av. Vicente Monteggia,polyline,3.2,50.0,sim,563596,20130603,22:10,SEGUNDA-FEIRA,-30.115105000000000,-51.212421999999997,AV VICENTE MONTEGGIA,,BOLETIM,0,0,0,0,0,0
P4,Corredor Av. Vicente Monteggia,polyline,5.5,50.0,sim,563973,20130604,12:30,TERCA-FEIRA,-30.103728860000000,-51.223149999999997,AV VICENTE MONTEGGIA,,BOLETIM,0,0,0,0,0,0
P4,Corredor Av. Vicente Monteggia,polyline,12.5,50.0,sim,564071,20130606,23:55,QUINTA-FEIRA,-30.095101199999998,-51.225453999999999,AV NONOAI,,BOLETIM,1,0,0,1,0,0
P1,Rotula Estr. 3 Meninas x Estr. Cristiano Kraemer,point,7.7,100.0,sim,567762,20130606,18:30,QUINTA-FEIRA,-30.118299000000000,-51.203268999999999,ESTR DAS TRES MENINAS,ESTR CRISTIANO KRAEMER,BOLETIM,1,0,0,1,0,0
P4,Corredor Av. Vicente Monteggia,polyline,4.7,50.0,sim,564188,20130610,20:00,SEGUNDA-FEIRA,-30.095149280000001,-51.225779000000003,AV CAVALHADA,,BOLETIM,1,0,0,2,0,0
P4,Corredor Av. Vicente Monteggia,polyline,2.6,50.0,sim,570111,20130611,18:25,TERCA-FEIRA,-30.103624000000000,-51.223140000000001,AV VICENTE MONTEGGIA,,BOLETIM,1,0,0,1,0,0
P9,Entroncamento Rua Santuario x Av. Oscar Pereira,point,71.3,100.0,sim,564480,20130612,12:00,QUARTA-FEIRA,-30.096166000000000,-51.177795000000003,AV PROF OSCAR PEREIRA,,BOLETIM,1,0,0,1,0,0
P5,Joao Salomoni x Av. da Cavalhada,point,4.0,100.0,sim,564313,20130612,09:00,QUARTA-FEIRA,-30.113088410000000,-51.226539000000002,AV CAVALHADA,,BOLETIM,1,0,0,1,0,0
P3,Acesso Av. Vicente Monteggia via Joao Salomoni/Rodrigues,point,10.5,100.0,sim,564501,20130613,18:00,QUINTA-FEIRA,-30.115496000000000,-51.212370999999997,AV RODRIGUES DA FONSECA,,BOLETIM,1,0,0,0,0,0
P4,Corredor Av. Vicente Monteggia,polyline,4.4,50.0,sim,564501,20130613,18:00,QUINTA-FEIRA,-30.115496000000000,-51.212370999999997,AV RODRIGUES DA FONSECA,,BOLETIM,1,0,0,0,0,0
P3,Acesso Av. Vicente Monteggia via Joao Salomoni/Rodrigues,point,10.4,100.0,sim,564505,20130613,20:00,QUINTA-FEIRA,-30.115548000000000,-51.212387000000000,AV RODRIGUES DA FONSECA,,BOLETIM,1,0,0,1,0,0
P4,Corredor Av. Vicente Monteggia,polyline,3.6,50.0,sim,564505,20130613,20:00,QUINTA-FEIRA,-30.115548000000000,-51.212387000000000,AV RODRIGUES DA FONSECA,,BOLETIM,1,0,0,1,0,0
P8,Estr. Costa Gama x Estr. Afonso Lourenco Mariante,point,83.3,100.0,sim,564791,20130614,10:20,SEXTA-FEIRA,-30.115902349999999,-51.177300000000002,ESTR COSTA GAMA,,BOLETIM,0,0,0,0,0,0
P8,Estr. Costa Gama x Estr. Afonso Lourenco Mariante,point,0.6,100.0,sim,564613,20130615,19:00,SABADO,-30.115180840000001,-51.177064000000001,ESTR COSTA GAMA,ESTR AFONSO LOURENCO MARIANTE,BOLETIM,1,0,0,1,0,0
P2,Confluencia Cristiano Kraemer x Belem Velho x Monte Cristo,point,150.9,100.0,nao_contexto,564672,20130616,23:50,DOMINGO,-30.117867440000001,-51.207887999999997,AV MONTE CRISTO,,BOLETIM,1,0,0,0,0,0
P4,Corredor Av. Vicente Monteggia,polyline,8.0,50.0,sim,564805,20130618,12:20,TERCA-FEIRA,-30.102964320000002,-51.223354999999998,AV VICENTE MONTEGGIA,,BOLETIM,0,0,0,0,0,0
P4,Corredor Av. Vicente Monteggia,polyline,7.1,50.0,sim,564873,20130620,08:15,QUINTA-FEIRA,-30.095172999999999,-51.225712999999999,R DR CAMPOS VELHO,AV NONOAI,BOLETIM,0,0,0,1,0,0
P3,Acesso Av. Vicente Monteggia via Joao Salomoni/Rodrigues,point,168.5,100.0,nao_contexto,564948,20130621,14:30,SEXTA-FEIRA,-30.113992509999999,-51.212662999999999,AV VICENTE MONTEGGIA,,BOLETIM,1,1,0,1,0,0
P4,Corredor Av. Vicente Monteggia,polyline,4.9,50.0,sim,564948,20130621,14:30,SEXTA-FEIRA,-30.113992509999999,-51.212662999999999,AV VICENTE MONTEGGIA,,BOLETIM,1,1,0,1,0,0
P5,Joao Salomoni x Av. da Cavalhada,point,6.4,100.0,sim,565042,20130622,14:20,SABADO,-30.113044750000000,-51.226481000000000,ESTR JOAO SALOMONI,AV CAVALHADA,BOLETIM,0,0,0,0,0,0
P6,Rota Florestan Fernandes / Estrada Kanazawa,polyline,25.4,50.0,sim,565191,20130625,19:30,TERCA-FEIRA,-30.117423859999999,-51.184896000000002,AV BELEM VELHO,,BOLETIM,3,1,0,0,0,0
P4,Corredor Av. Vicente Monteggia,polyline,14.4,50.0,sim,565402,20130628,19:10,SEXTA-FEIRA,-30.095066679999999,-51.225630000000002,AV NONOAI,,BOLETIM,1,0,0,1,0,0
P4,Corredor Av. Vicente Monteggia,polyline,7.1,50.0,sim,565503,20130630,09:40,DOMINGO,-30.095172999999999,-51.225712999999999,AV VICENTE MONTEGGIA,AV NONOAI,BOLETIM,0,0,0,0,0,0
P4,Corredor Av. Vicente Monteggia,polyline,5.5,50.0,sim,566945,20130701,12:50,SEGUNDA-FEIRA,-30.106349999999999,-51.222431999999998,AV VICENTE MONTEGGIA,,BOLETIM,1,0,0,1,0,0
P4,Corredor Av. Vicente Monteggia,polyline,2.1,50.0,sim,565696,20130703,12:15,QUARTA-FEIRA,-30.100792999999999,-51.224783000000002,AV OTTO NIEMEYER,AV VICENTE MONTEGGIA,BOLETIM,1,0,0,0,0,0
P4,Corredor Av. Vicente Monteggia,polyline,7.1,50.0,sim,565720,20130704,07:20,QUINTA-FEIRA,-30.095172999999999,-51.225712999999999,R DR CAMPOS VELHO,AV NONOAI,BOLETIM,1,0,0,0,0,1
P1,Rotula Estr. 3 Meninas x Estr. Cristiano Kraemer,point,70.8,100.0,sim,565814,20130705,13:00,SEXTA-FEIRA,-30.117892779999998,-51.203746000000002,ESTR CRISTIANO KRAEMER,,BOLETIM,1,0,0,2,0,0
P4,Corredor Av. Vicente Monteggia,polyline,21.5,50.0,sim,565918,20130706,12:30,SABADO,-30.095056039999999,-51.225375000000000,AV NONOAI,,BOLETIM,0,0,0,0,0,0
P4,Corredor Av. Vicente Monteggia,polyline,75.7,50.0,nao_contexto,565919,20130706,13:50,SABADO,-30.095694000000002,-51.226329999999997,AV CAVALHADA,,BOLETIM,0,0,0,0,0,0
P4,Corredor Av. Vicente Monteggia,polyline,4.1,50.0,sim,566143,20130709,12:30,TERCA-FEIRA,-30.097698999999999,-51.224773999999996,AV VICENTE MONTEGGIA,,BOLETIM,0,0,0,0,0,0
P4,Corredor Av. Vicente Monteggia,polyline,4.9,50.0,sim,566210,20130711,20:43,QUINTA-FEIRA,-30.113164000000001,-51.213161999999997,AV VICENTE MONTEGGIA,,BOLETIM,2,0,0,1,0,0
P4,Corredor Av. Vicente Monteggia,polyline,7.1,50.0,sim,566344,20130713,08:00,SABADO,-30.095172999999999,-51.225712999999999,R DR CAMPOS VELHO,AV NONOAI,BOLETIM,0,0,0,0,0,0
P4,Corredor Av. Vicente Monteggia,polyline,6.7,50.0,sim,566304,20130713,23:40,SABADO,-30.103685760000001,-51.223030000000001,AV VICENTE MONTEGGIA,,BOLETIM,3,0,0,2,0,0
P1,Rotula Estr. 3 Meninas x Estr. Cristiano Kraemer,point,170.2,100.0,nao_contexto,566398,20130713,18:30,SABADO,-30.117446000000001,-51.204650999999998,ESTR CRISTIANO KRAEMER,,BOLETIM,0,0,0,0,0,0
P2,Confluencia Cristiano Kraemer x Belem Velho x Monte Cristo,point,164.9,100.0,nao_contexto,566398,20130713,18:30,SABADO,-30.117446000000001,-51.204650999999998,ESTR CRISTIANO KRAEMER,,BOLETIM,0,0,0,0,0,0
P4,Corredor Av. Vicente Monteggia,polyline,5.4,50.0,sim,566491,20130716,18:10,TERCA-FEIRA,-30.095460920000001,-51.225383999999998,AV VICENTE MONTEGGIA,,BOLETIM,1,0,0,1,0,0
P4,Corredor Av. Vicente Monteggia,polyline,3.1,50.0,sim,566460,20130716,09:00,TERCA-FEIRA,-30.107299999999999,-51.222088999999997,R AMAPA,AV VICENTE MONTEGGIA,BOLETIM,1,0,0,0,0,1
P9,Entroncamento Rua Santuario x Av. Oscar Pereira,point,59.3,100.0,sim,566544,20130717,16:05,QUARTA-FEIRA,-30.096271999999999,-51.177824000000001,AV PROF OSCAR PEREIRA,,BOLETIM,1,0,0,1,0,0
P8,Estr. Costa Gama x Estr. Afonso Lourenco Mariante,point,0.6,100.0,sim,572508,20130718,17:30,QUINTA-FEIRA,-30.115180840000001,-51.177064000000001,ESTR COSTA GAMA,ESTR AFONSO LOURENCO MARIANTE,BOLETIM,1,0,0,1,0,0
P4,Corredor Av. Vicente Monteggia,polyline,24.7,50.0,sim,566681,20130720,16:30,SABADO,-30.113497469999999,-51.212654999999998,ESTR JOAO PASSUELO,,BOLETIM,2,0,0,1,0,0
P4,Corredor Av. Vicente Monteggia,polyline,0.3,50.0,sim,566693,20130721,10:30,DOMINGO,-30.101939999999999,-51.223551000000000,AV VICENTE MONTEGGIA,,BOLETIM,2,0,0,1,0,0
P1,Rotula Estr. 3 Meninas x Estr. Cristiano Kraemer,point,113.9,100.0,nao_contexto,566826,20130722,14:50,SEGUNDA-FEIRA,-30.119299999999999,-51.202888000000002,ESTR CRISTIANO KRAEMER,,BOLETIM,0,0,0,0,0,0
P4,Corredor Av. Vicente Monteggia,polyline,7.5,50.0,sim,566927,20130724,18:50,QUARTA-FEIRA,-30.113236000000001,-51.213057999999997,AV VICENTE MONTEGGIA,,BOLETIM,2,0,0,1,0,0
P4,Corredor Av. Vicente Monteggia,polyline,6.9,50.0,sim,567083,20130726,22:39,SEXTA-FEIRA,-30.108006719999999,-51.221350000000001,AV VICENTE MONTEGGIA,,BOLETIM,2,0,0,0,0,0
P4,Corredor Av. Vicente Monteggia,polyline,4.7,50.0,sim,567139,20130728,07:30,DOMINGO,-30.095149280000001,-51.225779000000003,AV CAVALHADA,,BOLETIM,1,0,0,0,0,0
P4,Corredor Av. Vicente Monteggia,polyline,6.2,50.0,sim,567256,20130730,14:30,TERCA-FEIRA,-30.103105530000001,-51.223170000000003,AV VICENTE MONTEGGIA,,BOLETIM,1,0,0,1,0,0
P4,Corredor Av. Vicente Monteggia,polyline,7.1,50.0,sim,567769,20130731,18:30,QUARTA-FEIRA,-30.095172999999999,-51.225712999999999,R DR CAMPOS VELHO,AV CAVALHADA,BOLETIM,1,0,0,1,0,0
P4,Corredor Av. Vicente Monteggia,polyline,2.1,50.0,sim,567383,20130731,12:40,QUARTA-FEIRA,-30.100792999999999,-51.224783000000002,AV OTTO NIEMEYER,AV VICENTE MONTEGGIA,BOLETIM,0,0,0,0,0,0
P4,Corredor Av. Vicente Monteggia,polyline,7.1,50.0,sim,567490,20130801,05:25,QUINTA-FEIRA,-30.095172999999999,-51.225712999999999,R DR CAMPOS VELHO,AV NONOAI,BOLETIM,0,0,0,0,0,0
P4,Corredor Av. Vicente Monteggia,polyline,2.1,50.0,sim,567551,20130801,07:50,QUINTA-FEIRA,-30.100792999999999,-51.224783000000002,AV OTTO NIEMEYER,AV VICENTE MONTEGGIA,BOLETIM,0,0,0,0,0,0
P5,Joao Salomoni x Av. da Cavalhada,point,160.9,100.0,nao_contexto,567376,20130801,13:00,QUINTA-FEIRA,-30.114490000000000,-51.226033999999999,AV CAVALHADA,,BOLETIM,1,1,0,1,0,0
P4,Corredor Av. Vicente Monteggia,polyline,7.1,50.0,sim,568075,20130805,21:45,SEGUNDA-FEIRA,-30.095172999999999,-51.225712999999999,R DR CAMPOS VELHO,AV NONOAI,BOLETIM,0,0,0,0,0,0
P4,Corredor Av. Vicente Monteggia,polyline,7.1,50.0,sim,567812,20130807,14:20,QUARTA-FEIRA,-30.095172999999999,-51.225712999999999,R DR CAMPOS VELHO,AV NONOAI,BOLETIM,2,0,0,0,0,0
P4,Corredor Av. Vicente Monteggia,polyline,6.5,50.0,sim,567854,20130807,12:40,QUARTA-FEIRA,-30.113307370000001,-51.213003000000000,AV VICENTE MONTEGGIA,ESTR JOAO PASSUELO,BOLETIM,0,0,0,0,0,0
P5,Joao Salomoni x Av. da Cavalhada,point,13.9,100.0,sim,567889,20130808,10:00,QUINTA-FEIRA,-30.113049820000001,-51.226367560000000,ESTR JOAO SALAMONI,AV CAVALHADA,BOLETIM,0,0,0,0,0,0
P4,Corredor Av. Vicente Monteggia,polyline,68.6,50.0,nao_contexto,568273,20130809,22:30,SEXTA-FEIRA,-30.095649000000002,-51.226277000000003,AV CAVALHADA,,BOLETIM,1,0,0,0,0,0
P8,Estr. Costa Gama x Estr. Afonso Lourenco Mariante,point,0.6,100.0,sim,567928,20130809,08:45,SEXTA-FEIRA,-30.115180840000001,-51.177064000000001,ESTR COSTA GAMA,ESTR AFONSO LOURENCO MARIANTE,BOLETIM,0,0,0,0,0,0
P4,Corredor Av. Vicente Monteggia,polyline,5.4,50.0,sim,568293,20130811,07:00,DOMINGO,-30.095460920000001,-51.225383999999998,AV VICENTE MONTEGGIA,,BOLETIM,1,0,0,1,0,0
P4,Corredor Av. Vicente Monteggia,polyline,0.9,50.0,sim,568046,20130812,14:25,SEGUNDA-FEIRA,-30.104699000000000,-51.222873000000000,AV VICENTE MONTEGGIA,,BOLETIM,0,0,0,0,0,0
P5,Joao Salomoni x Av. da Cavalhada,point,4.0,100.0,sim,568027,20130812,06:10,SEGUNDA-FEIRA,-30.113088410000000,-51.226539000000002,AV CAVALHADA,,BOLETIM,0,0,0,0,0,0
P4,Corredor Av. Vicente Monteggia,polyline,3.4,50.0,sim,568542,20130814,07:17,QUARTA-FEIRA,-30.098381000000000,-51.225245000000001,AV VICENTE MONTEGGIA,,BOLETIM,4,0,0,0,0,0
P8,Estr. Costa Gama x Estr. Afonso Lourenco Mariante,point,35.1,100.0,sim,568312,20130815,08:30,QUINTA-FEIRA,-30.115437770000000,-51.177280000000003,ESTR COSTA GAMA,,BOLETIM,0,0,0,0,0,0
P9,Entroncamento Rua Santuario x Av. Oscar Pereira,point,113.1,100.0,nao_contexto,568437,20130817,21:30,SABADO,-30.097586320000001,-51.177374999999998,AV PROF OSCAR PEREIRA,,BOLETIM,0,0,0,0,0,0
P4,Corredor Av. Vicente Monteggia,polyline,3.6,50.0,sim,568446,20130817,15:10,SABADO,-30.105508000000000,-51.222662000000000,AV VICENTE MONTEGGIA,,BOLETIM,0,0,0,0,0,0
P5,Joao Salomoni x Av. da Cavalhada,point,4.0,100.0,sim,568438,20130817,19:30,SABADO,-30.113088410000000,-51.226539000000002,AV CAVALHADA,,BOLETIM,0,0,0,0,0,0
P4,Corredor Av. Vicente Monteggia,polyline,6.2,50.0,sim,568649,20130819,08:05,SEGUNDA-FEIRA,-30.103822990000001,-51.223139000000003,AV VICENTE MONTEGGIA,,BOLETIM,0,0,0,0,0,0
P4,Corredor Av. Vicente Monteggia,polyline,2.1,50.0,sim,568877,20130822,07:50,QUINTA-FEIRA,-30.100792999999999,-51.224783000000002,AV OTTO NIEMEYER,AV VICENTE MONTEGGIA,BOLETIM,0,0,0,0,0,0
P4,Corredor Av. Vicente Monteggia,polyline,7.1,50.0,sim,568984,20130823,07:20,SEXTA-FEIRA,-30.095172949999998,-51.225712999999999,AV VICENTE MONTEGGIA,AV CAVALHADA,BOLETIM,0,0,0,0,0,0
P4,Corredor Av. Vicente Monteggia,polyline,6.2,50.0,sim,568931,20130823,11:30,SEXTA-FEIRA,-30.103822990000001,-51.223139000000003,AV VICENTE MONTEGGIA,,BOLETIM,0,0,0,0,0,0
P6,Rota Florestan Fernandes / Estrada Kanazawa,polyline,1.6,50.0,sim,569063,20130825,18:05,DOMINGO,-30.117538000000000,-51.184246999999999,AV BELEM VELHO,ESTR KANAZAWA,BOLETIM,1,0,0,0,0,0
P4,Corredor Av. Vicente Monteggia,polyline,4.7,50.0,sim,569273,20130828,15:30,QUARTA-FEIRA,-30.095149280000001,-51.225779000000003,AV CAVALHADA,,BOLETIM,1,0,0,0,0,0
P9,Entroncamento Rua Santuario x Av. Oscar Pereira,point,48.8,100.0,sim,569546,20130831,10:35,SABADO,-30.096381999999998,-51.177813000000000,AV PROF OSCAR PEREIRA,,BOLETIM,0,0,0,0,0,0
P4,Corredor Av. Vicente Monteggia,polyline,14.4,50.0,sim,569610,20130903,10:00,TERCA-FEIRA,-30.095066679999999,-51.225630000000002,AV NONOAI,,BOLETIM,0,0,0,0,0,0
P4,Corredor Av. Vicente Monteggia,polyline,6.2,50.0,sim,569843,20130905,23:30,QUINTA-FEIRA,-30.103105530000001,-51.223170000000003,AV VICENTE MONTEGGIA,,BOLETIM,2,0,0,1,0,0
P8,Estr. Costa Gama x Estr. Afonso Lourenco Mariante,point,0.6,100.0,sim,569960,20130907,11:30,SABADO,-30.115180840000001,-51.177064000000001,ESTR COSTA GAMA,ESTR AFONSO LOURENCO MARIANTE,BOLETIM,0,0,0,0,0,0
P4,Corredor Av. Vicente Monteggia,polyline,2.0,50.0,sim,570037,20130909,22:15,SEGUNDA-FEIRA,-30.112490999999999,-51.215992999999997,AV VICENTE MONTEGGIA,,BOLETIM,2,0,0,1,0,0
P4,Corredor Av. Vicente Monteggia,polyline,7.1,50.0,sim,570083,20130910,08:56,TERCA-FEIRA,-30.095172999999999,-51.225712999999999,R DR CAMPOS VELHO,AV NONOAI,BOLETIM,0,0,0,0,0,0
P9,Entroncamento Rua Santuario x Av. Oscar Pereira,point,94.4,100.0,sim,570176,20130911,19:00,QUARTA-FEIRA,-30.097484000000001,-51.177546999999997,AV PROF OSCAR PEREIRA,,BOLETIM,2,0,0,1,0,0
P6,Rota Florestan Fernandes / Estrada Kanazawa,polyline,3.9,50.0,sim,570665,20130912,22:30,QUINTA-FEIRA,-30.119565000000001,-51.195610000000002,ESTR KANAZAWA,,BOLETIM,1,0,0,1,0,0
P4,Corredor Av. Vicente Monteggia,polyline,7.1,50.0,sim,570298,20130913,19:20,SEXTA-FEIRA,-30.095172949999998,-51.225712999999999,AV VICENTE MONTEGGIA,AV CAVALHADA,BOLETIM,0,0,0,0,0,0
P9,Entroncamento Rua Santuario x Av. Oscar Pereira,point,150.6,100.0,nao_contexto,570258,20130913,03:40,SEXTA-FEIRA,-30.097829999999998,-51.177101000000000,AV PROF OSCAR PEREIRA,,BOLETIM,1,1,0,0,0,0
P5,Joao Salomoni x Av. da Cavalhada,point,109.6,100.0,nao_contexto,570358,20130913,12:10,SEXTA-FEIRA,-30.112139700000000,-51.226754999999997,AV CAVALHADA,,BOLETIM,0,0,0,0,0,0
P5,Joao Salomoni x Av. da Cavalhada,point,160.9,100.0,nao_contexto,570559,20130913,18:38,SEXTA-FEIRA,-30.114490000000000,-51.226033999999999,AV CAVALHADA,,BOLETIM,0,0,0,0,0,0
P4,Corredor Av. Vicente Monteggia,polyline,7.3,50.0,sim,570325,20130914,06:30,SABADO,-30.099875810000000,-51.225202000000003,AV VICENTE MONTEGGIA,,BOLETIM,2,1,0,1,0,0
P4,Corredor Av. Vicente Monteggia,polyline,1.4,50.0,sim,570329,20130914,11:50,SABADO,-30.100653999999999,-51.224823000000001,AV VICENTE MONTEGGIA,,BOLETIM,1,0,0,0,0,0
P8,Estr. Costa Gama x Estr. Afonso Lourenco Mariante,point,0.6,100.0,sim,570420,20130914,04:30,SABADO,-30.115180840000001,-51.177064000000001,ESTR COSTA GAMA,ESTR AFONSO LOURENCO MARIANTE,BOLETIM,1,1,0,1,0,0
P4,Corredor Av. Vicente Monteggia,polyline,7.1,50.0,sim,570569,20130917,14:52,TERCA-FEIRA,-30.095172999999999,-51.225712999999999,R DR CAMPOS VELHO,AV CAVALHADA,BOLETIM,0,0,0,0,0,0
P4,Corredor Av. Vicente Monteggia,polyline,4.7,50.0,sim,570580,20130918,07:25,QUARTA-FEIRA,-30.095149280000001,-51.225779000000003,AV CAVALHADA,,BOLETIM,1,0,0,1,0,0
P4,Corredor Av. Vicente Monteggia,polyline,2.5,50.0,sim,570730,20130919,22:35,QUINTA-FEIRA,-30.101089999999999,-51.224392999999999,AV VICENTE MONTEGGIA,,BOLETIM,1,0,0,2,0,0
P5,Joao Salomoni x Av. da Cavalhada,point,4.0,100.0,sim,570898,20130923,19:10,SEGUNDA-FEIRA,-30.113088410000000,-51.226539000000002,AV CAVALHADA,,BOLETIM,0,0,0,0,0,0
P4,Corredor Av. Vicente Monteggia,polyline,7.5,50.0,sim,570908,20130923,15:20,SEGUNDA-FEIRA,-30.113236000000001,-51.213057999999997,AV VICENTE MONTEGGIA,,BOLETIM,1,0,0,0,0,0
P7,Estr. 3 Meninas x Estr. Costa Gama,point,181.2,100.0,nao_contexto,571080,20130926,07:45,QUINTA-FEIRA,-30.135265000000000,-51.175106999999997,ESTR COSTA GAMA,,BOLETIM,1,0,0,0,0,0
P1,Rotula Estr. 3 Meninas x Estr. Cristiano Kraemer,point,63.8,100.0,sim,571290,20130928,11:35,SABADO,-30.118832999999999,-51.202916999999999,R CEL FREDERICO CARLOS GOMES,ESTR CRISTIANO KRAEMER,BOLETIM,0,0,0,0,0,0
P5,Joao Salomoni x Av. da Cavalhada,point,6.4,100.0,sim,571448,20130930,21:00,SEGUNDA-FEIRA,-30.113044750000000,-51.226481000000000,ESTR JOAO SALOMONI,AV CAVALHADA,BOLETIM,1,0,0,0,0,1
P3,Acesso Av. Vicente Monteggia via Joao Salomoni/Rodrigues,point,168.5,100.0,nao_contexto,571467,20131001,10:10,TERCA-FEIRA,-30.113992509999999,-51.212662999999999,AV VICENTE MONTEGGIA,,BOLETIM,0,0,0,0,0,0
P4,Corredor Av. Vicente Monteggia,polyline,4.9,50.0,sim,571467,20131001,10:10,TERCA-FEIRA,-30.113992509999999,-51.212662999999999,AV VICENTE MONTEGGIA,,BOLETIM,0,0,0,0,0,0
P4,Corredor Av. Vicente Monteggia,polyline,76.9,50.0,nao_contexto,572670,20131003,03:30,QUINTA-FEIRA,-30.094740000000002,-51.224930000000001,AV NONOAI,,BOLETIM,0,0,0,0,0,0
P4,Corredor Av. Vicente Monteggia,polyline,7.1,50.0,sim,571595,20131003,09:18,QUINTA-FEIRA,-30.095172999999999,-51.225712999999999,R DR CAMPOS VELHO,AV CAVALHADA,BOLETIM,0,0,0,0,0,0
P4,Corredor Av. Vicente Monteggia,polyline,2.1,50.0,sim,571744,20131006,18:30,DOMINGO,-30.100792999999999,-51.224783000000002,AV OTTO NIEMEYER,AV VICENTE MONTEGGIA,BOLETIM,0,0,0,0,0,0
P4,Corredor Av. Vicente Monteggia,polyline,4.7,50.0,sim,571911,20131007,23:20,SEGUNDA-FEIRA,-30.095149280000001,-51.225779000000003,AV CAVALHADA,,BOLETIM,1,1,0,1,0,0
P4,Corredor Av. Vicente Monteggia,polyline,7.1,50.0,sim,571869,20131007,07:05,SEGUNDA-FEIRA,-30.095172999999999,-51.225712999999999,R DR CAMPOS VELHO,AV NONOAI,BOLETIM,0,0,0,1,0,0
P2,Confluencia Cristiano Kraemer x Belem Velho x Monte Cristo,point,100.7,100.0,nao_contexto,571898,20131007,18:15,SEGUNDA-FEIRA,-30.117260000000002,-51.207348000000003,AV RODRIGUES DA FONSECA,,BOLETIM,3,0,0,0,0,1
P4,Corredor Av. Vicente Monteggia,polyline,7.1,50.0,sim,572132,20131009,14:00,QUARTA-FEIRA,-30.095172949999998,-51.225712999999999,AV VICENTE MONTEGGIA,AV CAVALHADA,BOLETIM,0,0,0,0,0,0
P2,Confluencia Cristiano Kraemer x Belem Velho x Monte Cristo,point,123.1,100.0,nao_contexto,572202,20131012,19:40,SABADO,-30.117377770000001,-51.205098000000000,ESTR CRISTIANO KRAEMER,,BOLETIM,3,0,0,2,0,0
P4,Corredor Av. Vicente Monteggia,polyline,65.2,50.0,nao_contexto,572347,20131014,09:20,SEGUNDA-FEIRA,-30.095571050000000,-51.226318999999997,AV CAVALHADA,,BOLETIM,0,0,0,0,0,0
P6,Rota Florestan Fernandes / Estrada Kanazawa,polyline,48.1,50.0,sim,572707,20131018,17:20,SEXTA-FEIRA,-30.119703999999999,-51.197253000000003,ESTR DAS TRES MENINAS,,BOLETIM,0,0,0,0,0,0
P4,Corredor Av. Vicente Monteggia,polyline,26.2,50.0,sim,572910,20131019,01:15,SABADO,-30.095383999999999,-51.225959000000003,AV CAVALHADA,,BOLETIM,0,0,0,0,0,0
P4,Corredor Av. Vicente Monteggia,polyline,7.1,50.0,sim,572752,20131021,06:40,SEGUNDA-FEIRA,-30.095172999999999,-51.225712999999999,R DR CAMPOS VELHO,AV NONOAI,BOLETIM,0,0,0,0,0,0
P4,Corredor Av. Vicente Monteggia,polyline,7.1,50.0,sim,573320,20131024,22:00,QUINTA-FEIRA,-30.095172999999999,-51.225712999999999,R DR CAMPOS VELHO,AV NONOAI,BOLETIM,0,0,0,0,0,0
P4,Corredor Av. Vicente Monteggia,polyline,3.8,50.0,sim,573324,20131025,20:15,SEXTA-FEIRA,-30.097992000000001,-51.224957000000003,AV VICENTE MONTEGGIA,,BOLETIM,0,0,0,0,0,0
P5,Joao Salomoni x Av. da Cavalhada,point,4.0,100.0,sim,573134,20131026,14:15,SABADO,-30.113088410000000,-51.226539000000002,AV CAVALHADA,,BOLETIM,0,0,0,0,0,1
P8,Estr. Costa Gama x Estr. Afonso Lourenco Mariante,point,73.7,100.0,sim,573131,20131026,10:50,SABADO,-30.114583000000000,-51.176737000000003,ESTR COSTA GAMA,,BOLETIM,0,0,0,0,0,0
P5,Joao Salomoni x Av. da Cavalhada,point,115.5,100.0,nao_contexto,573169,20131028,13:30,SEGUNDA-FEIRA,-30.114111999999999,-51.226230999999999,AV CAVALHADA,,BOLETIM,0,0,0,0,0,0
P3,Acesso Av. Vicente Monteggia via Joao Salomoni/Rodrigues,point,129.6,100.0,nao_contexto,573173,20131028,14:30,SEGUNDA-FEIRA,-30.115756000000001,-51.211165000000001,AV RODRIGUES DA FONSECA,,BOLETIM,0,0,0,0,0,0
P4,Corredor Av. Vicente Monteggia,polyline,75.7,50.0,nao_contexto,573238,20131029,12:05,TERCA-FEIRA,-30.095694000000002,-51.226329999999997,AV CAVALHADA,,BOLETIM,0,0,0,0,0,0
P5,Joao Salomoni x Av. da Cavalhada,point,4.0,100.0,sim,573240,20131029,16:00,TERCA-FEIRA,-30.113088410000000,-51.226539000000002,AV CAVALHADA,,BOLETIM,0,0,0,0,0,0
P4,Corredor Av. Vicente Monteggia,polyline,0.7,50.0,sim,573437,20131030,10:15,QUARTA-FEIRA,-30.109517830000001,-51.219769999999997,AV VICENTE MONTEGGIA,R JORGE NAPOLEAO SILVA SOUZA,BOLETIM,0,0,0,0,0,0
P4,Corredor Av. Vicente Monteggia,polyline,5.9,50.0,sim,573743,20131106,08:15,QUARTA-FEIRA,-30.109412970000001,-51.219780000000000,AV VICENTE MONTEGGIA,,BOLETIM,1,0,0,1,0,0
P5,Joao Salomoni x Av. da Cavalhada,point,4.0,100.0,sim,573848,20131107,19:40,QUINTA-FEIRA,-30.113088410000000,-51.226539000000002,AV CAVALHADA,,BOLETIM,0,0,0,0,0,0
P4,Corredor Av. Vicente Monteggia,polyline,7.1,50.0,sim,574056,20131108,10:55,SEXTA-FEIRA,-30.095172999999999,-51.225712999999999,R DR CAMPOS VELHO,AV NONOAI,BOLETIM,0,0,0,0,0,0
P4,Corredor Av. Vicente Monteggia,polyline,5.5,50.0,sim,574057,20131108,12:10,SEXTA-FEIRA,-30.103728860000000,-51.223149999999997,AV VICENTE MONTEGGIA,,BOLETIM,0,0,0,0,0,0
P5,Joao Salomoni x Av. da Cavalhada,point,8.5,100.0,sim,574060,20131108,14:36,SEXTA-FEIRA,-30.113078399999999,-51.226415000000003,AV CAVALHADA,,BOLETIM,0,0,0,0,0,0
P2,Confluencia Cristiano Kraemer x Belem Velho x Monte Cristo,point,45.6,100.0,sim,574061,20131108,15:30,SEXTA-FEIRA,-30.117356999999998,-51.205947999999999,AV BELEM VELHO,,BOLETIM,0,0,0,0,0,0
P4,Corredor Av. Vicente Monteggia,polyline,2.1,50.0,sim,574068,20131109,13:20,SABADO,-30.100792999999999,-51.224783000000002,AV OTTO NIEMEYER,AV VICENTE MONTEGGIA,BOLETIM,0,0,0,0,0,0
P5,Joao Salomoni x Av. da Cavalhada,point,4.0,100.0,sim,573918,20131109,00:30,SABADO,-30.113088410000000,-51.226539000000002,AV CAVALHADA,,BOLETIM,2,0,0,1,0,0
P4,Corredor Av. Vicente Monteggia,polyline,26.5,50.0,sim,574011,20131111,08:32,SEGUNDA-FEIRA,-30.094951540000000,-51.225459000000001,AV NONOAI,,BOLETIM,0,0,0,0,0,0
P4,Corredor Av. Vicente Monteggia,polyline,0.4,50.0,sim,574328,20131113,20:10,QUARTA-FEIRA,-30.109076999999999,-51.220095000000001,AV VICENTE MONTEGGIA,,BOLETIM,0,0,0,0,0,0
P5,Joao Salomoni x Av. da Cavalhada,point,13.9,100.0,sim,574461,20131118,07:24,SEGUNDA-FEIRA,-30.113049820000001,-51.226367560000000,ESTR JOAO SALAMONI,AV CAVALHADA,BOLETIM,0,0,0,0,0,0
P4,Corredor Av. Vicente Monteggia,polyline,5.7,50.0,sim,574654,20131120,17:50,QUARTA-FEIRA,-30.112472000000000,-51.214356000000002,AV VICENTE MONTEGGIA,,BOLETIM,2,0,0,1,0,0
P5,Joao Salomoni x Av. da Cavalhada,point,13.9,100.0,sim,574751,20131121,08:14,QUINTA-FEIRA,-30.113049820000001,-51.226367560000000,ESTR JOAO SALAMONI,AV CAVALHADA,BOLETIM,0,0,0,0,0,0
P4,Corredor Av. Vicente Monteggia,polyline,6.2,50.0,sim,574715,20131121,18:10,QUINTA-FEIRA,-30.113199999999999,-51.213110000000000,AV VICENTE MONTEGGIA,,BOLETIM,1,1,0,1,0,0
P4,Corredor Av. Vicente Monteggia,polyline,2.0,50.0,sim,574919,20131124,14:05,DOMINGO,-30.103235000000002,-51.223182999999999,AV VICENTE MONTEGGIA,,BOLETIM,0,0,0,0,0,0
P4,Corredor Av. Vicente Monteggia,polyline,4.3,50.0,sim,574965,20131125,12:00,SEGUNDA-FEIRA,-30.099332109999999,-51.225333999999997,AV VICENTE MONTEGGIA,,BOLETIM,1,0,0,1,0,0
P4,Corredor Av. Vicente Monteggia,polyline,8.4,50.0,sim,574960,20131125,08:50,SEGUNDA-FEIRA,-30.102858059999999,-51.223384000000003,AV VICENTE MONTEGGIA,,BOLETIM,1,0,0,1,0,0
P2,Confluencia Cristiano Kraemer x Belem Velho x Monte Cristo,point,30.0,100.0,sim,574989,20131125,18:30,SEGUNDA-FEIRA,-30.117675999999999,-51.206642000000002,AV RODRIGUES DA FONSECA,ESTR CRISTIANO KRAEMER,BOLETIM,0,0,0,0,0,0
P4,Corredor Av. Vicente Monteggia,polyline,2.1,50.0,sim,575418,20131129,09:10,SEXTA-FEIRA,-30.100792999999999,-51.224783000000002,AV OTTO NIEMEYER,AV VICENTE MONTEGGIA,BOLETIM,0,0,0,0,0,0
P4,Corredor Av. Vicente Monteggia,polyline,2.9,50.0,sim,575391,20131201,06:40,DOMINGO,-30.098673000000002,-51.225445999999998,AV VICENTE MONTEGGIA,,BOLETIM,1,0,0,0,0,0
P4,Corredor Av. Vicente Monteggia,polyline,75.7,50.0,nao_contexto,575470,20131202,11:30,SEGUNDA-FEIRA,-30.095694000000002,-51.226329999999997,AV CAVALHADA,,BOLETIM,1,0,0,1,0,0
P4,Corredor Av. Vicente Monteggia,polyline,8.9,50.0,sim,575548,20131204,07:45,QUARTA-FEIRA,-30.106607589999999,-51.222391000000002,AV VICENTE MONTEGGIA,,BOLETIM,1,1,0,1,0,0
P5,Joao Salomoni x Av. da Cavalhada,point,4.0,100.0,sim,575666,20131204,08:00,QUARTA-FEIRA,-30.113088410000000,-51.226539000000002,AV CAVALHADA,,BOLETIM,0,0,0,0,0,0
P5,Joao Salomoni x Av. da Cavalhada,point,4.0,100.0,sim,575667,20131204,10:38,QUARTA-FEIRA,-30.113088410000000,-51.226539000000002,AV CAVALHADA,,BOLETIM,0,0,0,0,0,0
P4,Corredor Av. Vicente Monteggia,polyline,1.3,50.0,sim,575661,20131205,19:00,QUINTA-FEIRA,-30.112477999999999,-51.215460999999998,AV VICENTE MONTEGGIA,,BOLETIM,3,0,0,0,0,0
P4,Corredor Av. Vicente Monteggia,polyline,86.6,50.0,nao_contexto,575631,20131205,08:30,QUINTA-FEIRA,-30.113761000000000,-51.211857000000002,ESTR JOAO PASSUELO,,BOLETIM,1,0,0,1,0,0
P3,Acesso Av. Vicente Monteggia via Joao Salomoni/Rodrigues,point,72.0,100.0,sim,575746,20131207,16:00,SABADO,-30.115414040000001,-51.213222000000002,ESTR JOAO SALOMONI,,BOLETIM,2,0,0,0,0,0
P4,Corredor Av. Vicente Monteggia,polyline,67.4,50.0,nao_contexto,575746,20131207,16:00,SABADO,-30.115414040000001,-51.213222000000002,ESTR JOAO SALOMONI,,BOLETIM,2,0,0,0,0,0
P3,Acesso Av. Vicente Monteggia via Joao Salomoni/Rodrigues,point,101.8,100.0,nao_contexto,575823,20131208,20:30,DOMINGO,-30.114585000000002,-51.212516000000001,AV VICENTE MONTEGGIA,,BOLETIM,1,0,0,2,0,0
P4,Corredor Av. Vicente Monteggia,polyline,2.9,50.0,sim,575823,20131208,20:30,DOMINGO,-30.114585000000002,-51.212516000000001,AV VICENTE MONTEGGIA,,BOLETIM,1,0,0,2,0,0
P9,Entroncamento Rua Santuario x Av. Oscar Pereira,point,150.6,100.0,nao_contexto,575951,20131209,20:45,SEGUNDA-FEIRA,-30.097829999999998,-51.177101000000000,AV PROF OSCAR PEREIRA,,BOLETIM,1,0,0,1,0,0
P5,Joao Salomoni x Av. da Cavalhada,point,4.0,100.0,sim,575925,20131209,12:30,SEGUNDA-FEIRA,-30.113088410000000,-51.226539000000002,AV CAVALHADA,,BOLETIM,0,0,0,0,0,0
P4,Corredor Av. Vicente Monteggia,polyline,7.1,50.0,sim,576256,20131212,01:20,QUINTA-FEIRA,-30.095172999999999,-51.225712999999999,AV CAVALHADA,AV NONOAI,BOLETIM,0,0,0,0,0,0
P4,Corredor Av. Vicente Monteggia,polyline,0.0,50.0,sim,576127,20131212,16:00,QUINTA-FEIRA,-30.100758610000000,-51.224733000000001,AV VICENTE MONTEGGIA,,BOLETIM,1,0,0,1,0,0
P4,Corredor Av. Vicente Monteggia,polyline,9.5,50.0,sim,576562,20131218,19:00,QUARTA-FEIRA,-30.095102000000001,-51.225766999999998,R DR CAMPOS VELHO,,BOLETIM,0,0,0,0,0,0
P4,Corredor Av. Vicente Monteggia,polyline,2.1,50.0,sim,576561,20131218,16:10,QUARTA-FEIRA,-30.100792999999999,-51.224783000000002,AV OTTO NIEMEYER,AV VICENTE MONTEGGIA,BOLETIM,0,0,0,0,0,0
P4,Corredor Av. Vicente Monteggia,polyline,6.9,50.0,sim,576557,20131218,12:00,QUARTA-FEIRA,-30.108006719999999,-51.221350000000001,AV VICENTE MONTEGGIA,,BOLETIM,0,0,0,0,0,1
P3,Acesso Av. Vicente Monteggia via Joao Salomoni/Rodrigues,point,96.9,100.0,sim,576669,20131221,21:04,SABADO,-30.116285000000001,-51.212043000000001,R ATILIO SUPERTTI,,BOLETIM,2,2,0,1,0,0
P4,Corredor Av. Vicente Monteggia,polyline,89.0,50.0,nao_contexto,576669,20131221,21:04,SABADO,-30.116285000000001,-51.212043000000001,R ATILIO SUPERTTI,,BOLETIM,2,2,0,1,0,0
P5,Joao Salomoni x Av. da Cavalhada,point,4.0,100.0,sim,576737,20131222,13:15,DOMINGO,-30.113088410000000,-51.226539000000002,AV CAVALHADA,,BOLETIM,0,0,0,0,0,0
P4,Corredor Av. Vicente Monteggia,polyline,3.8,50.0,sim,576786,20131224,14:45,TERCA-FEIRA,-30.112435000000001,-51.215099000000002,AV VICENTE MONTEGGIA,,BOLETIM,2,0,0,1,0,0
P4,Corredor Av. Vicente Monteggia,polyline,61.5,50.0,nao_contexto,577116,20131231,13:25,TERCA-FEIRA,-30.094788999999999,-51.225093999999999,AV NONOAI,,BOLETIM,3,0,0,0,0,0
P5,Joao Salomoni x Av. da Cavalhada,point,101.1,100.0,nao_contexto,577270,20140104,11:15,SABADO,-30.113049000000000,-51.225451000000000,ESTR JOAO SALOMONI,,BOLETIM,0,0,0,0,0,0
P4,Corredor Av. Vicente Monteggia,polyline,1.4,50.0,sim,577446,20140109,11:55,QUINTA-FEIRA,-30.100653999999999,-51.224823000000001,AV VICENTE MONTEGGIA,,BOLETIM,1,0,0,1,0,0
P8,Estr. Costa Gama x Estr. Afonso Lourenco Mariante,point,0.6,100.0,sim,577826,20140110,21:27,SEXTA-FEIRA,-30.115180840000001,-51.177064000000001,ESTR COSTA GAMA,ESTR AFONSO LOURENCO MARIANTE,BOLETIM,0,0,0,0,0,0
P5,Joao Salomoni x Av. da Cavalhada,point,4.0,100.0,sim,577542,20140112,19:10,DOMINGO,-30.113088410000000,-51.226539000000002,AV CAVALHADA,,BOLETIM,1,0,0,0,0,1
P4,Corredor Av. Vicente Monteggia,polyline,2.1,50.0,sim,579026,20140114,08:00,TERCA-FEIRA,-30.100792999999999,-51.224783000000002,AV OTTO NIEMEYER,AV VICENTE MONTEGGIA,BOLETIM,1,0,0,1,0,0
P4,Corredor Av. Vicente Monteggia,polyline,4.7,50.0,sim,577844,20140115,12:50,QUARTA-FEIRA,-30.095149280000001,-51.225779000000003,AV CAVALHADA,,BOLETIM,0,0,0,1,0,0
P4,Corredor Av. Vicente Monteggia,polyline,0.0,50.0,sim,596475,20140115,21:40,QUARTA-FEIRA,-30.100758610000000,-51.224733000000001,AV VICENTE MONTEGGIA,,BOLETIM,1,0,0,1,0,0
P4,Corredor Av. Vicente Monteggia,polyline,7.1,50.0,sim,593369,20140117,15:00,SEXTA-FEIRA,-30.095172999999999,-51.225712999999999,AV VICENTE MONTEGGIA,AV NONOAI,BOLETIM,0,0,0,0,0,0
P4,Corredor Av. Vicente Monteggia,polyline,0.0,50.0,sim,578174,20140122,09:49,QUARTA-FEIRA,-30.100758610000000,-51.224733000000001,AV VICENTE MONTEGGIA,,BOLETIM,1,0,0,1,0,0
P4,Corredor Av. Vicente Monteggia,polyline,6.7,50.0,sim,578314,20140125,11:30,SABADO,-30.103685760000001,-51.223030000000001,AV VICENTE MONTEGGIA,,BOLETIM,1,0,0,1,0,0
P4,Corredor Av. Vicente Monteggia,polyline,3.5,50.0,sim,578505,20140130,11:10,QUINTA-FEIRA,-30.100151000000000,-51.225121000000001,AV VICENTE MONTEGGIA,,BOLETIM,3,1,0,0,0,0
P5,Joao Salomoni x Av. da Cavalhada,point,4.0,100.0,sim,578750,20140203,18:10,SEGUNDA-FEIRA,-30.113088410000000,-51.226539000000002,AV CAVALHADA,,BOLETIM,0,0,0,0,0,1
P5,Joao Salomoni x Av. da Cavalhada,point,4.0,100.0,sim,578862,20140204,11:30,TERCA-FEIRA,-30.113088410000000,-51.226539000000002,AV CAVALHADA,,BOLETIM,0,0,0,0,0,0
P2,Confluencia Cristiano Kraemer x Belem Velho x Monte Cristo,point,70.3,100.0,sim,579260,20140213,20:00,QUINTA-FEIRA,-30.117472209999999,-51.207084000000002,AV MONTE CRISTO,,BOLETIM,2,0,0,0,0,0
P5,Joao Salomoni x Av. da Cavalhada,point,128.9,100.0,nao_contexto,579469,20140217,17:45,SEGUNDA-FEIRA,-30.114236999999999,-51.226239999999997,AV CAVALHADA,,BOLETIM,0,0,0,0,0,0
P3,Acesso Av. Vicente Monteggia via Joao Salomoni/Rodrigues,point,72.0,100.0,sim,579437,20140217,20:20,SEGUNDA-FEIRA,-30.115414040000001,-51.213222000000002,ESTR JOAO SALOMONI,,BOLETIM,0,0,0,0,0,0
P4,Corredor Av. Vicente Monteggia,polyline,67.4,50.0,nao_contexto,579437,20140217,20:20,SEGUNDA-FEIRA,-30.115414040000001,-51.213222000000002,ESTR JOAO SALOMONI,,BOLETIM,0,0,0,0,0,0
P4,Corredor Av. Vicente Monteggia,polyline,6.5,50.0,sim,579572,20140219,08:20,QUARTA-FEIRA,-30.113307370000001,-51.213003000000000,AV VICENTE MONTEGGIA,ESTR JOAO PASSUELO,BOLETIM,0,0,0,0,0,0
P4,Corredor Av. Vicente Monteggia,polyline,76.4,50.0,nao_contexto,579616,20140220,12:20,QUINTA-FEIRA,-30.109781000000002,-51.220523000000000,ESTR JOAO VEDANA,,BOLETIM,0,0,0,0,0,0
P4,Corredor Av. Vicente Monteggia,polyline,7.1,50.0,sim,579707,20140222,13:00,SABADO,-30.095172949999998,-51.225712999999999,AV VICENTE MONTEGGIA,AV CAVALHADA,BOLETIM,0,0,0,0,0,0
P5,Joao Salomoni x Av. da Cavalhada,point,154.6,100.0,nao_contexto,579705,20140222,06:10,SABADO,-30.114452000000000,-51.226126999999998,AV CAVALHADA,,BOLETIM,0,0,0,0,0,0
P4,Corredor Av. Vicente Monteggia,polyline,7.1,50.0,sim,580023,20140223,18:30,DOMINGO,-30.095172999999999,-51.225712999999999,AV VICENTE MONTEGGIA,AV NONOAI,BOLETIM,0,0,0,0,0,0
P4,Corredor Av. Vicente Monteggia,polyline,14.4,50.0,sim,579757,20140224,10:30,SEGUNDA-FEIRA,-30.095066679999999,-51.225630000000002,AV NONOAI,,BOLETIM,1,0,0,0,0,0
P4,Corredor Av. Vicente Monteggia,polyline,2.1,50.0,sim,579949,20140224,09:35,SEGUNDA-FEIRA,-30.100792999999999,-51.224783000000002,AV OTTO NIEMEYER,AV VICENTE MONTEGGIA,BOLETIM,0,0,0,0,0,0
P7,Estr. 3 Meninas x Estr. Costa Gama,point,88.6,100.0,sim,579827,20140225,08:30,TERCA-FEIRA,-30.134491000000001,-51.175468000000002,ESTR COSTA GAMA,,BOLETIM,0,0,1,1,0,0
P4,Corredor Av. Vicente Monteggia,polyline,2.8,50.0,sim,580291,20140306,11:30,QUINTA-FEIRA,-30.112967000000001,-51.213549000000000,AV VICENTE MONTEGGIA,,BOLETIM,1,0,0,1,0,0
P4,Corredor Av. Vicente Monteggia,polyline,6.5,50.0,sim,580308,20140307,14:45,SEXTA-FEIRA,-30.113307370000001,-51.213003000000000,AV VICENTE MONTEGGIA,ESTR JOAO PASSUELO,BOLETIM,0,0,0,0,0,0
P4,Corredor Av. Vicente Monteggia,polyline,4.7,50.0,sim,580535,20140311,13:05,TERCA-FEIRA,-30.111325000000001,-51.218192000000002,AV VICENTE MONTEGGIA,,BOLETIM,0,0,0,0,0,0
P5,Joao Salomoni x Av. da Cavalhada,point,4.0,100.0,sim,580676,20140312,14:30,QUARTA-FEIRA,-30.113088410000000,-51.226539000000002,AV CAVALHADA,,BOLETIM,1,0,0,1,0,0
P1,Rotula Estr. 3 Meninas x Estr. Cristiano Kraemer,point,186.6,100.0,nao_contexto,580572,20140312,20:10,QUARTA-FEIRA,-30.117323490000000,-51.204759000000003,ESTR CRISTIANO KRAEMER,,BOLETIM,4,1,0,0,0,0
P2,Confluencia Cristiano Kraemer x Belem Velho x Monte Cristo,point,156.2,100.0,nao_contexto,580572,20140312,20:10,QUARTA-FEIRA,-30.117323490000000,-51.204759000000003,ESTR CRISTIANO KRAEMER,,BOLETIM,4,1,0,0,0,0
P4,Corredor Av. Vicente Monteggia,polyline,7.1,50.0,sim,580616,20140313,11:50,QUINTA-FEIRA,-30.095172999999999,-51.225712999999999,R DR CAMPOS VELHO,AV CAVALHADA,BOLETIM,0,0,0,0,0,0
P4,Corredor Av. Vicente Monteggia,polyline,7.1,50.0,sim,580680,20140314,02:30,SEXTA-FEIRA,-30.095172949999998,-51.225712999999999,AV VICENTE MONTEGGIA,AV CAVALHADA,BOLETIM,2,0,0,0,0,0
P2,Confluencia Cristiano Kraemer x Belem Velho x Monte Cristo,point,67.2,100.0,sim,580811,20140315,06:40,SABADO,-30.117653000000001,-51.205669999999998,ESTR CRISTIANO KRAEMER,,BOLETIM,1,1,0,1,0,0
P4,Corredor Av. Vicente Monteggia,polyline,39.0,50.0,sim,580873,20140316,14:20,DOMINGO,-30.100662000000000,-51.225357000000002,AV OTTO NIEMEYER,,BOLETIM,2,0,0,0,0,0
P4,Corredor Av. Vicente Monteggia,polyline,5.6,50.0,sim,580955,20140319,08:30,QUARTA-FEIRA,-30.112520960000001,-51.214900000000000,AV VICENTE MONTEGGIA,,BOLETIM,1,0,0,1,0,0
P5,Joao Salomoni x Av. da Cavalhada,point,13.9,100.0,sim,581074,20140320,11:30,QUINTA-FEIRA,-30.113049820000001,-51.226367560000000,ESTR JOAO SALAMONI,AV CAVALHADA,BOLETIM,0,0,0,0,0,0
P4,Corredor Av. Vicente Monteggia,polyline,5.9,50.0,sim,581224,20140321,11:45,SEXTA-FEIRA,-30.101178080000000,-51.224241999999997,AV VICENTE MONTEGGIA,,BOLETIM,1,0,0,0,0,0
P8,Estr. Costa Gama x Estr. Afonso Lourenco Mariante,point,15.7,100.0,sim,581177,20140322,08:00,SABADO,-30.115266999999999,-51.176941999999997,ESTR AFONSO LOURENCO MARIANTE,,BOLETIM,1,0,0,1,0,0
P1,Rotula Estr. 3 Meninas x Estr. Cristiano Kraemer,point,113.9,100.0,nao_contexto,581287,20140324,20:00,SEGUNDA-FEIRA,-30.119299999999999,-51.202888000000002,ESTR CRISTIANO KRAEMER,,BOLETIM,2,0,0,1,0,0
P4,Corredor Av. Vicente Monteggia,polyline,6.2,50.0,sim,581483,20140327,13:40,QUINTA-FEIRA,-30.105252680000000,-51.222631999999997,AV VICENTE MONTEGGIA,,BOLETIM,1,0,0,1,0,0
P5,Joao Salomoni x Av. da Cavalhada,point,101.2,100.0,nao_contexto,581447,20140327,06:59,QUINTA-FEIRA,-30.112214099999999,-51.226742000000002,AV CAVALHADA,,BOLETIM,0,0,0,0,0,0
P4,Corredor Av. Vicente Monteggia,polyline,0.5,50.0,sim,581636,20140328,18:00,SEXTA-FEIRA,-30.097041510000000,-51.224643999999998,AV VICENTE MONTEGGIA,,BOLETIM,0,0,0,1,0,0
P4,Corredor Av. Vicente Monteggia,polyline,1.9,50.0,sim,581576,20140328,18:35,SEXTA-FEIRA,-30.099589000000002,-51.225316999999997,AV VICENTE MONTEGGIA,,BOLETIM,1,0,0,1,0,0
P5,Joao Salomoni x Av. da Cavalhada,point,6.4,100.0,sim,581847,20140401,20:09,TERCA-FEIRA,-30.113044750000000,-51.226481000000000,ESTR JOAO SALOMONI,AV CAVALHADA,BOLETIM,1,0,0,0,0,0
P8,Estr. Costa Gama x Estr. Afonso Lourenco Mariante,point,195.6,100.0,nao_contexto,581792,20140401,01:00,TERCA-FEIRA,-30.115587000000001,-51.179048999999999,R MAJOR TITO,,BOLETIM,0,0,0,0,0,0
P4,Corredor Av. Vicente Monteggia,polyline,21.5,50.0,sim,582025,20140404,15:30,SEXTA-FEIRA,-30.095056039999999,-51.225375000000000,AV NONOAI,,BOLETIM,0,0,0,0,0,0
P4,Corredor Av. Vicente Monteggia,polyline,1.1,50.0,sim,582033,20140404,10:10,SEXTA-FEIRA,-30.107208000000000,-51.222087999999999,AV VICENTE MONTEGGIA,,BOLETIM,0,0,0,0,0,0
P3,Acesso Av. Vicente Monteggia via Joao Salomoni/Rodrigues,point,68.0,100.0,sim,582724,20140416,09:50,QUARTA-FEIRA,-30.115369619999999,-51.213171000000003,ESTR JOAO SALOMONI,R MARQUES DO MARICA,BOLETIM,0,0,0,0,0,0
P4,Corredor Av. Vicente Monteggia,polyline,63.9,50.0,nao_contexto,582724,20140416,09:50,QUARTA-FEIRA,-30.115369619999999,-51.213171000000003,ESTR JOAO SALOMONI,R MARQUES DO MARICA,BOLETIM,0,0,0,0,0,0
P5,Joao Salomoni x Av. da Cavalhada,point,6.4,100.0,sim,582734,20140417,21:00,QUINTA-FEIRA,-30.113044750000000,-51.226481000000000,ESTR JOAO SALOMONI,AV CAVALHADA,BOLETIM,1,0,0,0,1,0
P4,Corredor Av. Vicente Monteggia,polyline,6.2,50.0,sim,582778,20140417,12:25,QUINTA-FEIRA,-30.113199999999999,-51.213110000000000,AV VICENTE MONTEGGIA,,BOLETIM,0,0,0,0,0,0
P4,Corredor Av. Vicente Monteggia,polyline,7.1,50.0,sim,582786,20140419,05:10,SABADO,-30.095172949999998,-51.225712999999999,AV VICENTE MONTEGGIA,AV CAVALHADA,BOLETIM,0,0,0,0,0,0
P7,Estr. 3 Meninas x Estr. Costa Gama,point,7.3,100.0,sim,583562,20140420,00:35,DOMINGO,-30.133669999999999,-51.175710000000002,ESTR DAS TRES MENINAS,ESTR COSTA GAMA,BOLETIM,1,0,0,1,0,0
P4,Corredor Av. Vicente Monteggia,polyline,4.8,50.0,sim,582979,20140424,14:50,QUINTA-FEIRA,-30.112423000000000,-51.215468999999999,AV VICENTE MONTEGGIA,,BOLETIM,1,0,0,0,0,0
P4,Corredor Av. Vicente Monteggia,polyline,6.2,50.0,sim,583186,20140426,15:12,SABADO,-30.105252680000000,-51.222631999999997,AV VICENTE MONTEGGIA,,BOLETIM,0,0,0,0,0,0
P4,Corredor Av. Vicente Monteggia,polyline,95.3,50.0,nao_contexto,583079,20140426,19:44,SABADO,-30.107510000000001,-51.220421999999999,R AMAPA,,BOLETIM,2,0,0,0,0,0
P4,Corredor Av. Vicente Monteggia,polyline,4.5,50.0,sim,583232,20140427,17:10,DOMINGO,-30.112461000000000,-51.214455000000001,AV VICENTE MONTEGGIA,,BOLETIM,0,0,0,0,0,0
P4,Corredor Av. Vicente Monteggia,polyline,7.1,50.0,sim,583488,20140501,16:50,QUINTA-FEIRA,-30.095172999999999,-51.225712999999999,R DR CAMPOS VELHO,AV NONOAI,BOLETIM,0,0,0,0,0,0
P4,Corredor Av. Vicente Monteggia,polyline,23.6,50.0,sim,584469,20140502,10:45,SEXTA-FEIRA,-30.106646000000001,-51.222538000000000,AV JOSE CORREA DA SILVA,,BOLETIM,0,0,0,0,0,0
P6,Rota Florestan Fernandes / Estrada Kanazawa,polyline,85.7,50.0,nao_contexto,583535,20140502,07:30,SEXTA-FEIRA,-30.119398000000000,-51.197420000000001,ESTR DAS TRES MENINAS,,BOLETIM,0,0,0,0,0,0
P4,Corredor Av. Vicente Monteggia,polyline,2.1,50.0,sim,584471,20140504,21:00,DOMINGO,-30.100792999999999,-51.224783000000002,AV OTTO NIEMEYER,AV VICENTE MONTEGGIA,BOLETIM,1,1,0,0,0,0
P4,Corredor Av. Vicente Monteggia,polyline,1.2,50.0,sim,583468,20140505,13:50,SEGUNDA-FEIRA,-30.111266000000001,-51.218344999999999,AV VICENTE MONTEGGIA,,BOLETIM,1,0,0,1,0,0
P4,Corredor Av. Vicente Monteggia,polyline,2.1,50.0,sim,583663,20140506,08:30,TERCA-FEIRA,-30.100792999999999,-51.224783000000002,AV OTTO NIEMEYER,AV VICENTE MONTEGGIA,BOLETIM,0,0,0,0,0,0
P5,Joao Salomoni x Av. da Cavalhada,point,109.6,100.0,nao_contexto,583696,20140507,18:45,QUARTA-FEIRA,-30.112139700000000,-51.226754999999997,AV CAVALHADA,,BOLETIM,0,0,0,0,0,0
P4,Corredor Av. Vicente Monteggia,polyline,67.4,50.0,nao_contexto,584134,20140510,14:00,SABADO,-30.109781999999999,-51.220413000000001,ESTR JOAO VEDANA,,BOLETIM,1,1,0,1,0,0
P4,Corredor Av. Vicente Monteggia,polyline,6.9,50.0,sim,583888,20140511,14:35,DOMINGO,-30.107165999999999,-51.222200999999998,AV VICENTE MONTEGGIA,,BOLETIM,0,0,0,0,0,0
P4,Corredor Av. Vicente Monteggia,polyline,65.2,50.0,nao_contexto,586870,20140513,18:30,TERCA-FEIRA,-30.095571050000000,-51.226318999999997,AV CAVALHADA,,BOLETIM,1,0,0,0,0,0
P4,Corredor Av. Vicente Monteggia,polyline,3.3,50.0,sim,583991,20140513,07:50,TERCA-FEIRA,-30.105409000000002,-51.222687999999998,AV VICENTE MONTEGGIA,,BOLETIM,1,0,0,1,0,0
P4,Corredor Av. Vicente Monteggia,polyline,4.8,50.0,sim,584119,20140514,15:35,QUARTA-FEIRA,-30.112423000000000,-51.215488000000001,AV VICENTE MONTEGGIA,,BOLETIM,0,0,0,0,0,0
P9,Entroncamento Rua Santuario x Av. Oscar Pereira,point,113.1,100.0,nao_contexto,586867,20140515,08:20,QUINTA-FEIRA,-30.097586320000001,-51.177374999999998,AV PROF OSCAR PEREIRA,,BOLETIM,1,0,0,1,0,0
P4,Corredor Av. Vicente Monteggia,polyline,10.2,50.0,sim,584120,20140515,07:55,QUINTA-FEIRA,-30.103934700000000,-51.222940999999999,AV VICENTE MONTEGGIA,,BOLETIM,0,0,0,1,0,0
P4,Corredor Av. Vicente Monteggia,polyline,4.3,50.0,sim,584417,20140520,20:50,TERCA-FEIRA,-30.099332109999999,-51.225333999999997,AV VICENTE MONTEGGIA,,BOLETIM,0,0,0,0,0,0
P4,Corredor Av. Vicente Monteggia,polyline,2.4,50.0,sim,584373,20140520,17:40,TERCA-FEIRA,-30.100218000000002,-51.225149000000002,AV VICENTE MONTEGGIA,,BOLETIM,0,0,0,1,0,0
P2,Confluencia Cristiano Kraemer x Belem Velho x Monte Cristo,point,52.9,100.0,sim,584378,20140520,09:10,TERCA-FEIRA,-30.117709999999999,-51.206882000000000,ESTR CRISTIANO KRAEMER,,BOLETIM,3,0,0,0,0,0
P4,Corredor Av. Vicente Monteggia,polyline,3.7,50.0,sim,584429,20140521,00:50,QUARTA-FEIRA,-30.096128000000000,-51.225147999999997,AV VICENTE MONTEGGIA,,BOLETIM,1,0,0,1,0,0
P4,Corredor Av. Vicente Monteggia,polyline,3.1,50.0,sim,584641,20140523,23:00,SEXTA-FEIRA,-30.107299999999999,-51.222088999999997,R AMAPA,AV VICENTE MONTEGGIA,BOLETIM,1,0,0,0,1,0
P4,Corredor Av. Vicente Monteggia,polyline,0.6,50.0,sim,584643,20140524,19:10,SABADO,-30.106210000000001,-51.222408000000001,AV VICENTE MONTEGGIA,,BOLETIM,0,0,0,1,0,0
P4,Corredor Av. Vicente Monteggia,polyline,0.0,50.0,sim,584647,20140526,07:35,SEGUNDA-FEIRA,-30.100758610000000,-51.224733000000001,AV VICENTE MONTEGGIA,,BOLETIM,1,0,0,1,0,0
P4,Corredor Av. Vicente Monteggia,polyline,3.2,50.0,sim,584645,20140526,07:25,SEGUNDA-FEIRA,-30.112825999999998,-51.213746000000000,AV VICENTE MONTEGGIA,,BOLETIM,1,0,0,1,0,0
P4,Corredor Av. Vicente Monteggia,polyline,7.1,50.0,sim,584815,20140527,16:30,TERCA-FEIRA,-30.095172999999999,-51.225712999999999,R DR CAMPOS VELHO,AV NONOAI,BOLETIM,0,0,0,0,0,0
P4,Corredor Av. Vicente Monteggia,polyline,3.6,50.0,sim,585082,20140602,16:50,SEGUNDA-FEIRA,-30.099689000000001,-51.225358999999997,AV VICENTE MONTEGGIA,,BOLETIM,1,0,0,1,0,0
P5,Joao Salomoni x Av. da Cavalhada,point,78.9,100.0,sim,585230,20140602,20:00,SEGUNDA-FEIRA,-30.112406000000000,-51.226672000000001,AV CAVALHADA,,BOLETIM,0,0,0,0,0,0
P8,Estr. Costa Gama x Estr. Afonso Lourenco Mariante,point,69.5,100.0,sim,585406,20140608,18:00,DOMINGO,-30.115500999999998,-51.176450000000003,ESTR AFONSO LOURENCO MARIANTE,,BOLETIM,2,0,0,0,0,0
P4,Corredor Av. Vicente Monteggia,polyline,3.2,50.0,sim,585831,20140612,14:25,QUINTA-FEIRA,-30.096741999999999,-51.224736000000000,AV VICENTE MONTEGGIA,,BOLETIM,0,0,0,0,0,0
P4,Corredor Av. Vicente Monteggia,polyline,3.2,50.0,sim,585790,20140612,17:15,QUINTA-FEIRA,-30.112722999999999,-51.213791000000001,AV VICENTE MONTEGGIA,,BOLETIM,0,0,0,0,0,0
P4,Corredor Av. Vicente Monteggia,polyline,7.1,50.0,sim,585732,20140615,14:45,DOMINGO,-30.095172999999999,-51.225712999999999,R DR CAMPOS VELHO,AV NONOAI,BOLETIM,0,0,0,0,0,0
P3,Acesso Av. Vicente Monteggia via Joao Salomoni/Rodrigues,point,72.0,100.0,sim,585723,20140615,19:00,DOMINGO,-30.115414040000001,-51.213222000000002,ESTR JOAO SALOMONI,,BOLETIM,2,0,0,1,0,0
P4,Corredor Av. Vicente Monteggia,polyline,67.4,50.0,nao_contexto,585723,20140615,19:00,DOMINGO,-30.115414040000001,-51.213222000000002,ESTR JOAO SALOMONI,,BOLETIM,2,0,0,1,0,0
P2,Confluencia Cristiano Kraemer x Belem Velho x Monte Cristo,point,117.1,100.0,nao_contexto,586389,20140623,11:00,SEGUNDA-FEIRA,-30.117148210000000,-51.207481000000001,AV RODRIGUES DA FONSECA,,BOLETIM,0,0,0,0,0,0
P4,Corredor Av. Vicente Monteggia,polyline,75.7,50.0,nao_contexto,586055,20140624,07:20,TERCA-FEIRA,-30.095694000000002,-51.226329999999997,AV CAVALHADA,,BOLETIM,1,0,0,0,0,0
P4,Corredor Av. Vicente Monteggia,polyline,5.2,50.0,sim,586105,20140625,09:15,QUARTA-FEIRA,-30.103334810000000,-51.223125000000003,AV VICENTE MONTEGGIA,,BOLETIM,1,0,0,1,0,0
P5,Joao Salomoni x Av. da Cavalhada,point,51.1,100.0,sim,586179,20140627,12:15,SEXTA-FEIRA,-30.112642999999998,-51.226554999999998,AV CAVALHADA,,BOLETIM,1,0,0,0,0,0
P4,Corredor Av. Vicente Monteggia,polyline,2.0,50.0,sim,586461,20140703,02:20,QUINTA-FEIRA,-30.112490999999999,-51.215992999999997,AV VICENTE MONTEGGIA,,BOLETIM,2,1,0,0,0,0
P5,Joao Salomoni x Av. da Cavalhada,point,4.0,100.0,sim,586509,20140703,07:35,QUINTA-FEIRA,-30.113088410000000,-51.226539000000002,AV CAVALHADA,,BOLETIM,0,0,0,0,0,0
P4,Corredor Av. Vicente Monteggia,polyline,1.6,50.0,sim,586826,20140705,13:10,SABADO,-30.104472999999999,-51.222935999999997,AV VICENTE MONTEGGIA,,BOLETIM,0,0,0,0,0,0
P5,Joao Salomoni x Av. da Cavalhada,point,8.5,100.0,sim,586577,20140705,15:30,SABADO,-30.113078399999999,-51.226415000000003,AV CAVALHADA,,BOLETIM,1,0,0,0,0,0
P4,Corredor Av. Vicente Monteggia,polyline,0.4,50.0,sim,586741,20140707,06:50,SEGUNDA-FEIRA,-30.109076999999999,-51.220095000000001,AV VICENTE MONTEGGIA,,BOLETIM,0,0,0,0,0,0
P4,Corredor Av. Vicente Monteggia,polyline,7.1,50.0,sim,586820,20140708,14:40,TERCA-FEIRA,-30.095172999999999,-51.225712999999999,AV VICENTE MONTEGGIA,AV NONOAI,BOLETIM,0,0,0,0,0,0
P5,Joao Salomoni x Av. da Cavalhada,point,4.0,100.0,sim,586732,20140708,07:05,TERCA-FEIRA,-30.113088410000000,-51.226539000000002,AV CAVALHADA,,BOLETIM,1,0,0,1,0,0
P4,Corredor Av. Vicente Monteggia,polyline,3.4,50.0,sim,587022,20140710,12:00,QUINTA-FEIRA,-30.098381000000000,-51.225245000000001,AV VICENTE MONTEGGIA,,BOLETIM,0,0,0,0,0,0
P1,Rotula Estr. 3 Meninas x Estr. Cristiano Kraemer,point,63.8,100.0,sim,588005,20140714,01:30,SEGUNDA-FEIRA,-30.118832999999999,-51.202916999999999,R CEL FREDERICO CARLOS GOMES,ESTR CRISTIANO KRAEMER,BOLETIM,1,0,0,1,0,0
P4,Corredor Av. Vicente Monteggia,polyline,2.0,50.0,sim,605990,20140715,19:30,TERCA-FEIRA,-30.103235000000002,-51.223182999999999,AV VICENTE MONTEGGIA,,BOLETIM,1,0,0,1,0,0
P4,Corredor Av. Vicente Monteggia,polyline,1.9,50.0,sim,587236,20140717,07:00,QUINTA-FEIRA,-30.099589000000002,-51.225316999999997,AV VICENTE MONTEGGIA,,BOLETIM,2,0,0,0,0,0
P8,Estr. Costa Gama x Estr. Afonso Lourenco Mariante,point,26.5,100.0,sim,587356,20140717,13:10,QUINTA-FEIRA,-30.115379999999998,-51.177219000000001,ESTR COSTA GAMA,,BOLETIM,0,0,0,0,0,0
P2,Confluencia Cristiano Kraemer x Belem Velho x Monte Cristo,point,23.1,100.0,sim,587349,20140720,19:42,DOMINGO,-30.117736940000000,-51.206485000000001,ESTR CRISTIANO KRAEMER,,BOLETIM,2,1,0,1,0,0
P4,Corredor Av. Vicente Monteggia,polyline,2.1,50.0,sim,587494,20140721,08:30,SEGUNDA-FEIRA,-30.100792999999999,-51.224783000000002,AV OTTO NIEMEYER,AV VICENTE MONTEGGIA,BOLETIM,0,0,0,0,0,0
P4,Corredor Av. Vicente Monteggia,polyline,68.6,50.0,nao_contexto,587537,20140723,16:30,QUARTA-FEIRA,-30.095649000000002,-51.226277000000003,AV CAVALHADA,,BOLETIM,1,0,0,1,0,0
P5,Joao Salomoni x Av. da Cavalhada,point,8.5,100.0,sim,587782,20140726,14:50,SABADO,-30.113078399999999,-51.226415000000003,AV CAVALHADA,,BOLETIM,0,0,0,0,0,0
P3,Acesso Av. Vicente Monteggia via Joao Salomoni/Rodrigues,point,0.9,100.0,sim,587791,20140726,09:30,SABADO,-30.115501999999999,-51.212471000000001,AV VICENTE MONTEGGIA,AV RODRIGUES DA FONSECA,BOLETIM,0,0,0,0,0,0
P4,Corredor Av. Vicente Monteggia,polyline,4.6,50.0,sim,587791,20140726,09:30,SABADO,-30.115501999999999,-51.212471000000001,AV VICENTE MONTEGGIA,AV RODRIGUES DA FONSECA,BOLETIM,0,0,0,0,0,0
P4,Corredor Av. Vicente Monteggia,polyline,1.9,50.0,sim,587799,20140728,10:50,SEGUNDA-FEIRA,-30.099633000000001,-51.225310000000000,AV VICENTE MONTEGGIA,,BOLETIM,0,0,0,0,0,0
P4,Corredor Av. Vicente Monteggia,polyline,0.7,50.0,sim,587783,20140728,10:40,SEGUNDA-FEIRA,-30.109517830000001,-51.219769999999997,AV VICENTE MONTEGGIA,R JORGE NAPOLEAO SILVA SOUZA,BOLETIM,0,0,0,0,0,0
P3,Acesso Av. Vicente Monteggia via Joao Salomoni/Rodrigues,point,101.8,100.0,nao_contexto,587926,20140729,16:30,TERCA-FEIRA,-30.114585000000002,-51.212516000000001,AV VICENTE MONTEGGIA,,BOLETIM,0,0,0,0,0,0
P4,Corredor Av. Vicente Monteggia,polyline,2.9,50.0,sim,587926,20140729,16:30,TERCA-FEIRA,-30.114585000000002,-51.212516000000001,AV VICENTE MONTEGGIA,,BOLETIM,0,0,0,0,0,0
P4,Corredor Av. Vicente Monteggia,polyline,1.3,50.0,sim,587990,20140731,11:00,QUINTA-FEIRA,-30.104554000000000,-51.222912999999998,AV VICENTE MONTEGGIA,,BOLETIM,0,0,0,0,0,0
P4,Corredor Av. Vicente Monteggia,polyline,6.8,50.0,sim,588042,20140801,02:24,SEXTA-FEIRA,-30.101112430000001,-51.224505000000001,AV VICENTE MONTEGGIA,,BOLETIM,0,0,0,0,0,0
P3,Acesso Av. Vicente Monteggia via Joao Salomoni/Rodrigues,point,85.4,100.0,sim,588052,20140801,18:10,SEXTA-FEIRA,-30.115711000000001,-51.211626000000003,AV RODRIGUES DA FONSECA,,BOLETIM,2,0,0,1,0,0
P4,Corredor Av. Vicente Monteggia,polyline,78.9,50.0,nao_contexto,588052,20140801,18:10,SEXTA-FEIRA,-30.115711000000001,-51.211626000000003,AV RODRIGUES DA FONSECA,,BOLETIM,2,0,0,1,0,0
P4,Corredor Av. Vicente Monteggia,polyline,7.1,50.0,sim,588398,20140802,05:30,SABADO,-30.095172949999998,-51.225712999999999,AV VICENTE MONTEGGIA,AV CAVALHADA,BOLETIM,0,0,0,0,0,0
P4,Corredor Av. Vicente Monteggia,polyline,7.1,50.0,sim,588088,20140802,20:20,SABADO,-30.095172999999999,-51.225712999999999,R DR CAMPOS VELHO,AV NONOAI,BOLETIM,0,0,0,0,0,0
P4,Corredor Av. Vicente Monteggia,polyline,4.8,50.0,sim,588397,20140802,19:15,SABADO,-30.112423000000000,-51.215468999999999,AV VICENTE MONTEGGIA,,BOLETIM,0,0,0,0,0,0
P4,Corredor Av. Vicente Monteggia,polyline,7.1,50.0,sim,588271,20140805,10:30,TERCA-FEIRA,-30.095172999999999,-51.225712999999999,R DR CAMPOS VELHO,AV NONOAI,BOLETIM,0,0,0,0,0,0
P4,Corredor Av. Vicente Monteggia,polyline,7.1,50.0,sim,588280,20140806,10:30,QUARTA-FEIRA,-30.095172999999999,-51.225712999999999,AV CAVALHADA,AV NONOAI,BOLETIM,0,0,0,0,0,0
P5,Joao Salomoni x Av. da Cavalhada,point,101.2,100.0,nao_contexto,588215,20140806,09:00,QUARTA-FEIRA,-30.112214099999999,-51.226742000000002,AV CAVALHADA,,BOLETIM,1,0,0,0,0,0
P4,Corredor Av. Vicente Monteggia,polyline,5.9,50.0,sim,588353,20140809,14:00,SABADO,-30.109412970000001,-51.219780000000000,AV VICENTE MONTEGGIA,,BOLETIM,0,0,1,1,0,0
P4,Corredor Av. Vicente Monteggia,polyline,8.9,50.0,sim,588368,20140809,19:15,SABADO,-30.106607589999999,-51.222391000000002,AV VICENTE MONTEGGIA,,BOLETIM,1,1,0,1,0,0
P4,Corredor Av. Vicente Monteggia,polyline,5.9,50.0,sim,588432,20140809,16:00,SABADO,-30.109412970000001,-51.219780000000000,AV VICENTE MONTEGGIA,,BOLETIM,0,0,0,0,0,0
P7,Estr. 3 Meninas x Estr. Costa Gama,point,7.3,100.0,sim,588657,20140813,19:00,QUARTA-FEIRA,-30.133669999999999,-51.175710000000002,ESTR DAS TRES MENINAS,ESTR COSTA GAMA,BOLETIM,0,0,0,0,0,0
P4,Corredor Av. Vicente Monteggia,polyline,3.2,50.0,sim,588810,20140816,09:40,SABADO,-30.096741999999999,-51.224736000000000,AV VICENTE MONTEGGIA,,BOLETIM,0,0,0,0,0,0
P4,Corredor Av. Vicente Monteggia,polyline,65.2,50.0,nao_contexto,588818,20140817,11:13,DOMINGO,-30.095571050000000,-51.226318999999997,AV CAVALHADA,,BOLETIM,0,0,0,0,0,0
P5,Joao Salomoni x Av. da Cavalhada,point,4.0,100.0,sim,588800,20140817,06:30,DOMINGO,-30.113088410000000,-51.226539000000002,AV CAVALHADA,,BOLETIM,1,0,0,0,0,0
P4,Corredor Av. Vicente Monteggia,polyline,7.1,50.0,sim,588881,20140818,12:00,SEGUNDA-FEIRA,-30.095172949999998,-51.225712999999999,AV VICENTE MONTEGGIA,AV CAVALHADA,BOLETIM,0,0,0,0,0,0
P4,Corredor Av. Vicente Monteggia,polyline,3.1,50.0,sim,588861,20140818,11:45,SEGUNDA-FEIRA,-30.112907000000000,-51.213535000000000,AV VICENTE MONTEGGIA,,BOLETIM,0,0,0,0,0,0
P1,Rotula Estr. 3 Meninas x Estr. Cristiano Kraemer,point,7.7,100.0,sim,589224,20140819,21:00,TERCA-FEIRA,-30.118299000000000,-51.203268999999999,ESTR DAS TRES MENINAS,ESTR CRISTIANO KRAEMER,BOLETIM,0,0,0,0,0,0
P4,Corredor Av. Vicente Monteggia,polyline,2.7,50.0,sim,588959,20140820,18:50,QUARTA-FEIRA,-30.098483000000002,-51.225245999999999,AV VICENTE MONTEGGIA,,BOLETIM,1,0,0,1,0,0
P4,Corredor Av. Vicente Monteggia,polyline,61.5,50.0,nao_contexto,589020,20140821,10:30,QUINTA-FEIRA,-30.094788999999999,-51.225093999999999,AV NONOAI,,BOLETIM,0,0,0,0,0,0
P4,Corredor Av. Vicente Monteggia,polyline,0.0,50.0,sim,589167,20140822,14:30,SEXTA-FEIRA,-30.102615000000000,-51.223354000000000,AV VICENTE MONTEGGIA,,BOLETIM,0,0,0,0,0,0
P4,Corredor Av. Vicente Monteggia,polyline,56.7,50.0,nao_contexto,589188,20140823,13:50,SABADO,-30.104410000000001,-51.222332000000002,ESTR ARACAJU,,BOLETIM,0,0,0,0,0,0
P9,Entroncamento Rua Santuario x Av. Oscar Pereira,point,78.7,100.0,sim,589723,20140824,03:30,DOMINGO,-30.096119999999999,-51.177723000000000,AV PROF OSCAR PEREIRA,,BOLETIM,0,0,1,1,0,0
P4,Corredor Av. Vicente Monteggia,polyline,0.6,50.0,sim,589318,20140826,21:15,TERCA-FEIRA,-30.110429109999998,-51.219022000000002,ESTR JOAO VEDANA,AV VICENTE MONTEGGIA,BOLETIM,1,0,0,1,0,0
P4,Corredor Av. Vicente Monteggia,polyline,5.9,50.0,sim,592141,20140827,18:20,QUARTA-FEIRA,-30.101178080000000,-51.224241999999997,AV VICENTE MONTEGGIA,,BOLETIM,1,0,0,1,0,0
P6,Rota Florestan Fernandes / Estrada Kanazawa,polyline,16.7,50.0,sim,589451,20140829,07:50,SEXTA-FEIRA,-30.117455000000000,-51.184666999999997,AV BELEM VELHO,,BOLETIM,0,0,0,0,0,0
P4,Corredor Av. Vicente Monteggia,polyline,6.2,50.0,sim,590001,20140908,13:40,SEGUNDA-FEIRA,-30.105252680000000,-51.222631999999997,AV VICENTE MONTEGGIA,,BOLETIM,0,0,0,0,0,0
P8,Estr. Costa Gama x Estr. Afonso Lourenco Mariante,point,38.3,100.0,sim,590195,20140910,13:08,QUARTA-FEIRA,-30.114863000000000,-51.176913999999996,ESTR COSTA GAMA,,BOLETIM,0,0,0,0,0,0
P4,Corredor Av. Vicente Monteggia,polyline,4.3,50.0,sim,590238,20140912,21:50,SEXTA-FEIRA,-30.099332109999999,-51.225333999999997,AV VICENTE MONTEGGIA,,BOLETIM,1,0,0,1,0,0
P4,Corredor Av. Vicente Monteggia,polyline,0.4,50.0,sim,590472,20140917,22:50,QUARTA-FEIRA,-30.109076999999999,-51.220095000000001,AV VICENTE MONTEGGIA,,BOLETIM,1,0,0,1,0,0
P8,Estr. Costa Gama x Estr. Afonso Lourenco Mariante,point,0.6,100.0,sim,590510,20140917,11:35,QUARTA-FEIRA,-30.115180840000001,-51.177064000000001,ESTR COSTA GAMA,ESTR AFONSO LOURENCO MARIANTE,BOLETIM,1,0,0,0,0,1
P4,Corredor Av. Vicente Monteggia,polyline,5.2,50.0,sim,590523,20140918,14:30,QUINTA-FEIRA,-30.103334810000000,-51.223125000000003,AV VICENTE MONTEGGIA,,BOLETIM,0,0,0,0,0,0
P4,Corredor Av. Vicente Monteggia,polyline,4.5,50.0,sim,590545,20140919,19:30,SEXTA-FEIRA,-30.105749029999998,-51.222504000000001,AV VICENTE MONTEGGIA,,BOLETIM,1,0,0,1,0,0
P4,Corredor Av. Vicente Monteggia,polyline,3.5,50.0,sim,590563,20140920,19:00,SABADO,-30.101619950000000,-51.223863000000001,AV VICENTE MONTEGGIA,,BOLETIM,1,0,0,0,0,0
P5,Joao Salomoni x Av. da Cavalhada,point,13.9,100.0,sim,590756,20140922,12:20,SEGUNDA-FEIRA,-30.113049820000001,-51.226367560000000,ESTR JOAO SALAMONI,AV CAVALHADA,BOLETIM,0,0,0,0,0,0
P8,Estr. Costa Gama x Estr. Afonso Lourenco Mariante,point,85.7,100.0,sim,590896,20140924,19:30,QUARTA-FEIRA,-30.115932000000001,-51.177266000000003,ESTR COSTA GAMA,,BOLETIM,1,0,0,1,0,0
P4,Corredor Av. Vicente Monteggia,polyline,2.7,50.0,sim,590938,20140925,16:30,QUINTA-FEIRA,-30.098483000000002,-51.225245999999999,AV VICENTE MONTEGGIA,,BOLETIM,0,0,0,0,0,0
P4,Corredor Av. Vicente Monteggia,polyline,1.9,50.0,sim,591030,20140925,18:00,QUINTA-FEIRA,-30.099589000000002,-51.225316999999997,AV VICENTE MONTEGGIA,,BOLETIM,1,0,0,1,0,0
P4,Corredor Av. Vicente Monteggia,polyline,2.3,50.0,sim,590981,20140926,18:50,SEXTA-FEIRA,-30.098199999999999,-51.225037999999998,AV VICENTE MONTEGGIA,,BOLETIM,1,0,0,1,0,0
P9,Entroncamento Rua Santuario x Av. Oscar Pereira,point,68.8,100.0,sim,591182,20141001,21:00,QUARTA-FEIRA,-30.096188999999999,-51.177799000000000,AV PROF OSCAR PEREIRA,,BOLETIM,1,0,0,0,0,0
P4,Corredor Av. Vicente Monteggia,polyline,6.2,50.0,sim,591248,20141003,11:50,SEXTA-FEIRA,-30.105252680000000,-51.222631999999997,AV VICENTE MONTEGGIA,,BOLETIM,1,1,0,1,0,0
P4,Corredor Av. Vicente Monteggia,polyline,9.0,50.0,sim,591437,20141003,13:45,SEXTA-FEIRA,-30.107761520000000,-51.221663999999997,AV VICENTE MONTEGGIA,,BOLETIM,0,0,0,0,0,0
P4,Corredor Av. Vicente Monteggia,polyline,6.9,50.0,sim,591262,20141004,03:38,SABADO,-30.108006719999999,-51.221350000000001,AV VICENTE MONTEGGIA,,BOLETIM,0,0,0,0,0,0
P4,Corredor Av. Vicente Monteggia,polyline,7.1,50.0,sim,591270,20141005,11:20,DOMINGO,-30.095172999999999,-51.225712999999999,R DR CAMPOS VELHO,AV NONOAI,BOLETIM,0,0,0,0,0,0
P4,Corredor Av. Vicente Monteggia,polyline,4.6,50.0,sim,591515,20141008,10:00,QUARTA-FEIRA,-30.105806000000001,-51.222583999999998,AV VICENTE MONTEGGIA,,BOLETIM,1,0,0,1,0,0
P4,Corredor Av. Vicente Monteggia,polyline,7.1,50.0,sim,591711,20141010,05:35,SEXTA-FEIRA,-30.095172999999999,-51.225712999999999,AV VICENTE MONTEGGIA,AV NONOAI,BOLETIM,0,0,0,0,0,0
P4,Corredor Av. Vicente Monteggia,polyline,1.3,50.0,sim,593227,20141013,18:00,SEGUNDA-FEIRA,-30.102253999999999,-51.223455000000001,AV VICENTE MONTEGGIA,,BOLETIM,1,0,0,0,0,0
P4,Corredor Av. Vicente Monteggia,polyline,5.7,50.0,sim,591706,20141013,16:00,SEGUNDA-FEIRA,-30.112472000000000,-51.214356000000002,AV VICENTE MONTEGGIA,,BOLETIM,1,0,0,0,0,0
P6,Rota Florestan Fernandes / Estrada Kanazawa,polyline,2.7,50.0,sim,591886,20141015,19:50,QUARTA-FEIRA,-30.120045000000001,-51.196967999999998,ESTR KANAZAWA,,BOLETIM,1,0,0,1,0,0
P5,Joao Salomoni x Av. da Cavalhada,point,13.9,100.0,sim,592028,20141018,09:45,SABADO,-30.113049820000001,-51.226367560000000,ESTR JOAO SALAMONI,AV CAVALHADA,BOLETIM,0,0,0,0,0,0
P5,Joao Salomoni x Av. da Cavalhada,point,13.9,100.0,sim,592029,20141018,09:00,SABADO,-30.113049820000001,-51.226367560000000,ESTR JOAO SALAMONI,AV CAVALHADA,BOLETIM,0,0,0,0,0,0
P5,Joao Salomoni x Av. da Cavalhada,point,13.9,100.0,sim,592343,20141023,18:23,QUINTA-FEIRA,-30.113049820000001,-51.226367560000000,ESTR JOAO SALAMONI,AV CAVALHADA,BOLETIM,0,0,0,0,0,0
P5,Joao Salomoni x Av. da Cavalhada,point,4.0,100.0,sim,592378,20141024,19:00,SEXTA-FEIRA,-30.113088410000000,-51.226539000000002,AV CAVALHADA,,BOLETIM,2,0,0,1,0,0
P5,Joao Salomoni x Av. da Cavalhada,point,137.4,100.0,nao_contexto,592657,20141026,17:00,DOMINGO,-30.114303230000001,-51.226176000000002,AV FAMILIA GONCALVES CARNEIRO,AV CAVALHADA,BOLETIM,0,0,0,0,0,0
P4,Corredor Av. Vicente Monteggia,polyline,55.9,50.0,nao_contexto,592567,20141028,17:50,TERCA-FEIRA,-30.100639999999999,-51.225546999999999,AV OTTO NIEMEYER,,BOLETIM,1,0,0,1,0,0
P4,Corredor Av. Vicente Monteggia,polyline,0.3,50.0,sim,592614,20141029,15:00,QUARTA-FEIRA,-30.101939999999999,-51.223551000000000,AV VICENTE MONTEGGIA,,BOLETIM,1,0,0,1,0,0
P4,Corredor Av. Vicente Monteggia,polyline,1.0,50.0,sim,592619,20141029,16:45,QUARTA-FEIRA,-30.102924999999999,-51.223269000000002,AV VICENTE MONTEGGIA,,BOLETIM,1,0,0,0,0,0
P4,Corredor Av. Vicente Monteggia,polyline,5.3,50.0,sim,592658,20141030,17:50,QUINTA-FEIRA,-30.103694090000001,-51.223154999999998,AV VICENTE MONTEGGIA,,BOLETIM,2,0,0,1,0,0
P4,Corredor Av. Vicente Monteggia,polyline,2.4,50.0,sim,592660,20141030,08:58,QUINTA-FEIRA,-30.109073570000000,-51.220059999999997,AV VICENTE MONTEGGIA,,BOLETIM,0,0,0,0,0,0
P2,Confluencia Cristiano Kraemer x Belem Velho x Monte Cristo,point,30.0,100.0,sim,592683,20141031,08:15,SEXTA-FEIRA,-30.117675999999999,-51.206642000000002,AV RODRIGUES DA FONSECA,ESTR CRISTIANO KRAEMER,BOLETIM,1,0,0,1,0,0
P4,Corredor Av. Vicente Monteggia,polyline,2.7,50.0,sim,592751,20141103,11:00,SEGUNDA-FEIRA,-30.099736000000000,-51.225285000000000,AV VICENTE MONTEGGIA,,BOLETIM,1,1,0,1,0,0
P4,Corredor Av. Vicente Monteggia,polyline,58.8,50.0,nao_contexto,593046,20141103,17:45,SEGUNDA-FEIRA,-30.107350000000000,-51.221142000000000,R AMAPA,,BOLETIM,1,0,0,1,0,0
P4,Corredor Av. Vicente Monteggia,polyline,3.2,50.0,sim,592845,20141103,08:30,SEGUNDA-FEIRA,-30.111024520000001,-51.218603000000002,AV VICENTE MONTEGGIA,,BOLETIM,0,0,0,0,0,0
P4,Corredor Av. Vicente Monteggia,polyline,67.4,50.0,nao_contexto,592962,20141104,15:30,TERCA-FEIRA,-30.109781999999999,-51.220413000000001,ESTR JOAO VEDANA,,BOLETIM,0,0,0,0,0,0
P8,Estr. Costa Gama x Estr. Afonso Lourenco Mariante,point,36.9,100.0,sim,592963,20141104,15:50,TERCA-FEIRA,-30.115369869999999,-51.176755000000000,ESTR AFONSO LOURENCO MARIANTE,,BOLETIM,0,0,0,1,0,0
P7,Estr. 3 Meninas x Estr. Costa Gama,point,7.3,100.0,sim,592967,20141104,12:30,TERCA-FEIRA,-30.133669999999999,-51.175710000000002,ESTR DAS TRES MENINAS,ESTR COSTA GAMA,BOLETIM,0,0,0,0,0,0
P7,Estr. 3 Meninas x Estr. Costa Gama,point,7.3,100.0,sim,592997,20141104,15:00,TERCA-FEIRA,-30.133669999999999,-51.175710000000002,ESTR DAS TRES MENINAS,ESTR COSTA GAMA,BOLETIM,0,0,0,0,0,0
P4,Corredor Av. Vicente Monteggia,polyline,7.1,50.0,sim,593112,20141105,12:35,QUARTA-FEIRA,-30.095172999999999,-51.225712999999999,R DR CAMPOS VELHO,AV NONOAI,BOLETIM,0,0,0,0,0,0
P4,Corredor Av. Vicente Monteggia,polyline,5.8,50.0,sim,593036,20141106,13:40,QUINTA-FEIRA,-30.097466000000001,-51.224687000000003,AV VICENTE MONTEGGIA,,BOLETIM,1,0,0,1,0,0
P4,Corredor Av. Vicente Monteggia,polyline,4.7,50.0,sim,593109,20141108,19:50,SABADO,-30.095149280000001,-51.225779000000003,AV CAVALHADA,,BOLETIM,2,0,0,1,0,0
P4,Corredor Av. Vicente Monteggia,polyline,26.2,50.0,sim,593106,20141108,16:30,SABADO,-30.095383999999999,-51.225959000000003,AV CAVALHADA,,BOLETIM,1,0,0,0,0,0
P4,Corredor Av. Vicente Monteggia,polyline,83.0,50.0,nao_contexto,593256,20141108,16:00,SABADO,-30.095741000000000,-51.226382000000001,AV CAVALHADA,,BOLETIM,1,0,0,0,0,0
P4,Corredor Av. Vicente Monteggia,polyline,3.4,50.0,sim,593352,20141110,14:20,SEGUNDA-FEIRA,-30.098381000000000,-51.225245000000001,AV VICENTE MONTEGGIA,,BOLETIM,0,0,0,0,0,0
P4,Corredor Av. Vicente Monteggia,polyline,2.7,50.0,sim,593451,20141111,08:54,TERCA-FEIRA,-30.098398000000000,-51.225183000000001,AV VICENTE MONTEGGIA,,BOLETIM,0,0,0,0,0,0
P5,Joao Salomoni x Av. da Cavalhada,point,6.4,100.0,sim,594126,20141113,18:40,QUINTA-FEIRA,-30.113044750000000,-51.226481000000000,ESTR JOAO SALOMONI,AV CAVALHADA,BOLETIM,0,0,0,0,0,0
P4,Corredor Av. Vicente Monteggia,polyline,0.7,50.0,sim,593597,20141114,12:00,SEXTA-FEIRA,-30.103885890000001,-51.223067999999998,ESTR ARACAJU,AV VICENTE MONTEGGIA,BOLETIM,0,0,0,0,0,0
P4,Corredor Av. Vicente Monteggia,polyline,0.7,50.0,sim,593598,20141114,13:25,SEXTA-FEIRA,-30.109517830000001,-51.219769999999997,AV VICENTE MONTEGGIA,R JORGE NAPOLEAO SILVA SOUZA,BOLETIM,0,0,0,0,0,0
P7,Estr. 3 Meninas x Estr. Costa Gama,point,17.3,100.0,sim,593869,20141120,13:10,QUINTA-FEIRA,-30.133879000000000,-51.175688999999998,ESTR COSTA GAMA,,BOLETIM,0,0,0,0,0,0
P1,Rotula Estr. 3 Meninas x Estr. Cristiano Kraemer,point,23.2,100.0,sim,593941,20141121,13:25,SEXTA-FEIRA,-30.118141000000001,-51.203049000000000,ESTR DAS TRES MENINAS,,BOLETIM,0,0,0,0,0,0
P4,Corredor Av. Vicente Monteggia,polyline,8.5,50.0,sim,594214,20141126,21:50,QUARTA-FEIRA,-30.109044330000000,-51.220238000000002,AV VICENTE MONTEGGIA,,BOLETIM,3,0,1,0,0,1
P4,Corredor Av. Vicente Monteggia,polyline,4.7,50.0,sim,594585,20141203,07:35,QUARTA-FEIRA,-30.111325000000001,-51.218192000000002,AV VICENTE MONTEGGIA,,BOLETIM,0,0,0,0,0,0
P4,Corredor Av. Vicente Monteggia,polyline,6.2,50.0,sim,594659,20141204,08:30,QUINTA-FEIRA,-30.105252680000000,-51.222631999999997,AV VICENTE MONTEGGIA,,BOLETIM,1,0,0,1,0,0
P2,Confluencia Cristiano Kraemer x Belem Velho x Monte Cristo,point,30.0,100.0,sim,594809,20141204,11:50,QUINTA-FEIRA,-30.117675999999999,-51.206642000000002,AV RODRIGUES DA FONSECA,AV MONTE CRISTO,BOLETIM,0,0,0,0,0,0
P4,Corredor Av. Vicente Monteggia,polyline,3.1,50.0,sim,594835,20141205,07:45,SEXTA-FEIRA,-30.107300039999998,-51.222088999999997,R GREGORIO PEREZ,AV VICENTE MONTEGGIA,BOLETIM,0,0,0,0,0,0
P4,Corredor Av. Vicente Monteggia,polyline,0.6,50.0,sim,594754,20141206,13:00,SABADO,-30.110429109999998,-51.219022000000002,ESTR JOAO VEDANA,AV VICENTE MONTEGGIA,BOLETIM,0,0,0,0,0,0
P1,Rotula Estr. 3 Meninas x Estr. Cristiano Kraemer,point,159.6,100.0,nao_contexto,594715,20141207,06:00,DOMINGO,-30.119713000000001,-51.202840000000002,ESTR CRISTIANO KRAEMER,,BOLETIM,2,0,0,0,0,0
P4,Corredor Av. Vicente Monteggia,polyline,37.0,50.0,sim,595148,20141209,16:15,TERCA-FEIRA,-30.094997960000001,-51.225225999999999,AV NONOAI,,BOLETIM,0,0,0,0,0,0
P3,Acesso Av. Vicente Monteggia via Joao Salomoni/Rodrigues,point,168.5,100.0,nao_contexto,595008,20141213,13:40,SABADO,-30.113992509999999,-51.212662999999999,AV VICENTE MONTEGGIA,,BOLETIM,1,0,0,1,0,0
P4,Corredor Av. Vicente Monteggia,polyline,4.9,50.0,sim,595008,20141213,13:40,SABADO,-30.113992509999999,-51.212662999999999,AV VICENTE MONTEGGIA,,BOLETIM,1,0,0,1,0,0
P4,Corredor Av. Vicente Monteggia,polyline,21.5,50.0,sim,595307,20141214,05:00,DOMINGO,-30.095056039999999,-51.225375000000000,AV NONOAI,,BOLETIM,0,0,0,0,0,0
P4,Corredor Av. Vicente Monteggia,polyline,6.5,50.0,sim,595350,20141218,20:00,QUINTA-FEIRA,-30.110417720000001,-51.218955000000001,AV VICENTE MONTEGGIA,,BOLETIM,1,0,0,1,0,0
P4,Corredor Av. Vicente Monteggia,polyline,7.1,50.0,sim,595628,20141222,14:15,SEGUNDA-FEIRA,-30.095172999999999,-51.225712999999999,R DR CAMPOS VELHO,AV NONOAI,BOLETIM,0,0,0,0,0,0
P4,Corredor Av. Vicente Monteggia,polyline,0.3,50.0,sim,595970,20141223,18:00,TERCA-FEIRA,-30.096827999999999,-51.224724000000002,AV VICENTE MONTEGGIA,AV FABIO ARAUJO SANTOS,BOLETIM,1,0,0,1,0,0
P4,Corredor Av. Vicente Monteggia,polyline,3.2,50.0,sim,595789,20141226,19:30,SEXTA-FEIRA,-30.108794000000000,-51.220410000000001,AV VICENTE MONTEGGIA,,BOLETIM,0,0,0,1,0,0
P5,Joao Salomoni x Av. da Cavalhada,point,13.9,100.0,sim,595856,20141228,11:15,DOMINGO,-30.113049820000001,-51.226367560000000,ESTR JOAO SALAMONI,AV CAVALHADA,BOLETIM,0,0,0,0,0,0
P4,Corredor Av. Vicente Monteggia,polyline,65.2,50.0,nao_contexto,595916,20141230,15:30,TERCA-FEIRA,-30.095571050000000,-51.226318999999997,AV CAVALHADA,,BOLETIM,0,0,0,0,0,0
P5,Joao Salomoni x Av. da Cavalhada,point,4.0,100.0,sim,595918,20141230,18:05,TERCA-FEIRA,-30.113088410000000,-51.226539000000002,AV CAVALHADA,,BOLETIM,0,0,0,0,0,0
P6,Rota Florestan Fernandes / Estrada Kanazawa,polyline,16.7,50.0,sim,596058,20150101,11:00,QUINTA-FEIRA,-30.117455000000000,-51.184666999999997,AV BELEM VELHO,,BOLETIM,0,0,0,0,0,0
P2,Confluencia Cristiano Kraemer x Belem Velho x Monte Cristo,point,20.6,100.0,sim,596067,20150103,22:10,SABADO,-30.117470000000001,-51.206547000000000,AV RODRIGUES DA FONSECA,,BOLETIM,0,0,0,0,0,0
P4,Corredor Av. Vicente Monteggia,polyline,4.8,50.0,sim,597316,20150106,18:20,TERCA-FEIRA,-30.112423000000000,-51.215488000000001,AV VICENTE MONTEGGIA,,BOLETIM,1,0,0,0,0,0
P4,Corredor Av. Vicente Monteggia,polyline,21.5,50.0,sim,596139,20150109,22:20,SEXTA-FEIRA,-30.095056039999999,-51.225375000000000,AV NONOAI,,BOLETIM,1,0,0,0,0,0
P4,Corredor Av. Vicente Monteggia,polyline,3.3,50.0,sim,596259,20150113,07:30,TERCA-FEIRA,-30.105409000000002,-51.222687999999998,AV VICENTE MONTEGGIA,,BOLETIM,1,1,0,0,0,0
P4,Corredor Av. Vicente Monteggia,polyline,5.9,50.0,sim,596413,20150113,13:40,TERCA-FEIRA,-30.109412970000001,-51.219780000000000,AV VICENTE MONTEGGIA,,BOLETIM,0,0,0,0,0,2
P7,Estr. 3 Meninas x Estr. Costa Gama,point,185.1,100.0,nao_contexto,596784,20150125,21:30,DOMINGO,-30.135313000000000,-51.175144000000003,ESTR COSTA GAMA,,BOLETIM,2,0,0,1,0,0
P5,Joao Salomoni x Av. da Cavalhada,point,4.0,100.0,sim,596939,20150126,18:15,SEGUNDA-FEIRA,-30.113088410000000,-51.226539000000002,AV CAVALHADA,,BOLETIM,0,0,0,0,0,0
P4,Corredor Av. Vicente Monteggia,polyline,3.0,50.0,sim,597072,20150131,05:50,SABADO,-30.096492999999999,-51.224874000000000,AV VICENTE MONTEGGIA,,BOLETIM,1,0,0,0,0,0
P4,Corredor Av. Vicente Monteggia,polyline,0.5,50.0,sim,597172,20150203,18:10,TERCA-FEIRA,-30.097041510000000,-51.224643999999998,AV VICENTE MONTEGGIA,,BOLETIM,1,0,0,1,0,0
P5,Joao Salomoni x Av. da Cavalhada,point,178.9,100.0,nao_contexto,597198,20150203,15:30,TERCA-FEIRA,-30.114668309999999,-51.226083000000003,AV CAVALHADA,,BOLETIM,0,0,0,0,0,0
P4,Corredor Av. Vicente Monteggia,polyline,4.7,50.0,sim,597374,20150207,12:00,SABADO,-30.095149280000001,-51.225779000000003,AV CAVALHADA,,BOLETIM,1,0,0,0,0,0
P1,Rotula Estr. 3 Meninas x Estr. Cristiano Kraemer,point,182.3,100.0,nao_contexto,602529,20150207,17:25,SABADO,-30.117360999999999,-51.204734999999999,ESTR CRISTIANO KRAEMER,,BOLETIM,0,0,0,0,0,0
P2,Confluencia Cristiano Kraemer x Belem Velho x Monte Cristo,point,157.9,100.0,nao_contexto,602529,20150207,17:25,SABADO,-30.117360999999999,-51.204734999999999,ESTR CRISTIANO KRAEMER,,BOLETIM,0,0,0,0,0,0
P4,Corredor Av. Vicente Monteggia,polyline,3.8,50.0,sim,602959,20150209,18:00,SEGUNDA-FEIRA,-30.105124000000000,-51.222695000000002,AV VICENTE MONTEGGIA,,BOLETIM,0,0,0,0,0,0
P5,Joao Salomoni x Av. da Cavalhada,point,111.8,100.0,nao_contexto,602965,20150209,19:45,SEGUNDA-FEIRA,-30.114095769999999,-51.226337000000001,AV CAVALHADA,,BOLETIM,0,0,0,0,0,0
P4,Corredor Av. Vicente Monteggia,polyline,7.1,50.0,sim,597686,20150212,18:50,QUINTA-FEIRA,-30.095172999999999,-51.225712999999999,R DR CAMPOS VELHO,AV CAVALHADA,BOLETIM,0,0,0,0,0,0
P4,Corredor Av. Vicente Monteggia,polyline,3.0,50.0,sim,597758,20150214,07:50,SABADO,-30.109435000000001,-51.219799999999999,AV VICENTE MONTEGGIA,,BOLETIM,0,0,0,0,0,0
P4,Corredor Av. Vicente Monteggia,polyline,6.5,50.0,sim,597771,20150218,08:50,QUARTA-FEIRA,-30.113307370000001,-51.213003000000000,AV VICENTE MONTEGGIA,ESTR JOAO PASSUELO,BOLETIM,0,0,0,0,0,0
P7,Estr. 3 Meninas x Estr. Costa Gama,point,7.3,100.0,sim,606691,20150222,20:30,DOMINGO,-30.133669999999999,-51.175710000000002,ESTR DAS TRES MENINAS,ESTR COSTA GAMA,BOLETIM,0,0,0,0,0,0
P3,Acesso Av. Vicente Monteggia via Joao Salomoni/Rodrigues,point,81.3,100.0,sim,598020,20150223,23:00,SEGUNDA-FEIRA,-30.114771260000001,-51.212406000000001,AV VICENTE MONTEGGIA,,BOLETIM,0,0,0,0,0,0
P4,Corredor Av. Vicente Monteggia,polyline,0.8,50.0,sim,598020,20150223,23:00,SEGUNDA-FEIRA,-30.114771260000001,-51.212406000000001,AV VICENTE MONTEGGIA,,BOLETIM,0,0,0,0,0,0
P4,Corredor Av. Vicente Monteggia,polyline,7.1,50.0,sim,607824,20150225,11:25,QUARTA-FEIRA,-30.095172949999998,-51.225712999999999,AV VICENTE MONTEGGIA,AV CAVALHADA,BOLETIM,0,0,0,0,0,0
P4,Corredor Av. Vicente Monteggia,polyline,7.1,50.0,sim,598118,20150225,12:10,QUARTA-FEIRA,-30.095172999999999,-51.225712999999999,R DR CAMPOS VELHO,AV NONOAI,BOLETIM,0,0,0,0,0,0
P5,Joao Salomoni x Av. da Cavalhada,point,4.0,100.0,sim,607834,20150225,15:05,QUARTA-FEIRA,-30.113088410000000,-51.226539000000002,AV CAVALHADA,,BOLETIM,0,0,0,0,0,0
P8,Estr. Costa Gama x Estr. Afonso Lourenco Mariante,point,99.0,100.0,sim,608319,20150226,19:45,QUINTA-FEIRA,-30.114328000000000,-51.176771000000002,ESTR COSTA GAMA,,BOLETIM,0,0,0,0,0,0
P2,Confluencia Cristiano Kraemer x Belem Velho x Monte Cristo,point,59.8,100.0,sim,598036,20150227,05:20,SEXTA-FEIRA,-30.117488999999999,-51.206975999999997,AV RODRIGUES DA FONSECA,,BOLETIM,1,0,0,1,1,0
P4,Corredor Av. Vicente Monteggia,polyline,7.1,50.0,sim,599167,20150301,21:30,DOMINGO,-30.095172999999999,-51.225712999999999,R DR CAMPOS VELHO,AV NONOAI,BOLETIM,1,0,0,0,0,1
P4,Corredor Av. Vicente Monteggia,polyline,3.0,50.0,sim,599943,20150302,23:30,SEGUNDA-FEIRA,-30.095286000000002,-51.225645000000000,AV VICENTE MONTEGGIA,,BOLETIM,1,0,0,1,0,0
P4,Corredor Av. Vicente Monteggia,polyline,3.1,50.0,sim,598188,20150302,20:05,SEGUNDA-FEIRA,-30.112521999999998,-51.216600999999997,AV VICENTE MONTEGGIA,,BOLETIM,1,0,0,0,0,0
P4,Corredor Av. Vicente Monteggia,polyline,3.1,50.0,sim,598304,20150305,08:40,QUINTA-FEIRA,-30.107299999999999,-51.222088999999997,R AMAPA,AV VICENTE MONTEGGIA,BOLETIM,0,0,0,0,0,0
P2,Confluencia Cristiano Kraemer x Belem Velho x Monte Cristo,point,59.8,100.0,sim,598706,20150313,07:50,SEXTA-FEIRA,-30.117488999999999,-51.206975999999997,AV RODRIGUES DA FONSECA,,BOLETIM,0,0,0,0,0,0
P4,Corredor Av. Vicente Monteggia,polyline,3.2,50.0,sim,614355,20150314,19:24,SABADO,-30.097559159999999,-51.224617000000002,AV VICENTE MONTEGGIA,,BOLETIM,0,0,0,0,0,0
P2,Confluencia Cristiano Kraemer x Belem Velho x Monte Cristo,point,35.2,100.0,sim,598731,20150314,10:20,SABADO,-30.117474309999999,-51.206007999999997,AV BELEM VELHO,,BOLETIM,1,0,0,1,0,0
P4,Corredor Av. Vicente Monteggia,polyline,79.9,50.0,nao_contexto,615610,20150318,08:00,QUARTA-FEIRA,-30.094882750000000,-51.226581000000003,R DR CAMPOS VELHO,,BOLETIM,0,0,0,0,0,1
P3,Acesso Av. Vicente Monteggia via Joao Salomoni/Rodrigues,point,127.3,100.0,nao_contexto,598978,20150319,12:30,QUINTA-FEIRA,-30.116609000000000,-51.212153000000001,R ATILIO SUPERTTI,,BOLETIM,1,0,0,0,0,0
P4,Corredor Av. Vicente Monteggia,polyline,5.4,50.0,sim,599414,20150324,23:45,TERCA-FEIRA,-30.095460920000001,-51.225383999999998,AV VICENTE MONTEGGIA,,BOLETIM,0,0,0,0,0,0
P3,Acesso Av. Vicente Monteggia via Joao Salomoni/Rodrigues,point,88.6,100.0,sim,599351,20150326,17:40,QUINTA-FEIRA,-30.114702999999999,-51.212468000000001,AV VICENTE MONTEGGIA,,BOLETIM,1,0,0,1,0,0
P4,Corredor Av. Vicente Monteggia,polyline,2.8,50.0,sim,599351,20150326,17:40,QUINTA-FEIRA,-30.114702999999999,-51.212468000000001,AV VICENTE MONTEGGIA,,BOLETIM,1,0,0,1,0,0
P4,Corredor Av. Vicente Monteggia,polyline,7.1,50.0,sim,599381,20150327,19:30,SEXTA-FEIRA,-30.095172999999999,-51.225712999999999,R DR CAMPOS VELHO,AV NONOAI,BOLETIM,1,0,0,0,1,0
P4,Corredor Av. Vicente Monteggia,polyline,7.1,50.0,sim,599490,20150329,17:00,DOMINGO,-30.095172999999999,-51.225712999999999,R DR CAMPOS VELHO,AV NONOAI,BOLETIM,0,0,0,0,0,0
P4,Corredor Av. Vicente Monteggia,polyline,5.9,50.0,sim,599444,20150330,08:20,SEGUNDA-FEIRA,-30.109412970000001,-51.219780000000000,AV VICENTE MONTEGGIA,,BOLETIM,1,1,0,1,0,0
P4,Corredor Av. Vicente Monteggia,polyline,61.5,50.0,nao_contexto,599621,20150402,17:20,QUINTA-FEIRA,-30.094788999999999,-51.225093999999999,AV NONOAI,,BOLETIM,1,0,0,1,0,0
P4,Corredor Av. Vicente Monteggia,polyline,45.5,50.0,sim,599708,20150402,15:35,QUINTA-FEIRA,-30.096678000000001,-51.224285999999999,AV FABIO ARAUJO SANTOS,,BOLETIM,0,0,0,1,0,0
P4,Corredor Av. Vicente Monteggia,polyline,4.7,50.0,sim,599742,20150406,11:10,SEGUNDA-FEIRA,-30.095149280000001,-51.225779000000003,AV CAVALHADA,,BOLETIM,0,0,0,0,0,0
P8,Estr. Costa Gama x Estr. Afonso Lourenco Mariante,point,96.9,100.0,sim,599741,20150406,08:10,SEGUNDA-FEIRA,-30.114366000000000,-51.176709000000002,ESTR COSTA GAMA,,BOLETIM,0,0,0,0,0,0
P4,Corredor Av. Vicente Monteggia,polyline,7.1,50.0,sim,600027,20150408,20:00,QUARTA-FEIRA,-30.095172949999998,-51.225712999999999,AV VICENTE MONTEGGIA,AV CAVALHADA,BOLETIM,0,0,0,0,0,1
P5,Joao Salomoni x Av. da Cavalhada,point,87.3,100.0,sim,600113,20150410,08:40,SEXTA-FEIRA,-30.113878000000000,-51.226381000000003,AV CAVALHADA,,BOLETIM,0,0,0,0,0,0
P4,Corredor Av. Vicente Monteggia,polyline,2.1,50.0,sim,600187,20150411,10:10,SABADO,-30.100792999999999,-51.224783000000002,AV OTTO NIEMEYER,AV VICENTE MONTEGGIA,BOLETIM,0,0,0,0,0,0
P4,Corredor Av. Vicente Monteggia,polyline,2.7,50.0,sim,600494,20150417,23:00,SEXTA-FEIRA,-30.098483000000002,-51.225245999999999,AV VICENTE MONTEGGIA,,BOLETIM,1,0,0,1,0,0
P4,Corredor Av. Vicente Monteggia,polyline,7.1,50.0,sim,600416,20150419,12:25,DOMINGO,-30.095172949999998,-51.225712999999999,AV VICENTE MONTEGGIA,AV CAVALHADA,BOLETIM,0,0,0,0,0,0
P4,Corredor Av. Vicente Monteggia,polyline,7.1,50.0,sim,600488,20150422,07:50,QUARTA-FEIRA,-30.095172999999999,-51.225712999999999,R DR CAMPOS VELHO,AV CAVALHADA,BOLETIM,0,0,0,0,0,0
P1,Rotula Estr. 3 Meninas x Estr. Cristiano Kraemer,point,7.7,100.0,sim,600576,20150423,07:35,QUINTA-FEIRA,-30.118299000000000,-51.203268999999999,ESTR DAS TRES MENINAS,ESTR CRISTIANO KRAEMER,BOLETIM,1,0,0,1,0,0
P4,Corredor Av. Vicente Monteggia,polyline,0.7,50.0,sim,600841,20150428,08:30,TERCA-FEIRA,-30.103885890000001,-51.223067999999998,ESTR ARACAJU,AV VICENTE MONTEGGIA,BOLETIM,1,0,0,1,0,0
P4,Corredor Av. Vicente Monteggia,polyline,0.6,50.0,sim,602114,20150502,22:35,SABADO,-30.110429109999998,-51.219022000000002,ESTR JOAO VEDANA,AV VICENTE MONTEGGIA,BOLETIM,0,0,0,0,0,0
P4,Corredor Av. Vicente Monteggia,polyline,2.1,50.0,sim,601072,20150504,14:15,SEGUNDA-FEIRA,-30.100792999999999,-51.224783000000002,AV OTTO NIEMEYER,AV VICENTE MONTEGGIA,BOLETIM,0,0,0,1,0,0
P4,Corredor Av. Vicente Monteggia,polyline,0.3,50.0,sim,601479,20150505,12:30,TERCA-FEIRA,-30.096827999999999,-51.224724000000002,AV VICENTE MONTEGGIA,AV FABIO ARAUJO SANTOS,BOLETIM,0,0,0,0,0,0
P4,Corredor Av. Vicente Monteggia,polyline,5.9,50.0,sim,601120,20150505,13:30,TERCA-FEIRA,-30.109412970000001,-51.219780000000000,AV VICENTE MONTEGGIA,,BOLETIM,1,0,0,1,0,0
P2,Confluencia Cristiano Kraemer x Belem Velho x Monte Cristo,point,30.0,100.0,sim,601329,20150507,09:15,QUINTA-FEIRA,-30.117675999999999,-51.206642000000002,AV RODRIGUES DA FONSECA,AV MONTE CRISTO,BOLETIM,0,0,0,0,0,0
P4,Corredor Av. Vicente Monteggia,polyline,68.6,50.0,nao_contexto,601405,20150508,23:40,SEXTA-FEIRA,-30.095649000000002,-51.226277000000003,AV CAVALHADA,,BOLETIM,1,1,0,0,0,0
P4,Corredor Av. Vicente Monteggia,polyline,1.4,50.0,sim,601377,20150508,12:20,SEXTA-FEIRA,-30.100653999999999,-51.224823000000001,AV VICENTE MONTEGGIA,,BOLETIM,1,0,0,0,0,0
P3,Acesso Av. Vicente Monteggia via Joao Salomoni/Rodrigues,point,68.0,100.0,sim,604823,20150509,10:00,SABADO,-30.115369619999999,-51.213171000000003,ESTR JOAO SALOMONI,R MARQUES DO MARICA,BOLETIM,1,0,0,1,0,0
P4,Corredor Av. Vicente Monteggia,polyline,63.9,50.0,nao_contexto,604823,20150509,10:00,SABADO,-30.115369619999999,-51.213171000000003,ESTR JOAO SALOMONI,R MARQUES DO MARICA,BOLETIM,1,0,0,1,0,0
P4,Corredor Av. Vicente Monteggia,polyline,4.0,50.0,sim,602034,20150512,16:40,TERCA-FEIRA,-30.110602000000000,-51.218837999999998,AV VICENTE MONTEGGIA,,BOLETIM,0,0,0,0,0,0
P3,Acesso Av. Vicente Monteggia via Joao Salomoni/Rodrigues,point,141.4,100.0,nao_contexto,602536,20150512,18:30,TERCA-FEIRA,-30.115781999999999,-51.211046000000003,AV RODRIGUES DA FONSECA,,BOLETIM,0,0,0,0,0,0
P4,Corredor Av. Vicente Monteggia,polyline,66.8,50.0,nao_contexto,602333,20150518,17:30,SEGUNDA-FEIRA,-30.094899999999999,-51.226439999999997,R DR CAMPOS VELHO,,BOLETIM,0,0,0,0,0,0
P5,Joao Salomoni x Av. da Cavalhada,point,4.0,100.0,sim,602797,20150519,16:00,TERCA-FEIRA,-30.113088410000000,-51.226539000000002,AV CAVALHADA,,BOLETIM,2,0,0,0,0,0
P7,Estr. 3 Meninas x Estr. Costa Gama,point,7.3,100.0,sim,602901,20150520,19:30,QUARTA-FEIRA,-30.133669999999999,-51.175710000000002,ESTR DAS TRES MENINAS,ESTR COSTA GAMA,BOLETIM,0,0,0,0,0,0
P4,Corredor Av. Vicente Monteggia,polyline,94.2,50.0,nao_contexto,602864,20150524,16:50,DOMINGO,-30.095776999999998,-51.226509000000000,AV CAVALHADA,,BOLETIM,0,0,0,0,0,0
P5,Joao Salomoni x Av. da Cavalhada,point,4.0,100.0,sim,603500,20150526,20:00,TERCA-FEIRA,-30.113088410000000,-51.226539000000002,AV CAVALHADA,,BOLETIM,0,0,0,0,0,1
P4,Corredor Av. Vicente Monteggia,polyline,7.1,50.0,sim,603294,20150527,11:30,QUARTA-FEIRA,-30.095172999999999,-51.225712999999999,R DR CAMPOS VELHO,AV NONOAI,BOLETIM,0,0,0,0,0,0
P4,Corredor Av. Vicente Monteggia,polyline,2.1,50.0,sim,603686,20150527,07:35,QUARTA-FEIRA,-30.100792999999999,-51.224783000000002,AV OTTO NIEMEYER,AV VICENTE MONTEGGIA,BOLETIM,0,0,0,0,0,0
P2,Confluencia Cristiano Kraemer x Belem Velho x Monte Cristo,point,98.3,100.0,sim,603392,20150528,19:00,QUINTA-FEIRA,-30.117327000000000,-51.207346000000001,AV RODRIGUES DA FONSECA,,BOLETIM,0,0,0,0,0,0
P4,Corredor Av. Vicente Monteggia,polyline,46.2,50.0,sim,603845,20150605,20:05,SEXTA-FEIRA,-30.095471000000000,-51.226157000000001,AV CAVALHADA,,BOLETIM,0,0,0,0,0,0
P2,Confluencia Cristiano Kraemer x Belem Velho x Monte Cristo,point,77.6,100.0,sim,604051,20150605,11:00,SEXTA-FEIRA,-30.117370999999999,-51.207137000000003,AV RODRIGUES DA FONSECA,,BOLETIM,0,0,0,0,0,0
P4,Corredor Av. Vicente Monteggia,polyline,0.0,50.0,sim,603868,20150607,18:50,DOMINGO,-30.100758610000000,-51.224733000000001,AV VICENTE MONTEGGIA,,BOLETIM,0,0,0,0,0,0
P2,Confluencia Cristiano Kraemer x Belem Velho x Monte Cristo,point,100.7,100.0,nao_contexto,604335,20150612,08:00,SEXTA-FEIRA,-30.117260000000002,-51.207348000000003,AV RODRIGUES DA FONSECA,,BOLETIM,1,0,0,0,0,0
P4,Corredor Av. Vicente Monteggia,polyline,7.1,50.0,sim,604597,20150615,23:45,SEGUNDA-FEIRA,-30.095172999999999,-51.225712999999999,AV VICENTE MONTEGGIA,AV NONOAI,BOLETIM,1,1,0,1,0,0
P4,Corredor Av. Vicente Monteggia,polyline,0.0,50.0,sim,605101,20150618,13:25,QUINTA-FEIRA,-30.100758610000000,-51.224733000000001,AV VICENTE MONTEGGIA,,BOLETIM,0,0,0,0,0,0
P4,Corredor Av. Vicente Monteggia,polyline,7.1,50.0,sim,605276,20150620,11:18,SABADO,-30.095172999999999,-51.225712999999999,R DR CAMPOS VELHO,AV CAVALHADA,BOLETIM,0,0,0,0,0,0
P3,Acesso Av. Vicente Monteggia via Joao Salomoni/Rodrigues,point,10.4,100.0,sim,605004,20150620,17:10,SABADO,-30.115548000000000,-51.212387000000000,AV RODRIGUES DA FONSECA,,BOLETIM,0,0,0,0,0,0
P4,Corredor Av. Vicente Monteggia,polyline,3.6,50.0,sim,605004,20150620,17:10,SABADO,-30.115548000000000,-51.212387000000000,AV RODRIGUES DA FONSECA,,BOLETIM,0,0,0,0,0,0
P5,Joao Salomoni x Av. da Cavalhada,point,13.9,100.0,sim,605246,20150622,22:25,SEGUNDA-FEIRA,-30.113049820000001,-51.226367560000000,ESTR JOAO SALAMONI,AV CAVALHADA,BOLETIM,0,0,0,0,0,0
P2,Confluencia Cristiano Kraemer x Belem Velho x Monte Cristo,point,30.1,100.0,sim,605303,20150622,18:20,SEGUNDA-FEIRA,-30.117676429999999,-51.206642000000002,ESTR CRISTIANO KRAEMER,AV MONTE CRISTO,BOLETIM,0,0,0,1,0,0
P4,Corredor Av. Vicente Monteggia,polyline,1.1,50.0,sim,605548,20150623,13:25,TERCA-FEIRA,-30.105877000000000,-51.222501999999999,AV VICENTE MONTEGGIA,,BOLETIM,0,0,0,0,0,0
P4,Corredor Av. Vicente Monteggia,polyline,2.8,50.0,sim,605406,20150624,14:30,QUARTA-FEIRA,-30.112967000000001,-51.213549000000000,AV VICENTE MONTEGGIA,,BOLETIM,0,0,0,0,0,0
P4,Corredor Av. Vicente Monteggia,polyline,2.1,50.0,sim,605553,20150627,12:20,SABADO,-30.100792999999999,-51.224783000000002,AV OTTO NIEMEYER,AV VICENTE MONTEGGIA,BOLETIM,0,0,0,0,0,0
P4,Corredor Av. Vicente Monteggia,polyline,1.9,50.0,sim,605554,20150627,13:45,SABADO,-30.105644999999999,-51.222563000000001,AV VICENTE MONTEGGIA,,BOLETIM,0,0,0,0,0,0
P8,Estr. Costa Gama x Estr. Afonso Lourenco Mariante,point,21.7,100.0,sim,605784,20150629,06:15,SEGUNDA-FEIRA,-30.115040459999999,-51.176912000000002,ESTR COSTA GAMA,,BOLETIM,0,0,0,0,0,0
P4,Corredor Av. Vicente Monteggia,polyline,2.4,50.0,sim,605885,20150630,18:40,TERCA-FEIRA,-30.109073570000000,-51.220059999999997,AV VICENTE MONTEGGIA,,BOLETIM,0,0,0,0,0,0
P4,Corredor Av. Vicente Monteggia,polyline,21.5,50.0,sim,605800,20150701,15:30,QUARTA-FEIRA,-30.095056039999999,-51.225375000000000,AV NONOAI,,BOLETIM,1,0,0,0,0,0
P4,Corredor Av. Vicente Monteggia,polyline,4.1,50.0,sim,605847,20150701,09:15,QUARTA-FEIRA,-30.097698999999999,-51.224773999999996,AV VICENTE MONTEGGIA,,BOLETIM,0,0,0,0,0,0
P2,Confluencia Cristiano Kraemer x Belem Velho x Monte Cristo,point,108.4,100.0,nao_contexto,605974,20150701,09:12,QUARTA-FEIRA,-30.117272000000000,-51.207436999999999,AV RODRIGUES DA FONSECA,,BOLETIM,0,0,0,0,0,0
P4,Corredor Av. Vicente Monteggia,polyline,3.5,50.0,sim,605737,20150702,07:45,QUINTA-FEIRA,-30.103387000000001,-51.223205000000000,AV VICENTE MONTEGGIA,,BOLETIM,1,0,0,1,0,0
P5,Joao Salomoni x Av. da Cavalhada,point,8.5,100.0,sim,606074,20150703,13:40,SEXTA-FEIRA,-30.113078399999999,-51.226415000000003,AV CAVALHADA,,BOLETIM,0,0,0,0,0,0
P4,Corredor Av. Vicente Monteggia,polyline,5.9,50.0,sim,605897,20150706,08:30,SEGUNDA-FEIRA,-30.109412970000001,-51.219780000000000,AV VICENTE MONTEGGIA,,BOLETIM,1,0,0,1,0,0
P4,Corredor Av. Vicente Monteggia,polyline,10.3,50.0,sim,606155,20150707,17:30,TERCA-FEIRA,-30.103309729999999,-51.223295000000000,AV VICENTE MONTEGGIA,,BOLETIM,0,0,0,0,0,0
P4,Corredor Av. Vicente Monteggia,polyline,65.2,50.0,nao_contexto,606419,20150709,17:00,QUINTA-FEIRA,-30.095571050000000,-51.226318999999997,AV CAVALHADA,,BOLETIM,0,0,0,0,0,0
P4,Corredor Av. Vicente Monteggia,polyline,0.0,50.0,sim,606396,20150710,18:30,SEXTA-FEIRA,-30.100758610000000,-51.224733000000001,AV VICENTE MONTEGGIA,,BOLETIM,0,0,0,0,0,0
P4,Corredor Av. Vicente Monteggia,polyline,6.2,50.0,sim,606624,20150711,16:20,SABADO,-30.105252680000000,-51.222631999999997,AV VICENTE MONTEGGIA,,BOLETIM,0,0,0,1,0,0
P3,Acesso Av. Vicente Monteggia via Joao Salomoni/Rodrigues,point,101.2,100.0,nao_contexto,606652,20150714,16:00,TERCA-FEIRA,-30.115691999999999,-51.211450999999997,AV RODRIGUES DA FONSECA,,BOLETIM,1,0,0,1,0,0
P4,Corredor Av. Vicente Monteggia,polyline,95.0,50.0,nao_contexto,606652,20150714,16:00,TERCA-FEIRA,-30.115691999999999,-51.211450999999997,AV RODRIGUES DA FONSECA,,BOLETIM,1,0,0,1,0,0
P5,Joao Salomoni x Av. da Cavalhada,point,101.2,100.0,nao_contexto,606662,20150715,11:20,QUARTA-FEIRA,-30.112214099999999,-51.226742000000002,AV CAVALHADA,,BOLETIM,1,0,0,0,0,1
P8,Estr. Costa Gama x Estr. Afonso Lourenco Mariante,point,127.5,100.0,nao_contexto,606665,20150715,15:55,QUARTA-FEIRA,-30.115810000000000,-51.175963000000003,ESTR AFONSO LOURENCO MARIANTE,,BOLETIM,1,0,0,0,0,0
P2,Confluencia Cristiano Kraemer x Belem Velho x Monte Cristo,point,100.7,100.0,nao_contexto,606779,20150717,07:15,SEXTA-FEIRA,-30.117260000000002,-51.207348000000003,AV RODRIGUES DA FONSECA,,BOLETIM,1,0,0,1,0,0
P4,Corredor Av. Vicente Monteggia,polyline,7.2,50.0,sim,606868,20150718,19:25,SABADO,-30.107187509999999,-51.222192999999997,AV VICENTE MONTEGGIA,,BOLETIM,2,0,0,1,0,0
P4,Corredor Av. Vicente Monteggia,polyline,7.1,50.0,sim,607154,20150721,19:00,TERCA-FEIRA,-30.095172999999999,-51.225712999999999,R DR CAMPOS VELHO,AV NONOAI,BOLETIM,0,0,0,0,0,0
P3,Acesso Av. Vicente Monteggia via Joao Salomoni/Rodrigues,point,64.2,100.0,sim,607221,20150723,23:35,QUINTA-FEIRA,-30.114932520000000,-51.212358000000002,AV VICENTE MONTEGGIA,,BOLETIM,0,0,0,0,0,0
P4,Corredor Av. Vicente Monteggia,polyline,3.0,50.0,sim,607221,20150723,23:35,QUINTA-FEIRA,-30.114932520000000,-51.212358000000002,AV VICENTE MONTEGGIA,,BOLETIM,0,0,0,0,0,0
P3,Acesso Av. Vicente Monteggia via Joao Salomoni/Rodrigues,point,105.9,100.0,nao_contexto,607243,20150723,21:30,QUINTA-FEIRA,-30.116409000000001,-51.212150999999999,R ATILIO SUPERTTI,,BOLETIM,1,0,0,1,0,1
P4,Corredor Av. Vicente Monteggia,polyline,98.4,50.0,nao_contexto,607243,20150723,21:30,QUINTA-FEIRA,-30.116409000000001,-51.212150999999999,R ATILIO SUPERTTI,,BOLETIM,1,0,0,1,0,1
P4,Corredor Av. Vicente Monteggia,polyline,2.3,50.0,sim,609652,20150725,03:15,SABADO,-30.105989810000001,-51.222504999999998,R MODESTO PEREIRA PINTO,AV VICENTE MONTEGGIA,BOLETIM,1,0,0,0,0,0
P4,Corredor Av. Vicente Monteggia,polyline,6.8,50.0,sim,607557,20150726,19:50,DOMINGO,-30.096130190000000,-51.225181999999997,AV VICENTE MONTEGGIA,,BOLETIM,0,0,0,0,0,0
P9,Entroncamento Rua Santuario x Av. Oscar Pereira,point,54.6,100.0,sim,607328,20150726,19:20,DOMINGO,-30.097228999999999,-51.177885000000003,AV PROF OSCAR PEREIRA,,BOLETIM,0,0,0,0,0,0
P5,Joao Salomoni x Av. da Cavalhada,point,13.9,100.0,sim,607364,20150726,05:45,DOMINGO,-30.113049820000001,-51.226367560000000,ESTR JOAO SALAMONI,AV CAVALHADA,BOLETIM,0,0,0,0,0,0
P4,Corredor Av. Vicente Monteggia,polyline,3.8,50.0,sim,607575,20150729,14:30,QUARTA-FEIRA,-30.097792999999999,-51.224826000000000,AV VICENTE MONTEGGIA,,BOLETIM,0,0,0,0,0,0
P5,Joao Salomoni x Av. da Cavalhada,point,13.9,100.0,sim,607614,20150729,16:30,QUARTA-FEIRA,-30.113049820000001,-51.226367560000000,ESTR JOAO SALAMONI,AV CAVALHADA,BOLETIM,0,0,0,0,0,0
P4,Corredor Av. Vicente Monteggia,polyline,4.3,50.0,sim,607877,20150801,07:45,SABADO,-30.099332109999999,-51.225333999999997,AV VICENTE MONTEGGIA,,BOLETIM,0,0,0,0,0,0
P4,Corredor Av. Vicente Monteggia,polyline,4.5,50.0,sim,608460,20150805,15:00,QUARTA-FEIRA,-30.105749029999998,-51.222504000000001,AV VICENTE MONTEGGIA,,BOLETIM,0,0,0,0,0,0
P4,Corredor Av. Vicente Monteggia,polyline,2.4,50.0,sim,608660,20150808,16:30,SABADO,-30.112490999999999,-51.215046000000001,AV VICENTE MONTEGGIA,,BOLETIM,0,0,0,0,0,0
P2,Confluencia Cristiano Kraemer x Belem Velho x Monte Cristo,point,47.6,100.0,sim,608376,20150808,10:00,SABADO,-30.117647999999999,-51.205876000000004,ESTR CRISTIANO KRAEMER,,BOLETIM,0,0,0,0,0,0
P4,Corredor Av. Vicente Monteggia,polyline,6.9,50.0,sim,608991,20150809,18:25,DOMINGO,-30.108006719999999,-51.221350000000001,AV VICENTE MONTEGGIA,,BOLETIM,0,0,0,0,0,0
P3,Acesso Av. Vicente Monteggia via Joao Salomoni/Rodrigues,point,150.2,100.0,nao_contexto,608519,20150812,17:00,QUARTA-FEIRA,-30.115853000000001,-51.210973000000003,AV RODRIGUES DA FONSECA,,BOLETIM,1,0,0,1,0,0
P8,Estr. Costa Gama x Estr. Afonso Lourenco Mariante,point,43.5,100.0,sim,608819,20150814,10:30,SEXTA-FEIRA,-30.114820999999999,-51.176890000000000,ESTR COSTA GAMA,,BOLETIM,0,0,0,0,0,0
P5,Joao Salomoni x Av. da Cavalhada,point,78.9,100.0,sim,608749,20150815,08:17,SABADO,-30.112406000000000,-51.226672000000001,AV CAVALHADA,,BOLETIM,3,0,0,0,0,0
P3,Acesso Av. Vicente Monteggia via Joao Salomoni/Rodrigues,point,168.5,100.0,nao_contexto,608837,20150815,23:50,SABADO,-30.113992509999999,-51.212662999999999,AV VICENTE MONTEGGIA,,BOLETIM,1,0,0,0,0,0
P4,Corredor Av. Vicente Monteggia,polyline,4.9,50.0,sim,608837,20150815,23:50,SABADO,-30.113992509999999,-51.212662999999999,AV VICENTE MONTEGGIA,,BOLETIM,1,0,0,0,0,0
P5,Joao Salomoni x Av. da Cavalhada,point,13.9,100.0,sim,609195,20150816,19:15,DOMINGO,-30.113049820000001,-51.226367560000000,ESTR JOAO SALAMONI,AV CAVALHADA,BOLETIM,0,0,0,0,0,0
P4,Corredor Av. Vicente Monteggia,polyline,4.7,50.0,sim,608900,20150818,13:30,TERCA-FEIRA,-30.095149280000001,-51.225779000000003,AV CAVALHADA,,BOLETIM,1,0,0,1,0,0
P5,Joao Salomoni x Av. da Cavalhada,point,4.0,100.0,sim,609065,20150818,16:10,TERCA-FEIRA,-30.113088410000000,-51.226539000000002,AV CAVALHADA,,BOLETIM,0,0,0,0,0,0
P5,Joao Salomoni x Av. da Cavalhada,point,4.0,100.0,sim,609287,20150819,18:30,QUARTA-FEIRA,-30.113088410000000,-51.226539000000002,AV CAVALHADA,,BOLETIM,0,0,0,0,0,0
P4,Corredor Av. Vicente Monteggia,polyline,4.9,50.0,sim,609718,20150821,17:20,SEXTA-FEIRA,-30.100330629999998,-51.224994000000002,AV VICENTE MONTEGGIA,,BOLETIM,0,0,0,0,0,0
P3,Acesso Av. Vicente Monteggia via Joao Salomoni/Rodrigues,point,168.5,100.0,nao_contexto,609662,20150824,17:30,SEGUNDA-FEIRA,-30.113992509999999,-51.212662999999999,AV VICENTE MONTEGGIA,,BOLETIM,0,0,0,0,0,0
P4,Corredor Av. Vicente Monteggia,polyline,4.9,50.0,sim,609662,20150824,17:30,SEGUNDA-FEIRA,-30.113992509999999,-51.212662999999999,AV VICENTE MONTEGGIA,,BOLETIM,0,0,0,0,0,0
P4,Corredor Av. Vicente Monteggia,polyline,5.4,50.0,sim,609553,20150825,07:30,TERCA-FEIRA,-30.095460920000001,-51.225383999999998,AV VICENTE MONTEGGIA,,BOLETIM,0,0,0,0,0,0
P4,Corredor Av. Vicente Monteggia,polyline,0.3,50.0,sim,610045,20150828,12:30,SEXTA-FEIRA,-30.096827999999999,-51.224724000000002,AV VICENTE MONTEGGIA,AV FABIO ARAUJO SANTOS,BOLETIM,0,0,0,0,0,0
P3,Acesso Av. Vicente Monteggia via Joao Salomoni/Rodrigues,point,153.9,100.0,nao_contexto,609986,20150829,23:00,SABADO,-30.114129999999999,-51.212705000000000,AV VICENTE MONTEGGIA,,BOLETIM,0,0,0,0,0,0
P4,Corredor Av. Vicente Monteggia,polyline,3.9,50.0,sim,609986,20150829,23:00,SABADO,-30.114129999999999,-51.212705000000000,AV VICENTE MONTEGGIA,,BOLETIM,0,0,0,0,0,0
P3,Acesso Av. Vicente Monteggia via Joao Salomoni/Rodrigues,point,72.0,100.0,sim,610478,20150829,11:30,SABADO,-30.115414040000001,-51.213222000000002,ESTR JOAO SALOMONI,,BOLETIM,0,0,0,1,0,0
P4,Corredor Av. Vicente Monteggia,polyline,67.4,50.0,nao_contexto,610478,20150829,11:30,SABADO,-30.115414040000001,-51.213222000000002,ESTR JOAO SALOMONI,,BOLETIM,0,0,0,1,0,0
P8,Estr. Costa Gama x Estr. Afonso Lourenco Mariante,point,44.4,100.0,sim,610016,20150831,16:15,SEGUNDA-FEIRA,-30.114837999999999,-51.176831000000000,ESTR COSTA GAMA,,BOLETIM,0,0,0,0,0,0
P4,Corredor Av. Vicente Monteggia,polyline,2.1,50.0,sim,610639,20150901,10:20,TERCA-FEIRA,-30.100792999999999,-51.224783000000002,AV OTTO NIEMEYER,AV VICENTE MONTEGGIA,BOLETIM,0,0,0,0,0,0
P4,Corredor Av. Vicente Monteggia,polyline,0.1,50.0,sim,610284,20150903,13:00,QUINTA-FEIRA,-30.111066000000001,-51.218533000000001,AV VICENTE MONTEGGIA,,BOLETIM,0,0,0,0,0,0
P2,Confluencia Cristiano Kraemer x Belem Velho x Monte Cristo,point,123.7,100.0,nao_contexto,610228,20150905,12:25,SABADO,-30.117114170000001,-51.207538000000000,AV RODRIGUES DA FONSECA,,BOLETIM,1,0,0,0,0,0
P4,Corredor Av. Vicente Monteggia,polyline,6.2,50.0,sim,610356,20150908,08:00,TERCA-FEIRA,-30.110460650000000,-51.218919000000000,AV VICENTE MONTEGGIA,,BOLETIM,0,0,0,1,0,0
P4,Corredor Av. Vicente Monteggia,polyline,5.8,50.0,sim,611046,20150917,12:10,QUINTA-FEIRA,-30.097466000000001,-51.224687000000003,AV VICENTE MONTEGGIA,,BOLETIM,0,0,0,0,0,0
P4,Corredor Av. Vicente Monteggia,polyline,3.5,50.0,sim,610835,20150917,13:20,QUINTA-FEIRA,-30.103387000000001,-51.223205000000000,AV VICENTE MONTEGGIA,,BOLETIM,1,0,0,1,0,0
P4,Corredor Av. Vicente Monteggia,polyline,3.2,50.0,sim,610854,20150917,07:50,QUINTA-FEIRA,-30.111024520000001,-51.218603000000002,AV VICENTE MONTEGGIA,,BOLETIM,0,0,0,0,0,0
P4,Corredor Av. Vicente Monteggia,polyline,0.0,50.0,sim,612672,20150925,07:40,SEXTA-FEIRA,-30.100758610000000,-51.224733000000001,AV VICENTE MONTEGGIA,,BOLETIM,0,0,0,0,0,0
P5,Joao Salomoni x Av. da Cavalhada,point,4.0,100.0,sim,612153,20151002,18:24,SEXTA-FEIRA,-30.113088410000000,-51.226539000000002,AV CAVALHADA,,BOLETIM,0,0,0,0,0,0
P2,Confluencia Cristiano Kraemer x Belem Velho x Monte Cristo,point,100.5,100.0,nao_contexto,612519,20151002,22:30,SEXTA-FEIRA,-30.117564150000000,-51.205314999999999,ESTR CRISTIANO KRAEMER,,BOLETIM,0,0,0,0,0,0
P4,Corredor Av. Vicente Monteggia,polyline,7.1,50.0,sim,612295,20151005,10:30,SEGUNDA-FEIRA,-30.095172999999999,-51.225712999999999,R DR CAMPOS VELHO,AV CAVALHADA,BOLETIM,0,0,0,0,0,0
P4,Corredor Av. Vicente Monteggia,polyline,4.5,50.0,sim,614095,20151009,18:45,SEXTA-FEIRA,-30.112461000000000,-51.214455000000001,AV VICENTE MONTEGGIA,,BOLETIM,0,0,0,0,0,0
P4,Corredor Av. Vicente Monteggia,polyline,96.0,50.0,nao_contexto,612798,20151016,13:00,SEXTA-FEIRA,-30.094643770000001,-51.224764000000000,AV NONOAI,,BOLETIM,1,0,0,1,0,0
P4,Corredor Av. Vicente Monteggia,polyline,4.9,50.0,sim,613071,20151017,11:50,SABADO,-30.113164000000001,-51.213161999999997,AV VICENTE MONTEGGIA,,BOLETIM,0,0,0,0,0,0
P2,Confluencia Cristiano Kraemer x Belem Velho x Monte Cristo,point,30.0,100.0,sim,613025,20151020,08:50,TERCA-FEIRA,-30.117675999999999,-51.206642000000002,AV RODRIGUES DA FONSECA,AV MONTE CRISTO,BOLETIM,0,0,0,0,0,0
P4,Corredor Av. Vicente Monteggia,polyline,7.1,50.0,sim,613062,20151021,20:50,QUARTA-FEIRA,-30.095172949999998,-51.225712999999999,AV VICENTE MONTEGGIA,AV CAVALHADA,BOLETIM,0,0,0,0,0,0
P2,Confluencia Cristiano Kraemer x Belem Velho x Monte Cristo,point,30.0,100.0,sim,613241,20151022,22:10,QUINTA-FEIRA,-30.117768880000000,-51.206558000000001,ESTR CRISTIANO KRAEMER,,BOLETIM,0,0,0,0,0,0
P4,Corredor Av. Vicente Monteggia,polyline,7.1,50.0,sim,613518,20151029,11:50,QUINTA-FEIRA,-30.095172999999999,-51.225712999999999,R DR CAMPOS VELHO,AV NONOAI,BOLETIM,0,0,0,0,0,0
P4,Corredor Av. Vicente Monteggia,polyline,26.5,50.0,sim,613428,20151030,10:15,SEXTA-FEIRA,-30.094951540000000,-51.225459000000001,AV NONOAI,,BOLETIM,0,0,0,0,0,0
P5,Joao Salomoni x Av. da Cavalhada,point,111.8,100.0,nao_contexto,613460,20151101,18:38,DOMINGO,-30.114095769999999,-51.226337000000001,AV CAVALHADA,,BOLETIM,3,0,0,0,0,0
P4,Corredor Av. Vicente Monteggia,polyline,7.1,50.0,sim,614008,20151103,11:00,TERCA-FEIRA,-30.095172949999998,-51.225712999999999,AV VICENTE MONTEGGIA,AV CAVALHADA,BOLETIM,0,0,0,0,0,0
P5,Joao Salomoni x Av. da Cavalhada,point,6.4,100.0,sim,613643,20151103,07:56,TERCA-FEIRA,-30.113044750000000,-51.226481000000000,ESTR JOAO SALOMONI,AV CAVALHADA,BOLETIM,0,0,0,0,0,0
P5,Joao Salomoni x Av. da Cavalhada,point,96.8,100.0,sim,613748,20151104,06:15,QUARTA-FEIRA,-30.113952000000001,-51.226292999999998,AV CAVALHADA,,BOLETIM,0,0,0,1,0,1
P3,Acesso Av. Vicente Monteggia via Joao Salomoni/Rodrigues,point,141.4,100.0,nao_contexto,613851,20151105,12:20,QUINTA-FEIRA,-30.115834000000000,-51.211061000000001,AV RODRIGUES DA FONSECA,,BOLETIM,0,0,0,0,0,0
P4,Corredor Av. Vicente Monteggia,polyline,11.1,50.0,sim,614004,20151109,16:30,SEGUNDA-FEIRA,-30.095074000000000,-51.225813000000002,R DR CAMPOS VELHO,,BOLETIM,0,0,0,0,0,0
P4,Corredor Av. Vicente Monteggia,polyline,3.7,50.0,sim,614036,20151110,13:45,TERCA-FEIRA,-30.095141999999999,-51.225807000000003,R DR CAMPOS VELHO,,BOLETIM,1,0,0,1,0,0
P4,Corredor Av. Vicente Monteggia,polyline,7.1,50.0,sim,614106,20151110,07:40,TERCA-FEIRA,-30.095172999999999,-51.225712999999999,AV VICENTE MONTEGGIA,AV NONOAI,BOLETIM,0,0,0,0,0,0
P4,Corredor Av. Vicente Monteggia,polyline,4.9,50.0,sim,614387,20151111,15:45,QUARTA-FEIRA,-30.100330629999998,-51.224994000000002,AV VICENTE MONTEGGIA,,BOLETIM,0,0,0,0,0,0
P5,Joao Salomoni x Av. da Cavalhada,point,153.2,100.0,nao_contexto,614519,20151112,11:30,QUINTA-FEIRA,-30.113099479999999,-51.224907000000002,ESTR JOAO SALOMONI,,BOLETIM,0,0,0,0,0,0
P7,Estr. 3 Meninas x Estr. Costa Gama,point,7.3,100.0,sim,615142,20151115,18:00,DOMINGO,-30.133669999999999,-51.175710000000002,ESTR DAS TRES MENINAS,ESTR COSTA GAMA,BOLETIM,0,0,0,0,0,0
P4,Corredor Av. Vicente Monteggia,polyline,3.1,50.0,sim,614923,20151119,12:30,QUINTA-FEIRA,-30.107299999999999,-51.222088999999997,R AMAPA,AV VICENTE MONTEGGIA,BOLETIM,0,0,0,0,0,0
P4,Corredor Av. Vicente Monteggia,polyline,1.3,50.0,sim,615218,20151123,18:30,SEGUNDA-FEIRA,-30.102253999999999,-51.223455000000001,AV VICENTE MONTEGGIA,,BOLETIM,1,0,0,1,0,0
P4,Corredor Av. Vicente Monteggia,polyline,9.0,50.0,sim,615374,20151126,09:55,QUINTA-FEIRA,-30.107761520000000,-51.221663999999997,AV VICENTE MONTEGGIA,,BOLETIM,0,0,0,0,0,0
P4,Corredor Av. Vicente Monteggia,polyline,4.7,50.0,sim,615356,20151127,15:00,SEXTA-FEIRA,-30.095149280000001,-51.225779000000003,AV CAVALHADA,,BOLETIM,1,0,0,1,0,0
P2,Confluencia Cristiano Kraemer x Belem Velho x Monte Cristo,point,105.1,100.0,nao_contexto,615400,20151127,19:10,SEXTA-FEIRA,-30.117236999999999,-51.207386999999997,AV RODRIGUES DA FONSECA,,BOLETIM,0,0,0,0,0,0
P4,Corredor Av. Vicente Monteggia,polyline,1.4,50.0,sim,615540,20151130,11:05,SEGUNDA-FEIRA,-30.107690999999999,-51.221592000000001,AV VICENTE MONTEGGIA,,BOLETIM,0,0,0,0,0,0
P9,Entroncamento Rua Santuario x Av. Oscar Pereira,point,11.0,100.0,sim,615520,20151202,14:00,QUARTA-FEIRA,-30.096681449999998,-51.177999999999997,AV PROF OSCAR PEREIRA,R SANTUARIO,BOLETIM,1,0,0,1,0,0
P6,Rota Florestan Fernandes / Estrada Kanazawa,polyline,9.1,50.0,sim,615931,20151202,22:30,QUARTA-FEIRA,-30.120034000000000,-51.197113999999999,ESTR DAS TRES MENINAS,,BOLETIM,0,0,0,0,0,0
P4,Corredor Av. Vicente Monteggia,polyline,2.1,50.0,sim,615804,20151203,09:50,QUINTA-FEIRA,-30.100792999999999,-51.224783000000002,AV OTTO NIEMEYER,AV VICENTE MONTEGGIA,BOLETIM,0,0,0,0,0,0
P4,Corredor Av. Vicente Monteggia,polyline,2.1,50.0,sim,615943,20151204,09:45,SEXTA-FEIRA,-30.100792999999999,-51.224783000000002,AV OTTO NIEMEYER,AV VICENTE MONTEGGIA,BOLETIM,0,0,0,0,0,0
P4,Corredor Av. Vicente Monteggia,polyline,3.0,50.0,sim,616200,20151211,10:45,SEXTA-FEIRA,-30.109435000000001,-51.219799999999999,AV VICENTE MONTEGGIA,,BOLETIM,1,0,0,1,0,1
P4,Corredor Av. Vicente Monteggia,polyline,7.4,50.0,sim,616199,20151211,10:00,SEXTA-FEIRA,-30.110289280000000,-51.219056000000002,AV VICENTE MONTEGGIA,,BOLETIM,2,0,0,1,0,0
P4,Corredor Av. Vicente Monteggia,polyline,2.2,50.0,sim,616242,20151211,09:30,SEXTA-FEIRA,-30.110613000000001,-51.218905999999997,AV VICENTE MONTEGGIA,,BOLETIM,0,0,0,0,0,0
P5,Joao Salomoni x Av. da Cavalhada,point,4.0,100.0,sim,616949,20151211,18:50,SEXTA-FEIRA,-30.113088410000000,-51.226539000000002,AV CAVALHADA,,BOLETIM,0,0,0,0,0,0
P5,Joao Salomoni x Av. da Cavalhada,point,128.9,100.0,nao_contexto,616597,20151216,09:30,QUARTA-FEIRA,-30.114236999999999,-51.226239999999997,AV CAVALHADA,,BOLETIM,0,0,0,0,0,0
P4,Corredor Av. Vicente Monteggia,polyline,4.1,50.0,sim,616898,20151222,16:50,TERCA-FEIRA,-30.097698999999999,-51.224773999999996,AV VICENTE MONTEGGIA,,BOLETIM,0,0,0,0,0,0
P4,Corredor Av. Vicente Monteggia,polyline,2.1,50.0,sim,616808,20151222,13:50,TERCA-FEIRA,-30.100792999999999,-51.224783000000002,AV OTTO NIEMEYER,AV VICENTE MONTEGGIA,BOLETIM,0,0,0,0,0,0
P5,Joao Salomoni x Av. da Cavalhada,point,4.0,100.0,sim,617128,20151223,23:05,QUARTA-FEIRA,-30.113088410000000,-51.226539000000002,AV CAVALHADA,,BOLETIM,0,0,0,1,0,0
P7,Estr. 3 Meninas x Estr. Costa Gama,point,185.1,100.0,nao_contexto,616835,20151223,17:40,QUARTA-FEIRA,-30.135313000000000,-51.175144000000003,ESTR COSTA GAMA,,BOLETIM,1,0,0,1,0,0
P4,Corredor Av. Vicente Monteggia,polyline,2.1,50.0,sim,617173,20151224,22:09,QUINTA-FEIRA,-30.100792999999999,-51.224783000000002,AV OTTO NIEMEYER,AV VICENTE MONTEGGIA,BOLETIM,0,0,0,0,0,0
P4,Corredor Av. Vicente Monteggia,polyline,4.3,50.0,sim,616913,20151225,15:40,SEXTA-FEIRA,-30.111723999999999,-51.217736000000002,AV VICENTE MONTEGGIA,,BOLETIM,0,0,0,0,0,0
P4,Corredor Av. Vicente Monteggia,polyline,12.5,50.0,sim,616994,20151228,11:36,SEGUNDA-FEIRA,-30.095101199999998,-51.225453999999999,AV NONOAI,,BOLETIM,1,0,0,1,0,0
P4,Corredor Av. Vicente Monteggia,polyline,1.8,50.0,sim,617024,20151228,10:30,SEGUNDA-FEIRA,-30.100690000000000,-51.224803000000001,AV VICENTE MONTEGGIA,,BOLETIM,1,0,0,1,0,0
P4,Corredor Av. Vicente Monteggia,polyline,2.1,50.0,sim,617023,20151228,09:00,SEGUNDA-FEIRA,-30.100792999999999,-51.224783000000002,AV OTTO NIEMEYER,AV VICENTE MONTEGGIA,BOLETIM,0,0,0,1,0,0
P1,Rotula Estr. 3 Meninas x Estr. Cristiano Kraemer,point,181.0,100.0,nao_contexto,617596,20151229,09:30,TERCA-FEIRA,-30.119911110000000,-51.202852999999998,ESTR CRISTIANO KRAEMER,,BOLETIM,1,1,0,1,0,0
P5,Joao Salomoni x Av. da Cavalhada,point,4.0,100.0,sim,617039,20151230,16:50,QUARTA-FEIRA,-30.113088410000000,-51.226539000000002,AV CAVALHADA,,BOLETIM,1,0,0,1,0,0
P4,Corredor Av. Vicente Monteggia,polyline,2.1,50.0,sim,617542,20160108,14:15,SEXTA-FEIRA,-30.100792999999999,-51.224783000000002,AV OTTO NIEMEYER,AV VICENTE MONTEGGIA,BOLETIM,0,0,0,0,0,0
P4,Corredor Av. Vicente Monteggia,polyline,7.1,50.0,sim,617629,20160117,08:32,DOMINGO,-30.095172999999999,-51.225712999999999,R DR CAMPOS VELHO,AV CAVALHADA,BOLETIM,2,0,0,0,0,0
P4,Corredor Av. Vicente Monteggia,polyline,4.5,50.0,sim,617654,20160118,14:00,SEGUNDA-FEIRA,-30.097662000000000,-51.224755999999999,AV VICENTE MONTEGGIA,,BOLETIM,1,0,0,1,0,0
P3,Acesso Av. Vicente Monteggia via Joao Salomoni/Rodrigues,point,68.0,100.0,sim,617660,20160118,19:30,SEGUNDA-FEIRA,-30.115369619999999,-51.213171000000003,ESTR JOAO SALOMONI,R MARQUES DO MARICA,BOLETIM,2,0,0,1,0,0
P4,Corredor Av. Vicente Monteggia,polyline,63.9,50.0,nao_contexto,617660,20160118,19:30,SEGUNDA-FEIRA,-30.115369619999999,-51.213171000000003,ESTR JOAO SALOMONI,R MARQUES DO MARICA,BOLETIM,2,0,0,1,0,0
P5,Joao Salomoni x Av. da Cavalhada,point,6.4,100.0,sim,617831,20160121,09:40,QUINTA-FEIRA,-30.113044750000000,-51.226481000000000,ESTR JOAO SALOMONI,AV CAVALHADA,BOLETIM,1,0,0,1,0,0
P5,Joao Salomoni x Av. da Cavalhada,point,13.9,100.0,sim,617919,20160121,11:45,QUINTA-FEIRA,-30.113049820000001,-51.226367560000000,ESTR JOAO SALAMONI,AV CAVALHADA,BOLETIM,0,0,0,0,0,0
P4,Corredor Av. Vicente Monteggia,polyline,5.1,50.0,sim,617971,20160122,07:55,SEXTA-FEIRA,-30.107507999999999,-51.221893999999999,AV VICENTE MONTEGGIA,,BOLETIM,0,0,0,0,0,0
P5,Joao Salomoni x Av. da Cavalhada,point,23.3,100.0,sim,618137,20160123,17:20,SABADO,-30.112891000000001,-51.226489999999998,AV CAVALHADA,,BOLETIM,0,0,0,0,0,0
P4,Corredor Av. Vicente Monteggia,polyline,3.5,50.0,sim,618050,20160123,23:10,SABADO,-30.113651999999998,-51.212896999999998,AV VICENTE MONTEGGIA,,BOLETIM,0,0,0,0,0,0
P4,Corredor Av. Vicente Monteggia,polyline,93.4,50.0,nao_contexto,618080,20160124,23:40,DOMINGO,-30.100671999999999,-51.225942000000003,AV OTTO NIEMEYER,,BOLETIM,0,0,0,1,0,0
P4,Corredor Av. Vicente Monteggia,polyline,2.1,50.0,sim,618160,20160126,21:30,TERCA-FEIRA,-30.100792999999999,-51.224783000000002,AV OTTO NIEMEYER,AV VICENTE MONTEGGIA,BOLETIM,0,0,0,0,0,0
P4,Corredor Av. Vicente Monteggia,polyline,2.9,50.0,sim,618391,20160205,17:30,SEXTA-FEIRA,-30.111118999999999,-51.218454999999999,BC DO JOAO CONTE,AV VICENTE MONTEGGIA,BOLETIM,1,0,0,1,0,0
P5,Joao Salomoni x Av. da Cavalhada,point,109.6,100.0,nao_contexto,618475,20160211,19:00,QUINTA-FEIRA,-30.112139700000000,-51.226754999999997,AV CAVALHADA,,BOLETIM,1,0,0,1,0,0
P4,Corredor Av. Vicente Monteggia,polyline,0.7,50.0,sim,618660,20160216,17:00,TERCA-FEIRA,-30.102834000000001,-51.223294000000003,AV VICENTE MONTEGGIA,,BOLETIM,1,0,0,1,0,0
P4,Corredor Av. Vicente Monteggia,polyline,0.6,50.0,sim,621247,20160218,18:30,QUINTA-FEIRA,-30.110429109999998,-51.219022000000002,ESTR JOAO VEDANA,AV VICENTE MONTEGGIA,BOLETIM,1,0,0,1,0,0
P5,Joao Salomoni x Av. da Cavalhada,point,78.9,100.0,sim,618841,20160221,11:50,DOMINGO,-30.112406000000000,-51.226672000000001,AV CAVALHADA,,BOLETIM,0,0,0,0,0,0
P2,Confluencia Cristiano Kraemer x Belem Velho x Monte Cristo,point,50.7,100.0,sim,618912,20160223,15:42,TERCA-FEIRA,-30.117709000000001,-51.206857999999997,ESTR CRISTIANO KRAEMER,,BOLETIM,0,0,0,0,0,0
P6,Rota Florestan Fernandes / Estrada Kanazawa,polyline,1.6,50.0,sim,619023,20160224,15:15,QUARTA-FEIRA,-30.117538000000000,-51.184246999999999,AV BELEM VELHO,R DR VERGARA,BOLETIM,0,0,0,0,0,1
P2,Confluencia Cristiano Kraemer x Belem Velho x Monte Cristo,point,101.0,100.0,nao_contexto,619364,20160226,22:49,SEXTA-FEIRA,-30.117737000000002,-51.207389999999997,R CATARINO ANDREATTA,AV MONTE CRISTO,BOLETIM,0,0,0,1,0,0
P4,Corredor Av. Vicente Monteggia,polyline,3.8,50.0,sim,619090,20160227,09:00,SABADO,-30.097792999999999,-51.224826000000000,AV VICENTE MONTEGGIA,,BOLETIM,1,0,0,1,0,0
P4,Corredor Av. Vicente Monteggia,polyline,4.7,50.0,sim,619317,20160304,08:30,SEXTA-FEIRA,-30.095149280000001,-51.225779000000003,AV CAVALHADA,,BOLETIM,1,0,0,1,0,0
P4,Corredor Av. Vicente Monteggia,polyline,2.1,50.0,sim,619479,20160307,07:55,SEGUNDA-FEIRA,-30.100792999999999,-51.224783000000002,AV OTTO NIEMEYER,AV VICENTE MONTEGGIA,BOLETIM,0,0,0,0,0,0
P4,Corredor Av. Vicente Monteggia,polyline,6.5,50.0,sim,619411,20160307,18:35,SEGUNDA-FEIRA,-30.110417720000001,-51.218955000000001,AV VICENTE MONTEGGIA,,BOLETIM,1,1,0,1,0,0
P3,Acesso Av. Vicente Monteggia via Joao Salomoni/Rodrigues,point,0.9,100.0,sim,619596,20160308,15:35,TERCA-FEIRA,-30.115501999999999,-51.212471000000001,ESTR JOAO SALOMONI,AV VICENTE MONTEGGIA,BOLETIM,0,0,0,0,0,0
P4,Corredor Av. Vicente Monteggia,polyline,4.6,50.0,sim,619596,20160308,15:35,TERCA-FEIRA,-30.115501999999999,-51.212471000000001,ESTR JOAO SALOMONI,AV VICENTE MONTEGGIA,BOLETIM,0,0,0,0,0,0
P2,Confluencia Cristiano Kraemer x Belem Velho x Monte Cristo,point,101.0,100.0,nao_contexto,619525,20160308,17:25,TERCA-FEIRA,-30.117737000000002,-51.207389999999997,R CATARINO ANDREATTA,AV MONTE CRISTO,BOLETIM,1,0,0,1,0,0
P4,Corredor Av. Vicente Monteggia,polyline,0.0,50.0,sim,619528,20160309,08:00,QUARTA-FEIRA,-30.102615000000000,-51.223354000000000,AV VICENTE MONTEGGIA,,BOLETIM,1,0,0,1,0,0
P1,Rotula Estr. 3 Meninas x Estr. Cristiano Kraemer,point,173.8,100.0,nao_contexto,624181,20160309,17:00,QUARTA-FEIRA,-30.117294999999999,-51.204563999999998,R JOSE ALVES DE CASTRO,,BOLETIM,1,0,0,1,0,0
P2,Confluencia Cristiano Kraemer x Belem Velho x Monte Cristo,point,175.2,100.0,nao_contexto,624181,20160309,17:00,QUARTA-FEIRA,-30.117294999999999,-51.204563999999998,R JOSE ALVES DE CASTRO,,BOLETIM,1,0,0,1,0,0
P4,Corredor Av. Vicente Monteggia,polyline,7.1,50.0,sim,619818,20160310,20:30,QUINTA-FEIRA,-30.095172949999998,-51.225712999999999,AV VICENTE MONTEGGIA,AV CAVALHADA,BOLETIM,0,0,0,0,0,0
P5,Joao Salomoni x Av. da Cavalhada,point,13.9,100.0,sim,619819,20160310,20:50,QUINTA-FEIRA,-30.113049820000001,-51.226367560000000,ESTR JOAO SALAMONI,AV CAVALHADA,BOLETIM,0,0,0,0,0,0
P3,Acesso Av. Vicente Monteggia via Joao Salomoni/Rodrigues,point,62.2,100.0,sim,619607,20160310,07:25,QUINTA-FEIRA,-30.115639869999999,-51.211854000000002,AV RODRIGUES DA FONSECA,R ATILIO SUPERTTI,BOLETIM,0,0,0,0,0,1
P4,Corredor Av. Vicente Monteggia,polyline,55.8,50.0,nao_contexto,619607,20160310,07:25,QUINTA-FEIRA,-30.115639869999999,-51.211854000000002,AV RODRIGUES DA FONSECA,R ATILIO SUPERTTI,BOLETIM,0,0,0,0,0,1
P2,Confluencia Cristiano Kraemer x Belem Velho x Monte Cristo,point,100.5,100.0,nao_contexto,619821,20160311,21:15,SEXTA-FEIRA,-30.117564150000000,-51.205314999999999,ESTR CRISTIANO KRAEMER,,BOLETIM,0,0,0,1,0,0
P4,Corredor Av. Vicente Monteggia,polyline,2.1,50.0,sim,619969,20160319,16:35,SABADO,-30.100792999999999,-51.224783000000002,AV OTTO NIEMEYER,AV VICENTE MONTEGGIA,BOLETIM,0,0,0,0,0,0
P4,Corredor Av. Vicente Monteggia,polyline,21.8,50.0,sim,619963,20160320,20:30,DOMINGO,-30.095012000000001,-51.225949000000000,R DR CAMPOS VELHO,,BOLETIM,1,1,0,0,0,0
P4,Corredor Av. Vicente Monteggia,polyline,3.5,50.0,sim,620129,20160322,22:30,TERCA-FEIRA,-30.104196000000002,-51.222949000000000,AV VICENTE MONTEGGIA,,BOLETIM,2,0,0,2,0,0
P1,Rotula Estr. 3 Meninas x Estr. Cristiano Kraemer,point,113.9,100.0,nao_contexto,620077,20160322,17:00,TERCA-FEIRA,-30.119299999999999,-51.202888000000002,ESTR CRISTIANO KRAEMER,,BOLETIM,1,0,0,1,0,0
P2,Confluencia Cristiano Kraemer x Belem Velho x Monte Cristo,point,100.7,100.0,nao_contexto,620152,20160324,11:29,QUINTA-FEIRA,-30.117260000000002,-51.207348000000003,AV RODRIGUES DA FONSECA,,BOLETIM,2,0,0,1,0,0
P5,Joao Salomoni x Av. da Cavalhada,point,6.4,100.0,sim,620306,20160325,16:50,SEXTA-FEIRA,-30.113044750000000,-51.226481000000000,ESTR JOAO SALOMONI,AV CAVALHADA,BOLETIM,0,0,0,0,0,0
P4,Corredor Av. Vicente Monteggia,polyline,14.4,50.0,sim,620367,20160329,20:45,TERCA-FEIRA,-30.095066679999999,-51.225630000000002,AV NONOAI,,BOLETIM,0,0,0,1,0,0
P4,Corredor Av. Vicente Monteggia,polyline,2.4,50.0,sim,620378,20160330,07:47,QUARTA-FEIRA,-30.109073570000000,-51.220059999999997,AV VICENTE MONTEGGIA,,BOLETIM,1,0,0,1,0,0
P2,Confluencia Cristiano Kraemer x Belem Velho x Monte Cristo,point,20.6,100.0,sim,620349,20160330,08:50,QUARTA-FEIRA,-30.117470000000001,-51.206547000000000,AV RODRIGUES DA FONSECA,,BOLETIM,0,0,0,0,0,0
P5,Joao Salomoni x Av. da Cavalhada,point,13.9,100.0,sim,620391,20160331,07:15,QUINTA-FEIRA,-30.113049820000001,-51.226367560000000,ESTR JOAO SALAMONI,AV CAVALHADA,BOLETIM,0,0,0,0,0,0
P2,Confluencia Cristiano Kraemer x Belem Velho x Monte Cristo,point,130.5,100.0,nao_contexto,620502,20160402,07:00,SABADO,-30.117381000000002,-51.205019000000000,ESTR CRISTIANO KRAEMER,,BOLETIM,2,0,0,0,0,0
P4,Corredor Av. Vicente Monteggia,polyline,3.7,50.0,sim,621882,20160404,07:35,SEGUNDA-FEIRA,-30.112694000000001,-51.213831999999996,AV VICENTE MONTEGGIA,,BOLETIM,2,1,0,1,1,0
P4,Corredor Av. Vicente Monteggia,polyline,65.2,50.0,nao_contexto,620625,20160405,15:15,TERCA-FEIRA,-30.095571050000000,-51.226318999999997,AV CAVALHADA,,BOLETIM,0,0,0,0,0,0
P4,Corredor Av. Vicente Monteggia,polyline,2.1,50.0,sim,620836,20160411,07:45,SEGUNDA-FEIRA,-30.100792999999999,-51.224783000000002,AV OTTO NIEMEYER,AV VICENTE MONTEGGIA,BOLETIM,1,1,0,1,0,0
P3,Acesso Av. Vicente Monteggia via Joao Salomoni/Rodrigues,point,89.9,100.0,sim,620994,20160411,12:15,SEGUNDA-FEIRA,-30.114694000000000,-51.212406000000001,AV VICENTE MONTEGGIA,,BOLETIM,0,0,0,0,0,0
P4,Corredor Av. Vicente Monteggia,polyline,3.2,50.0,sim,620994,20160411,12:15,SEGUNDA-FEIRA,-30.114694000000000,-51.212406000000001,AV VICENTE MONTEGGIA,,BOLETIM,0,0,0,0,0,0
P4,Corredor Av. Vicente Monteggia,polyline,2.9,50.0,sim,621101,20160416,17:00,SABADO,-30.106612999999999,-51.222324999999998,AV JOSE CORREA DA SILVA,AV VICENTE MONTEGGIA,BOLETIM,1,0,0,1,0,0
P4,Corredor Av. Vicente Monteggia,polyline,4.5,50.0,sim,621095,20160416,16:00,SABADO,-30.112461000000000,-51.214455000000001,AV VICENTE MONTEGGIA,,BOLETIM,1,0,0,1,0,0
P4,Corredor Av. Vicente Monteggia,polyline,1.4,50.0,sim,621154,20160418,09:45,SEGUNDA-FEIRA,-30.100653999999999,-51.224823000000001,AV VICENTE MONTEGGIA,,BOLETIM,1,0,0,0,0,0
P5,Joao Salomoni x Av. da Cavalhada,point,144.4,100.0,nao_contexto,621282,20160421,19:50,QUINTA-FEIRA,-30.113084000000001,-51.224998999999997,ESTR JOAO SALOMONI,,BOLETIM,1,0,0,1,0,0
P4,Corredor Av. Vicente Monteggia,polyline,7.0,50.0,sim,621330,20160425,05:30,SEGUNDA-FEIRA,-30.112408299999998,-51.215980000000002,AV VICENTE MONTEGGIA,,BOLETIM,0,0,0,0,0,0
P4,Corredor Av. Vicente Monteggia,polyline,6.2,50.0,sim,621554,20160428,07:30,QUINTA-FEIRA,-30.110460650000000,-51.218919000000000,AV VICENTE MONTEGGIA,,BOLETIM,1,0,0,1,0,0
P4,Corredor Av. Vicente Monteggia,polyline,0.0,50.0,sim,621724,20160503,11:50,TERCA-FEIRA,-30.100758610000000,-51.224733000000001,AV VICENTE MONTEGGIA,,BOLETIM,1,1,0,1,0,0
P4,Corredor Av. Vicente Monteggia,polyline,2.1,50.0,sim,621838,20160505,10:50,QUINTA-FEIRA,-30.100792999999999,-51.224783000000002,AV OTTO NIEMEYER,AV VICENTE MONTEGGIA,BOLETIM,1,0,0,1,0,0
P4,Corredor Av. Vicente Monteggia,polyline,9.0,50.0,sim,621928,20160505,16:25,QUINTA-FEIRA,-30.107761520000000,-51.221663999999997,AV VICENTE MONTEGGIA,,BOLETIM,0,0,0,0,0,0
P2,Confluencia Cristiano Kraemer x Belem Velho x Monte Cristo,point,44.3,100.0,sim,622060,20160510,13:00,TERCA-FEIRA,-30.117713999999999,-51.205934999999997,ESTR CRISTIANO KRAEMER,,BOLETIM,1,1,0,0,0,0
P8,Estr. Costa Gama x Estr. Afonso Lourenco Mariante,point,187.4,100.0,nao_contexto,622127,20160512,07:35,QUINTA-FEIRA,-30.113579999999999,-51.177683000000002,R DR SARMENTO BARATA,,BOLETIM,0,0,0,0,0,0
P4,Corredor Av. Vicente Monteggia,polyline,2.7,50.0,sim,622249,20160516,19:00,SEGUNDA-FEIRA,-30.098483000000002,-51.225245999999999,AV VICENTE MONTEGGIA,,BOLETIM,1,0,0,1,0,0
P4,Corredor Av. Vicente Monteggia,polyline,59.4,50.0,nao_contexto,622345,20160518,08:05,QUARTA-FEIRA,-30.094840999999999,-51.225070000000002,AV NONOAI,,BOLETIM,0,0,0,0,0,0
P4,Corredor Av. Vicente Monteggia,polyline,0.0,50.0,sim,622365,20160519,07:00,QUINTA-FEIRA,-30.100758610000000,-51.224733000000001,AV VICENTE MONTEGGIA,,BOLETIM,1,0,0,0,0,0
P4,Corredor Av. Vicente Monteggia,polyline,2.6,50.0,sim,622589,20160525,09:15,QUARTA-FEIRA,-30.095310999999999,-51.225625999999998,AV VICENTE MONTEGGIA,,BOLETIM,1,0,0,2,0,0
P9,Entroncamento Rua Santuario x Av. Oscar Pereira,point,11.0,100.0,sim,636568,20160526,12:49,QUINTA-FEIRA,-30.096681449999998,-51.177999999999997,AV PROF OSCAR PEREIRA,R SANTUARIO,BOLETIM,1,0,0,0,0,0
P4,Corredor Av. Vicente Monteggia,polyline,3.6,50.0,sim,622629,20160527,19:30,SEXTA-FEIRA,-30.099689000000001,-51.225358999999997,AV VICENTE MONTEGGIA,,BOLETIM,2,1,0,1,0,0
P4,Corredor Av. Vicente Monteggia,polyline,65.2,50.0,nao_contexto,623091,20160531,23:00,TERCA-FEIRA,-30.095571050000000,-51.226318999999997,AV CAVALHADA,,BOLETIM,0,0,0,0,0,0
P4,Corredor Av. Vicente Monteggia,polyline,2.1,50.0,sim,622849,20160531,10:35,TERCA-FEIRA,-30.100792999999999,-51.224783000000002,AV OTTO NIEMEYER,AV VICENTE MONTEGGIA,BOLETIM,0,0,0,1,0,0
P4,Corredor Av. Vicente Monteggia,polyline,1.3,50.0,sim,639350,20160601,16:30,QUARTA-FEIRA,-30.112575730000000,-51.214081000000000,AV VICENTE MONTEGGIA,R ANGELO PASSUELO,BOLETIM,1,0,0,1,0,0
P2,Confluencia Cristiano Kraemer x Belem Velho x Monte Cristo,point,150.9,100.0,nao_contexto,623873,20160603,18:00,SEXTA-FEIRA,-30.117867440000001,-51.207887999999997,AV MONTE CRISTO,,BOLETIM,1,0,0,0,0,0
P4,Corredor Av. Vicente Monteggia,polyline,5.9,50.0,sim,623030,20160606,13:40,SEGUNDA-FEIRA,-30.109412970000001,-51.219780000000000,AV VICENTE MONTEGGIA,,BOLETIM,1,0,0,1,0,0
P2,Confluencia Cristiano Kraemer x Belem Velho x Monte Cristo,point,160.1,100.0,nao_contexto,623047,20160606,08:20,SEGUNDA-FEIRA,-30.116952000000001,-51.207869000000002,AV RODRIGUES DA FONSECA,,BOLETIM,0,0,0,0,0,0
P4,Corredor Av. Vicente Monteggia,polyline,7.1,50.0,sim,623083,20160608,10:35,QUARTA-FEIRA,-30.095172999999999,-51.225712999999999,R DR CAMPOS VELHO,AV NONOAI,BOLETIM,0,0,0,0,0,1
P8,Estr. Costa Gama x Estr. Afonso Lourenco Mariante,point,26.5,100.0,sim,623356,20160610,11:00,SEXTA-FEIRA,-30.115379999999998,-51.177219000000001,ESTR COSTA GAMA,,BOLETIM,0,0,0,0,0,0
P4,Corredor Av. Vicente Monteggia,polyline,7.1,50.0,sim,623513,20160611,18:40,SABADO,-30.095172949999998,-51.225712999999999,AV VICENTE MONTEGGIA,AV CAVALHADA,BOLETIM,0,0,0,0,0,0
P2,Confluencia Cristiano Kraemer x Belem Velho x Monte Cristo,point,30.0,100.0,sim,623301,20160612,12:00,DOMINGO,-30.117675999999999,-51.206642000000002,AV RODRIGUES DA FONSECA,AV MONTE CRISTO,BOLETIM,1,0,0,0,0,0
P3,Acesso Av. Vicente Monteggia via Joao Salomoni/Rodrigues,point,81.3,100.0,sim,623317,20160613,18:30,SEGUNDA-FEIRA,-30.114771260000001,-51.212406000000001,AV VICENTE MONTEGGIA,,BOLETIM,1,0,0,1,0,0
P4,Corredor Av. Vicente Monteggia,polyline,0.8,50.0,sim,623317,20160613,18:30,SEGUNDA-FEIRA,-30.114771260000001,-51.212406000000001,AV VICENTE MONTEGGIA,,BOLETIM,1,0,0,1,0,0
P4,Corredor Av. Vicente Monteggia,polyline,21.5,50.0,sim,623499,20160615,09:05,QUARTA-FEIRA,-30.095056039999999,-51.225375000000000,AV NONOAI,,BOLETIM,0,0,0,0,0,0
P4,Corredor Av. Vicente Monteggia,polyline,7.1,50.0,sim,623686,20160617,07:08,SEXTA-FEIRA,-30.095172999999999,-51.225712999999999,AV VICENTE MONTEGGIA,AV NONOAI,BOLETIM,0,0,0,0,0,0
P5,Joao Salomoni x Av. da Cavalhada,point,24.9,100.0,sim,623755,20160621,07:30,TERCA-FEIRA,-30.112876000000000,-51.226494000000002,AV CAVALHADA,,BOLETIM,0,0,0,0,0,0
P2,Confluencia Cristiano Kraemer x Belem Velho x Monte Cristo,point,160.1,100.0,nao_contexto,623848,20160622,13:20,QUARTA-FEIRA,-30.116952000000001,-51.207869000000002,AV RODRIGUES DA FONSECA,,BOLETIM,0,0,0,0,0,0
P4,Corredor Av. Vicente Monteggia,polyline,0.0,50.0,sim,623829,20160623,08:00,QUINTA-FEIRA,-30.100758610000000,-51.224733000000001,AV VICENTE MONTEGGIA,,BOLETIM,2,0,0,1,0,0
P4,Corredor Av. Vicente Monteggia,polyline,2.5,50.0,sim,624017,20160628,06:55,TERCA-FEIRA,-30.108301999999998,-51.220945000000000,AV VICENTE MONTEGGIA,,BOLETIM,2,0,0,1,0,0
P4,Corredor Av. Vicente Monteggia,polyline,7.1,50.0,sim,624218,20160701,13:30,SEXTA-FEIRA,-30.095172949999998,-51.225712999999999,AV VICENTE MONTEGGIA,AV CAVALHADA,BOLETIM,0,0,0,0,0,0
P4,Corredor Av. Vicente Monteggia,polyline,7.5,50.0,sim,624277,20160703,08:30,DOMINGO,-30.112272409999999,-51.217053000000000,AV VICENTE MONTEGGIA,,BOLETIM,1,0,0,1,0,0
P4,Corredor Av. Vicente Monteggia,polyline,7.1,50.0,sim,624381,20160706,22:00,QUARTA-FEIRA,-30.095172999999999,-51.225712999999999,R DR CAMPOS VELHO,AV NONOAI,BOLETIM,1,0,0,1,0,0
P4,Corredor Av. Vicente Monteggia,polyline,2.1,50.0,sim,624607,20160709,17:20,SABADO,-30.100792999999999,-51.224783000000002,AV OTTO NIEMEYER,AV VICENTE MONTEGGIA,BOLETIM,0,0,0,0,0,0
P2,Confluencia Cristiano Kraemer x Belem Velho x Monte Cristo,point,62.0,100.0,sim,649419,20160710,16:20,DOMINGO,-30.117715000000000,-51.206978999999997,ESTR CRISTIANO KRAEMER,,BOLETIM,2,0,0,1,0,0
P4,Corredor Av. Vicente Monteggia,polyline,2.1,50.0,sim,624602,20160711,09:29,SEGUNDA-FEIRA,-30.100792999999999,-51.224783000000002,AV OTTO NIEMEYER,AV VICENTE MONTEGGIA,BOLETIM,0,0,0,0,0,0
P2,Confluencia Cristiano Kraemer x Belem Velho x Monte Cristo,point,100.5,100.0,nao_contexto,627434,20160711,07:30,SEGUNDA-FEIRA,-30.117564150000000,-51.205314999999999,ESTR CRISTIANO KRAEMER,,BOLETIM,1,0,0,0,0,1
P4,Corredor Av. Vicente Monteggia,polyline,2.6,50.0,sim,624727,20160716,12:35,SABADO,-30.103624000000000,-51.223140000000001,AV VICENTE MONTEGGIA,,BOLETIM,1,0,0,1,0,0
P4,Corredor Av. Vicente Monteggia,polyline,3.2,50.0,sim,624920,20160719,16:30,TERCA-FEIRA,-30.112463999999999,-51.216248000000000,AV VICENTE MONTEGGIA,,BOLETIM,0,0,0,0,0,0
P4,Corredor Av. Vicente Monteggia,polyline,2.1,50.0,sim,624967,20160720,11:16,QUARTA-FEIRA,-30.100792999999999,-51.224783000000002,AV OTTO NIEMEYER,AV VICENTE MONTEGGIA,BOLETIM,0,0,0,0,0,0
P4,Corredor Av. Vicente Monteggia,polyline,3.0,50.0,sim,625038,20160725,06:15,SEGUNDA-FEIRA,-30.109435000000001,-51.219799999999999,AV VICENTE MONTEGGIA,,BOLETIM,0,0,0,0,0,0
P5,Joao Salomoni x Av. da Cavalhada,point,8.5,100.0,sim,625085,20160726,06:26,TERCA-FEIRA,-30.113078399999999,-51.226415000000003,AV CAVALHADA,,BOLETIM,1,0,0,0,0,0
P3,Acesso Av. Vicente Monteggia via Joao Salomoni/Rodrigues,point,147.4,100.0,nao_contexto,625110,20160727,19:30,QUARTA-FEIRA,-30.116814999999999,-51.212290000000003,R ATILIO SUPERTTI,,BOLETIM,0,0,0,0,0,0
P4,Corredor Av. Vicente Monteggia,polyline,6.9,50.0,sim,629082,20160730,00:15,SABADO,-30.107165999999999,-51.222200999999998,AV VICENTE MONTEGGIA,,BOLETIM,1,0,0,1,0,0
P4,Corredor Av. Vicente Monteggia,polyline,5.9,50.0,sim,625438,20160803,16:15,QUARTA-FEIRA,-30.101178080000000,-51.224241999999997,AV VICENTE MONTEGGIA,,BOLETIM,0,0,0,0,0,0
P5,Joao Salomoni x Av. da Cavalhada,point,4.0,100.0,sim,625443,20160804,11:20,QUINTA-FEIRA,-30.113088410000000,-51.226539000000002,AV CAVALHADA,,BOLETIM,0,0,0,0,0,0
P4,Corredor Av. Vicente Monteggia,polyline,21.5,50.0,sim,625449,20160805,07:35,SEXTA-FEIRA,-30.095056039999999,-51.225375000000000,AV NONOAI,,BOLETIM,0,0,0,1,0,0
P4,Corredor Av. Vicente Monteggia,polyline,68.6,50.0,nao_contexto,625546,20160808,11:45,SEGUNDA-FEIRA,-30.095649000000002,-51.226277000000003,AV CAVALHADA,,BOLETIM,0,0,0,0,0,0
P4,Corredor Av. Vicente Monteggia,polyline,2.5,50.0,sim,626059,20160815,18:30,SEGUNDA-FEIRA,-30.101089999999999,-51.224392999999999,AV VICENTE MONTEGGIA,,BOLETIM,1,0,0,1,0,0
P2,Confluencia Cristiano Kraemer x Belem Velho x Monte Cristo,point,101.0,100.0,nao_contexto,631887,20160815,19:30,SEGUNDA-FEIRA,-30.117737000000002,-51.207389999999997,R CATARINO ANDREATTA,AV MONTE CRISTO,BOLETIM,1,1,0,1,0,0
P4,Corredor Av. Vicente Monteggia,polyline,2.7,50.0,sim,626170,20160823,08:40,TERCA-FEIRA,-30.098398000000000,-51.225183000000001,AV VICENTE MONTEGGIA,,BOLETIM,0,0,0,0,0,0
P4,Corredor Av. Vicente Monteggia,polyline,4.7,50.0,sim,626169,20160823,10:40,TERCA-FEIRA,-30.111325000000001,-51.218192000000002,AV VICENTE MONTEGGIA,,BOLETIM,0,0,0,0,0,0
P4,Corredor Av. Vicente Monteggia,polyline,7.1,50.0,sim,628049,20160826,21:20,SEXTA-FEIRA,-30.095172999999999,-51.225712999999999,AV VICENTE MONTEGGIA,AV NONOAI,BOLETIM,0,0,0,0,0,0
P4,Corredor Av. Vicente Monteggia,polyline,33.2,50.0,sim,626579,20160902,18:30,SEXTA-FEIRA,-30.095427000000001,-51.226013000000002,AV CAVALHADA,,BOLETIM,2,0,0,0,0,0
P4,Corredor Av. Vicente Monteggia,polyline,3.5,50.0,sim,626589,20160904,06:30,DOMINGO,-30.105208000000001,-51.222673999999998,AV VICENTE MONTEGGIA,,BOLETIM,1,0,0,1,0,0
P4,Corredor Av. Vicente Monteggia,polyline,61.5,50.0,nao_contexto,626920,20160909,09:00,SEXTA-FEIRA,-30.095604000000002,-51.226224000000002,AV CAVALHADA,,BOLETIM,0,0,0,0,0,0
P4,Corredor Av. Vicente Monteggia,polyline,5.4,50.0,sim,626934,20160914,15:00,QUARTA-FEIRA,-30.095460920000001,-51.225383999999998,AV VICENTE MONTEGGIA,,BOLETIM,0,0,0,0,0,0
P4,Corredor Av. Vicente Monteggia,polyline,3.0,50.0,sim,627043,20160915,08:20,QUINTA-FEIRA,-30.104051999999999,-51.223052000000003,AV VICENTE MONTEGGIA,,BOLETIM,0,0,0,0,0,0
P4,Corredor Av. Vicente Monteggia,polyline,81.7,50.0,nao_contexto,629131,20160915,08:50,QUINTA-FEIRA,-30.109037940000000,-51.219121000000001,R PROF ASLID GICK,R JORGE NAPOLEAO SILVA SOUZA,BOLETIM,1,1,0,0,0,0
P4,Corredor Av. Vicente Monteggia,polyline,2.4,50.0,sim,627308,20160915,18:30,QUINTA-FEIRA,-30.109073570000000,-51.220059999999997,AV VICENTE MONTEGGIA,,BOLETIM,0,0,0,0,0,0
P4,Corredor Av. Vicente Monteggia,polyline,26.5,50.0,sim,627240,20160916,11:30,SEXTA-FEIRA,-30.094951540000000,-51.225459000000001,AV NONOAI,,BOLETIM,0,0,0,0,0,1
P4,Corredor Av. Vicente Monteggia,polyline,0.7,50.0,sim,627060,20160916,12:45,SEXTA-FEIRA,-30.103885890000001,-51.223067999999998,ESTR ARACAJU,AV VICENTE MONTEGGIA,BOLETIM,1,0,0,1,0,0
P5,Joao Salomoni x Av. da Cavalhada,point,153.2,100.0,nao_contexto,627054,20160916,07:35,SEXTA-FEIRA,-30.113099479999999,-51.224907000000002,ESTR JOAO SALOMONI,,BOLETIM,2,1,0,1,0,0
P4,Corredor Av. Vicente Monteggia,polyline,6.5,50.0,sim,627058,20160916,11:04,SEXTA-FEIRA,-30.113307370000001,-51.213003000000000,AV VICENTE MONTEGGIA,ESTR JOAO PASSUELO,BOLETIM,1,0,0,0,0,0
P5,Joao Salomoni x Av. da Cavalhada,point,128.9,100.0,nao_contexto,627242,20160917,06:20,SABADO,-30.114236999999999,-51.226239999999997,AV CAVALHADA,,BOLETIM,0,0,0,0,0,0
P4,Corredor Av. Vicente Monteggia,polyline,7.1,50.0,sim,627074,20160918,06:40,DOMINGO,-30.095172949999998,-51.225712999999999,AV VICENTE MONTEGGIA,AV CAVALHADA,BOLETIM,1,0,0,1,0,0
P2,Confluencia Cristiano Kraemer x Belem Velho x Monte Cristo,point,108.4,100.0,nao_contexto,627087,20160918,11:30,DOMINGO,-30.117272000000000,-51.207436999999999,AV RODRIGUES DA FONSECA,,BOLETIM,1,0,0,1,0,0
P4,Corredor Av. Vicente Monteggia,polyline,4.9,50.0,sim,627108,20160919,22:12,SEGUNDA-FEIRA,-30.100330629999998,-51.224994000000002,AV VICENTE MONTEGGIA,,BOLETIM,2,0,0,0,0,0
P4,Corredor Av. Vicente Monteggia,polyline,89.3,50.0,nao_contexto,627466,20160920,18:35,TERCA-FEIRA,-30.094604980000000,-51.224896999999999,AV NONOAI,,BOLETIM,0,0,0,0,0,0
P4,Corredor Av. Vicente Monteggia,polyline,1.9,50.0,sim,627122,20160920,15:15,TERCA-FEIRA,-30.097960000000000,-51.224862000000002,AV VICENTE MONTEGGIA,,BOLETIM,1,0,0,1,0,0
P4,Corredor Av. Vicente Monteggia,polyline,6.2,50.0,sim,627127,20160921,17:50,QUARTA-FEIRA,-30.105252680000000,-51.222631999999997,AV VICENTE MONTEGGIA,,BOLETIM,1,0,0,1,0,0
P2,Confluencia Cristiano Kraemer x Belem Velho x Monte Cristo,point,88.7,100.0,sim,627169,20160922,08:15,QUINTA-FEIRA,-30.117350840000000,-51.207250000000002,AV RODRIGUES DA FONSECA,R MIGUEL ASCOLEZE,BOLETIM,0,0,0,0,0,0
P4,Corredor Av. Vicente Monteggia,polyline,7.0,50.0,sim,627638,20160929,21:05,QUINTA-FEIRA,-30.110357340000000,-51.219003000000001,AV VICENTE MONTEGGIA,,BOLETIM,0,0,0,0,0,0
P4,Corredor Av. Vicente Monteggia,polyline,7.1,50.0,sim,627564,20161001,18:30,SABADO,-30.095172999999999,-51.225712999999999,R DR CAMPOS VELHO,AV CAVALHADA,BOLETIM,1,0,0,1,0,0
P3,Acesso Av. Vicente Monteggia via Joao Salomoni/Rodrigues,point,68.0,100.0,sim,627765,20161005,07:55,QUARTA-FEIRA,-30.115369619999999,-51.213171000000003,ESTR JOAO SALOMONI,R MARQUES DO MARICA,BOLETIM,0,0,0,1,0,0
P4,Corredor Av. Vicente Monteggia,polyline,63.9,50.0,nao_contexto,627765,20161005,07:55,QUARTA-FEIRA,-30.115369619999999,-51.213171000000003,ESTR JOAO SALOMONI,R MARQUES DO MARICA,BOLETIM,0,0,0,1,0,0
P4,Corredor Av. Vicente Monteggia,polyline,59.4,50.0,nao_contexto,627737,20161006,17:00,QUINTA-FEIRA,-30.094840999999999,-51.225070000000002,AV NONOAI,,BOLETIM,1,0,0,1,0,1
P4,Corredor Av. Vicente Monteggia,polyline,40.1,50.0,sim,628071,20161008,18:30,SABADO,-30.111345900000000,-51.218817000000001,BC DO JOAO CONTE,,BOLETIM,0,0,0,0,0,0
P4,Corredor Av. Vicente Monteggia,polyline,5.4,50.0,sim,628000,20161010,11:16,SEGUNDA-FEIRA,-30.095460920000001,-51.225383999999998,AV VICENTE MONTEGGIA,,BOLETIM,0,0,0,1,0,0
P4,Corredor Av. Vicente Monteggia,polyline,7.1,50.0,sim,627911,20161011,11:50,TERCA-FEIRA,-30.095172999999999,-51.225712999999999,AV VICENTE MONTEGGIA,AV NONOAI,BOLETIM,0,0,0,0,0,0
P4,Corredor Av. Vicente Monteggia,polyline,65.2,50.0,nao_contexto,627910,20161011,10:00,TERCA-FEIRA,-30.095571050000000,-51.226318999999997,AV CAVALHADA,,BOLETIM,0,0,0,0,0,0
P9,Entroncamento Rua Santuario x Av. Oscar Pereira,point,36.8,100.0,sim,627894,20161011,07:00,TERCA-FEIRA,-30.097066000000002,-51.177911000000002,AV PROF OSCAR PEREIRA,,BOLETIM,1,0,0,1,0,0
P5,Joao Salomoni x Av. da Cavalhada,point,6.4,100.0,sim,628463,20161014,20:30,SEXTA-FEIRA,-30.113044750000000,-51.226481000000000,ESTR JOAO SALOMONI,AV CAVALHADA,BOLETIM,1,0,0,1,0,0
P2,Confluencia Cristiano Kraemer x Belem Velho x Monte Cristo,point,30.0,100.0,sim,628098,20161015,17:20,SABADO,-30.117675999999999,-51.206642000000002,AV RODRIGUES DA FONSECA,AV MONTE CRISTO,BOLETIM,1,0,0,1,0,0
P9,Entroncamento Rua Santuario x Av. Oscar Pereira,point,150.6,100.0,nao_contexto,628213,20161019,12:00,QUARTA-FEIRA,-30.097829999999998,-51.177101000000000,AV PROF OSCAR PEREIRA,,BOLETIM,1,0,0,0,0,0
P2,Confluencia Cristiano Kraemer x Belem Velho x Monte Cristo,point,23.1,100.0,sim,628262,20161020,16:00,QUINTA-FEIRA,-30.117736940000000,-51.206485000000001,ESTR CRISTIANO KRAEMER,,BOLETIM,1,0,0,1,0,0
P2,Confluencia Cristiano Kraemer x Belem Velho x Monte Cristo,point,30.0,100.0,sim,628344,20161021,11:59,SEXTA-FEIRA,-30.117675999999999,-51.206642000000002,AV RODRIGUES DA FONSECA,AV MONTE CRISTO,BOLETIM,0,0,0,0,0,0
P4,Corredor Av. Vicente Monteggia,polyline,7.1,50.0,sim,628453,20161024,11:25,SEGUNDA-FEIRA,-30.095172949999998,-51.225712999999999,AV VICENTE MONTEGGIA,AV CAVALHADA,BOLETIM,0,0,0,0,0,0
P4,Corredor Av. Vicente Monteggia,polyline,3.1,50.0,sim,628454,20161024,18:40,SEGUNDA-FEIRA,-30.107299999999999,-51.222088999999997,R AMAPA,AV VICENTE MONTEGGIA,BOLETIM,0,0,0,1,0,0
P4,Corredor Av. Vicente Monteggia,polyline,6.2,50.0,sim,628358,20161024,11:50,SEGUNDA-FEIRA,-30.113199999999999,-51.213110000000000,AV VICENTE MONTEGGIA,,BOLETIM,1,0,0,1,0,0
P4,Corredor Av. Vicente Monteggia,polyline,2.9,50.0,sim,628433,20161026,16:10,QUARTA-FEIRA,-30.099779999999999,-51.225276000000001,AV VICENTE MONTEGGIA,,BOLETIM,1,0,0,0,0,0
P4,Corredor Av. Vicente Monteggia,polyline,4.7,50.0,sim,628620,20161028,18:55,SEXTA-FEIRA,-30.095149280000001,-51.225779000000003,AV CAVALHADA,,BOLETIM,0,0,0,0,0,0
P4,Corredor Av. Vicente Monteggia,polyline,3.8,50.0,sim,628618,20161028,10:40,SEXTA-FEIRA,-30.097792999999999,-51.224826000000000,AV VICENTE MONTEGGIA,,BOLETIM,0,0,0,0,0,0
P4,Corredor Av. Vicente Monteggia,polyline,7.1,50.0,sim,628621,20161029,10:45,SABADO,-30.095172999999999,-51.225712999999999,R DR CAMPOS VELHO,AV NONOAI,BOLETIM,0,0,0,0,0,0
P4,Corredor Av. Vicente Monteggia,polyline,65.6,50.0,nao_contexto,628588,20161031,04:10,SEGUNDA-FEIRA,-30.100656010000002,-51.225645999999998,AV OTTO NIEMEYER,R PANAMBI,BOLETIM,1,0,0,1,0,0
P8,Estr. Costa Gama x Estr. Afonso Lourenco Mariante,point,104.5,100.0,nao_contexto,628772,20161031,16:00,SEGUNDA-FEIRA,-30.114294000000001,-51.176709000000002,ESTR COSTA GAMA,,BOLETIM,0,0,0,0,0,0
P4,Corredor Av. Vicente Monteggia,polyline,3.8,50.0,sim,628651,20161101,19:10,TERCA-FEIRA,-30.097792999999999,-51.224826000000000,AV VICENTE MONTEGGIA,,BOLETIM,1,0,0,1,0,0
P1,Rotula Estr. 3 Meninas x Estr. Cristiano Kraemer,point,63.8,100.0,sim,628742,20161101,22:45,TERCA-FEIRA,-30.118832999999999,-51.202916999999999,R CEL FREDERICO CARLOS GOMES,ESTR CRISTIANO KRAEMER,BOLETIM,0,0,0,0,0,0
P3,Acesso Av. Vicente Monteggia via Joao Salomoni/Rodrigues,point,10.4,100.0,sim,628703,20161103,07:45,QUINTA-FEIRA,-30.115548000000000,-51.212387000000000,AV RODRIGUES DA FONSECA,,BOLETIM,1,1,0,1,0,0
P4,Corredor Av. Vicente Monteggia,polyline,3.6,50.0,sim,628703,20161103,07:45,QUINTA-FEIRA,-30.115548000000000,-51.212387000000000,AV RODRIGUES DA FONSECA,,BOLETIM,1,1,0,1,0,0
P3,Acesso Av. Vicente Monteggia via Joao Salomoni/Rodrigues,point,96.7,100.0,sim,628707,20161103,09:15,QUINTA-FEIRA,-30.115683000000001,-51.211497000000001,AV RODRIGUES DA FONSECA,,BOLETIM,1,0,0,1,0,0
P4,Corredor Av. Vicente Monteggia,polyline,90.5,50.0,nao_contexto,628707,20161103,09:15,QUINTA-FEIRA,-30.115683000000001,-51.211497000000001,AV RODRIGUES DA FONSECA,,BOLETIM,1,0,0,1,0,0
P4,Corredor Av. Vicente Monteggia,polyline,4.8,50.0,sim,629813,20161130,20:00,QUARTA-FEIRA,-30.107703999999998,-51.221668000000001,AV VICENTE MONTEGGIA,,BOLETIM,0,0,0,0,0,0
P2,Confluencia Cristiano Kraemer x Belem Velho x Monte Cristo,point,123.7,100.0,nao_contexto,629855,20161130,18:20,QUARTA-FEIRA,-30.117114170000001,-51.207538000000000,AV RODRIGUES DA FONSECA,,BOLETIM,1,0,0,1,0,0
P2,Confluencia Cristiano Kraemer x Belem Velho x Monte Cristo,point,52.9,100.0,sim,630113,20161208,19:00,QUINTA-FEIRA,-30.117709999999999,-51.206882000000000,ESTR CRISTIANO KRAEMER,,BOLETIM,1,0,0,1,0,0
P4,Corredor Av. Vicente Monteggia,polyline,2.1,50.0,sim,630261,20161212,10:20,SEGUNDA-FEIRA,-30.100792999999999,-51.224783000000002,AV OTTO NIEMEYER,AV VICENTE MONTEGGIA,BOLETIM,0,0,0,0,0,0
P5,Joao Salomoni x Av. da Cavalhada,point,13.9,100.0,sim,630419,20161214,12:15,QUARTA-FEIRA,-30.113049820000001,-51.226367560000000,ESTR JOAO SALAMONI,AV CAVALHADA,BOLETIM,0,0,0,0,0,0
P2,Confluencia Cristiano Kraemer x Belem Velho x Monte Cristo,point,101.0,100.0,nao_contexto,630537,20161215,21:00,QUINTA-FEIRA,-30.117737000000002,-51.207389999999997,R CATARINO ANDREATTA,AV MONTE CRISTO,BOLETIM,0,0,0,0,0,0
P3,Acesso Av. Vicente Monteggia via Joao Salomoni/Rodrigues,point,68.0,100.0,sim,631826,20161219,08:00,SEGUNDA-FEIRA,-30.115369619999999,-51.213171000000003,ESTR JOAO SALOMONI,R MARQUES DO MARICA,BOLETIM,2,0,0,0,0,0
P4,Corredor Av. Vicente Monteggia,polyline,63.9,50.0,nao_contexto,631826,20161219,08:00,SEGUNDA-FEIRA,-30.115369619999999,-51.213171000000003,ESTR JOAO SALOMONI,R MARQUES DO MARICA,BOLETIM,2,0,0,0,0,0
P4,Corredor Av. Vicente Monteggia,polyline,7.1,50.0,sim,630525,20161220,07:45,TERCA-FEIRA,-30.095172999999999,-51.225712999999999,R DR CAMPOS VELHO,AV NONOAI,BOLETIM,0,0,0,0,0,0
P4,Corredor Av. Vicente Monteggia,polyline,26.5,50.0,sim,630560,20161221,08:00,QUARTA-FEIRA,-30.094951540000000,-51.225459000000001,AV NONOAI,,BOLETIM,1,0,0,0,0,0
P5,Joao Salomoni x Av. da Cavalhada,point,78.9,100.0,sim,630585,20161222,00:40,QUINTA-FEIRA,-30.112406000000000,-51.226672000000001,AV CAVALHADA,,BOLETIM,3,0,0,0,0,0
P3,Acesso Av. Vicente Monteggia via Joao Salomoni/Rodrigues,point,153.9,100.0,nao_contexto,630963,20161229,19:40,QUINTA-FEIRA,-30.114129999999999,-51.212705000000000,AV VICENTE MONTEGGIA,,BOLETIM,0,0,0,0,0,0
P4,Corredor Av. Vicente Monteggia,polyline,3.9,50.0,sim,630963,20161229,19:40,QUINTA-FEIRA,-30.114129999999999,-51.212705000000000,AV VICENTE MONTEGGIA,,BOLETIM,0,0,0,0,0,0
P2,Confluencia Cristiano Kraemer x Belem Velho x Monte Cristo,point,30.1,100.0,sim,630901,20170103,22:20,TERCA-FEIRA,-30.117676429999999,-51.206642000000002,ESTR CRISTIANO KRAEMER,AV MONTE CRISTO,BOLETIM,0,0,0,0,0,0
P5,Joao Salomoni x Av. da Cavalhada,point,8.5,100.0,sim,632853,20170106,16:30,SEXTA-FEIRA,-30.113078399999999,-51.226415000000003,AV CAVALHADA,,BOLETIM,1,0,0,1,0,0
P3,Acesso Av. Vicente Monteggia via Joao Salomoni/Rodrigues,point,101.2,100.0,nao_contexto,631065,20170110,18:30,TERCA-FEIRA,-30.115691999999999,-51.211450999999997,AV RODRIGUES DA FONSECA,,BOLETIM,1,0,0,1,0,0
P4,Corredor Av. Vicente Monteggia,polyline,95.0,50.0,nao_contexto,631065,20170110,18:30,TERCA-FEIRA,-30.115691999999999,-51.211450999999997,AV RODRIGUES DA FONSECA,,BOLETIM,1,0,0,1,0,0
P4,Corredor Av. Vicente Monteggia,polyline,7.0,50.0,sim,631233,20170114,18:00,SABADO,-30.110357340000000,-51.219003000000001,AV VICENTE MONTEGGIA,,BOLETIM,1,0,0,0,0,0
P5,Joao Salomoni x Av. da Cavalhada,point,4.0,100.0,sim,631352,20170114,16:00,SABADO,-30.113088410000000,-51.226539000000002,AV CAVALHADA,,BOLETIM,0,0,0,0,0,1
P8,Estr. Costa Gama x Estr. Afonso Lourenco Mariante,point,185.4,100.0,nao_contexto,631342,20170120,08:00,SEXTA-FEIRA,-30.115123000000001,-51.178995999999998,R MAJOR TITO,,BOLETIM,1,0,0,1,0,0
P3,Acesso Av. Vicente Monteggia via Joao Salomoni/Rodrigues,point,0.9,100.0,sim,631766,20170129,09:54,DOMINGO,-30.115501999999999,-51.212471000000001,AV VICENTE MONTEGGIA,AV RODRIGUES DA FONSECA,BOLETIM,0,0,0,0,0,0
P4,Corredor Av. Vicente Monteggia,polyline,4.6,50.0,sim,631766,20170129,09:54,DOMINGO,-30.115501999999999,-51.212471000000001,AV VICENTE MONTEGGIA,AV RODRIGUES DA FONSECA,BOLETIM,0,0,0,0,0,0
P4,Corredor Av. Vicente Monteggia,polyline,2.4,50.0,sim,631866,20170131,16:40,TERCA-FEIRA,-30.109073570000000,-51.220059999999997,AV VICENTE MONTEGGIA,,BOLETIM,0,0,0,0,0,0
P8,Estr. Costa Gama x Estr. Afonso Lourenco Mariante,point,57.5,100.0,sim,631761,20170201,07:45,QUARTA-FEIRA,-30.114726000000001,-51.176783999999998,ESTR COSTA GAMA,,BOLETIM,1,0,0,1,0,1
P1,Rotula Estr. 3 Meninas x Estr. Cristiano Kraemer,point,49.9,100.0,sim,631796,20170202,20:10,QUINTA-FEIRA,-30.118725000000001,-51.202992000000002,ESTR CRISTIANO KRAEMER,,BOLETIM,1,0,0,1,0,0
P4,Corredor Av. Vicente Monteggia,polyline,0.2,50.0,sim,631942,20170206,08:35,SEGUNDA-FEIRA,-30.102560000000000,-51.223368999999998,AV VICENTE MONTEGGIA,,BOLETIM,0,0,0,0,0,0
P4,Corredor Av. Vicente Monteggia,polyline,5.3,50.0,sim,631973,20170208,07:50,QUARTA-FEIRA,-30.103694090000001,-51.223154999999998,AV VICENTE MONTEGGIA,,BOLETIM,1,0,0,0,1,0
P4,Corredor Av. Vicente Monteggia,polyline,68.6,50.0,nao_contexto,632256,20170215,20:00,QUARTA-FEIRA,-30.095649000000002,-51.226277000000003,AV CAVALHADA,,BOLETIM,0,0,0,0,0,0
P3,Acesso Av. Vicente Monteggia via Joao Salomoni/Rodrigues,point,62.2,100.0,sim,632962,20170215,17:45,QUARTA-FEIRA,-30.115639869999999,-51.211854000000002,AV RODRIGUES DA FONSECA,R ATILIO SUPERTTI,BOLETIM,1,0,0,1,0,0
P4,Corredor Av. Vicente Monteggia,polyline,55.8,50.0,nao_contexto,632962,20170215,17:45,QUARTA-FEIRA,-30.115639869999999,-51.211854000000002,AV RODRIGUES DA FONSECA,R ATILIO SUPERTTI,BOLETIM,1,0,0,1,0,0
P5,Joao Salomoni x Av. da Cavalhada,point,8.5,100.0,sim,633573,20170217,20:10,SEXTA-FEIRA,-30.113078399999999,-51.226415000000003,AV CAVALHADA,,BOLETIM,0,0,0,0,0,0
P4,Corredor Av. Vicente Monteggia,polyline,68.6,50.0,nao_contexto,632405,20170218,16:00,SABADO,-30.095649000000002,-51.226277000000003,AV CAVALHADA,,BOLETIM,0,0,0,0,0,0
P4,Corredor Av. Vicente Monteggia,polyline,6.2,50.0,sim,632355,20170219,23:30,DOMINGO,-30.110460650000000,-51.218919000000000,AV VICENTE MONTEGGIA,,BOLETIM,2,1,0,2,0,0
P3,Acesso Av. Vicente Monteggia via Joao Salomoni/Rodrigues,point,68.0,100.0,sim,632475,20170222,11:45,QUARTA-FEIRA,-30.115369619999999,-51.213171000000003,ESTR JOAO SALOMONI,R MARQUES DO MARICA,BOLETIM,1,0,0,1,0,0
P4,Corredor Av. Vicente Monteggia,polyline,63.9,50.0,nao_contexto,632475,20170222,11:45,QUARTA-FEIRA,-30.115369619999999,-51.213171000000003,ESTR JOAO SALOMONI,R MARQUES DO MARICA,BOLETIM,1,0,0,1,0,0
P2,Confluencia Cristiano Kraemer x Belem Velho x Monte Cristo,point,143.9,100.0,nao_contexto,632482,20170222,18:00,QUARTA-FEIRA,-30.117849010000000,-51.207818000000003,AV MONTE CRISTO,,BOLETIM,1,0,0,1,0,0
P5,Joao Salomoni x Av. da Cavalhada,point,13.9,100.0,sim,632620,20170224,10:10,SEXTA-FEIRA,-30.113049820000001,-51.226367560000000,ESTR JOAO SALAMONI,AV CAVALHADA,BOLETIM,0,0,0,0,0,0
P2,Confluencia Cristiano Kraemer x Belem Velho x Monte Cristo,point,119.1,100.0,nao_contexto,632679,20170302,23:27,QUINTA-FEIRA,-30.117471999999999,-51.205126000000000,ESTR CRISTIANO KRAEMER,,BOLETIM,2,0,0,0,0,0
P4,Corredor Av. Vicente Monteggia,polyline,3.4,50.0,sim,632787,20170304,22:55,SABADO,-30.098381000000000,-51.225245000000001,AV VICENTE MONTEGGIA,,BOLETIM,0,0,0,0,0,0
P1,Rotula Estr. 3 Meninas x Estr. Cristiano Kraemer,point,85.7,100.0,sim,632888,20170305,03:00,DOMINGO,-30.118034000000002,-51.202357999999997,ESTR DAS TRES MENINAS,,BOLETIM,0,0,0,0,0,0
P2,Confluencia Cristiano Kraemer x Belem Velho x Monte Cristo,point,67.2,100.0,sim,632848,20170307,10:20,TERCA-FEIRA,-30.117653000000001,-51.205669999999998,ESTR CRISTIANO KRAEMER,,BOLETIM,0,0,0,0,0,0
P3,Acesso Av. Vicente Monteggia via Joao Salomoni/Rodrigues,point,141.4,100.0,nao_contexto,633017,20170313,01:00,SEGUNDA-FEIRA,-30.115781999999999,-51.211046000000003,AV RODRIGUES DA FONSECA,,BOLETIM,1,0,0,1,0,0
P4,Corredor Av. Vicente Monteggia,polyline,5.1,50.0,sim,633106,20170314,15:45,TERCA-FEIRA,-30.112418999999999,-51.215729000000003,AV VICENTE MONTEGGIA,,BOLETIM,0,0,0,0,0,0
P5,Joao Salomoni x Av. da Cavalhada,point,13.9,100.0,sim,633325,20170320,18:45,SEGUNDA-FEIRA,-30.113049820000001,-51.226367560000000,ESTR JOAO SALAMONI,AV CAVALHADA,BOLETIM,0,0,0,0,0,0
P4,Corredor Av. Vicente Monteggia,polyline,0.7,50.0,sim,633806,20170328,04:25,TERCA-FEIRA,-30.106099000000000,-51.222439999999999,AV VICENTE MONTEGGIA,,BOLETIM,0,0,0,0,0,0
P4,Corredor Av. Vicente Monteggia,polyline,0.0,50.0,sim,633833,20170331,15:40,SEXTA-FEIRA,-30.100758610000000,-51.224733000000001,AV VICENTE MONTEGGIA,,BOLETIM,0,0,0,0,0,0
P1,Rotula Estr. 3 Meninas x Estr. Cristiano Kraemer,point,7.7,100.0,sim,633834,20170331,15:10,SEXTA-FEIRA,-30.118299000000000,-51.203268999999999,ESTR DAS TRES MENINAS,ESTR CRISTIANO KRAEMER,BOLETIM,0,0,0,0,0,0
P4,Corredor Av. Vicente Monteggia,polyline,0.9,50.0,sim,633701,20170403,15:32,SEGUNDA-FEIRA,-30.111198999999999,-51.218418000000000,AV VICENTE MONTEGGIA,,BOLETIM,1,0,0,0,1,0
P4,Corredor Av. Vicente Monteggia,polyline,2.1,50.0,sim,633854,20170404,07:00,TERCA-FEIRA,-30.100792999999999,-51.224783000000002,AV OTTO NIEMEYER,AV VICENTE MONTEGGIA,BOLETIM,0,0,0,0,0,0
P7,Estr. 3 Meninas x Estr. Costa Gama,point,7.3,100.0,sim,633855,20170404,09:05,TERCA-FEIRA,-30.133669999999999,-51.175710000000002,ESTR DAS TRES MENINAS,ESTR COSTA GAMA,BOLETIM,0,0,0,0,0,0
P8,Estr. Costa Gama x Estr. Afonso Lourenco Mariante,point,85.7,100.0,sim,633914,20170405,11:35,QUARTA-FEIRA,-30.115586000000000,-51.176313000000000,ESTR AFONSO LOURENCO MARIANTE,,BOLETIM,1,0,0,0,0,0
P4,Corredor Av. Vicente Monteggia,polyline,2.4,50.0,sim,634533,20170420,07:10,QUINTA-FEIRA,-30.109073570000000,-51.220059999999997,AV VICENTE MONTEGGIA,,BOLETIM,0,0,0,0,0,0
P5,Joao Salomoni x Av. da Cavalhada,point,101.2,100.0,nao_contexto,634534,20170420,09:30,QUINTA-FEIRA,-30.112214099999999,-51.226742000000002,AV CAVALHADA,,BOLETIM,0,0,0,0,0,0
P4,Corredor Av. Vicente Monteggia,polyline,4.7,50.0,sim,634553,20170422,12:00,SABADO,-30.111245000000000,-51.218283000000000,AV VICENTE MONTEGGIA,,BOLETIM,0,0,0,0,0,0
P5,Joao Salomoni x Av. da Cavalhada,point,4.0,100.0,sim,634552,20170422,10:14,SABADO,-30.113088410000000,-51.226539000000002,AV CAVALHADA,,BOLETIM,0,0,0,0,0,0
P4,Corredor Av. Vicente Monteggia,polyline,4.9,50.0,sim,634575,20170424,17:40,SEGUNDA-FEIRA,-30.100330629999998,-51.224994000000002,AV VICENTE MONTEGGIA,,BOLETIM,1,1,0,0,1,0
P3,Acesso Av. Vicente Monteggia via Joao Salomoni/Rodrigues,point,101.8,100.0,nao_contexto,634757,20170427,19:00,QUINTA-FEIRA,-30.114585000000002,-51.212516000000001,AV VICENTE MONTEGGIA,,BOLETIM,0,0,0,1,0,0
P4,Corredor Av. Vicente Monteggia,polyline,2.9,50.0,sim,634757,20170427,19:00,QUINTA-FEIRA,-30.114585000000002,-51.212516000000001,AV VICENTE MONTEGGIA,,BOLETIM,0,0,0,1,0,0
P8,Estr. Costa Gama x Estr. Afonso Lourenco Mariante,point,195.7,100.0,nao_contexto,635141,20170506,19:20,SABADO,-30.113424909999999,-51.177225000000000,R DR SARMENTO BARATA,,BOLETIM,0,0,0,0,0,0
P7,Estr. 3 Meninas x Estr. Costa Gama,point,78.3,100.0,sim,635036,20170507,13:34,DOMINGO,-30.134391879999999,-51.175462000000003,ESTR COSTA GAMA,,BOLETIM,2,1,0,1,0,0
P4,Corredor Av. Vicente Monteggia,polyline,1.2,50.0,sim,635240,20170508,06:40,SEGUNDA-FEIRA,-30.100641000000000,-51.224829999999997,AV VICENTE MONTEGGIA,,BOLETIM,1,0,0,1,0,0
P7,Estr. 3 Meninas x Estr. Costa Gama,point,188.2,100.0,nao_contexto,635050,20170508,10:05,SEGUNDA-FEIRA,-30.132183810000001,-51.176535999999999,ESTR DAS TRES MENINAS,,BOLETIM,1,0,0,0,0,0
P4,Corredor Av. Vicente Monteggia,polyline,7.5,50.0,sim,636372,20170514,17:30,DOMINGO,-30.112272409999999,-51.217053000000000,AV VICENTE MONTEGGIA,,BOLETIM,1,0,0,1,0,0
P4,Corredor Av. Vicente Monteggia,polyline,68.6,50.0,nao_contexto,635325,20170515,08:00,SEGUNDA-FEIRA,-30.095649000000002,-51.226277000000003,AV CAVALHADA,,BOLETIM,0,0,0,1,0,0
P5,Joao Salomoni x Av. da Cavalhada,point,101.2,100.0,nao_contexto,635749,20170522,09:30,SEGUNDA-FEIRA,-30.112214099999999,-51.226742000000002,AV CAVALHADA,,BOLETIM,1,0,0,0,0,0
P4,Corredor Av. Vicente Monteggia,polyline,2.1,50.0,sim,635711,20170525,08:15,QUINTA-FEIRA,-30.100792999999999,-51.224783000000002,AV OTTO NIEMEYER,AV VICENTE MONTEGGIA,BOLETIM,0,0,0,0,0,0
P4,Corredor Av. Vicente Monteggia,polyline,6.5,50.0,sim,635977,20170602,12:00,SEXTA-FEIRA,-30.110417720000001,-51.218955000000001,AV VICENTE MONTEGGIA,,BOLETIM,1,1,0,1,0,0
P5,Joao Salomoni x Av. da Cavalhada,point,13.9,100.0,sim,636189,20170605,10:50,SEGUNDA-FEIRA,-30.113049820000001,-51.226367560000000,ESTR JOAO SALAMONI,AV CAVALHADA,BOLETIM,0,0,0,0,0,0
P1,Rotula Estr. 3 Meninas x Estr. Cristiano Kraemer,point,122.6,100.0,nao_contexto,636582,20170605,20:00,SEGUNDA-FEIRA,-30.118031999999999,-51.201956000000003,ESTR DAS TRES MENINAS,,BOLETIM,0,0,0,0,0,0
P4,Corredor Av. Vicente Monteggia,polyline,3.1,50.0,sim,636209,20170606,14:45,TERCA-FEIRA,-30.107299999999999,-51.222088999999997,R AMAPA,AV VICENTE MONTEGGIA,BOLETIM,0,0,0,0,0,0
P4,Corredor Av. Vicente Monteggia,polyline,2.9,50.0,sim,636211,20170606,13:10,TERCA-FEIRA,-30.109418000000002,-51.219813000000002,AV VICENTE MONTEGGIA,,BOLETIM,0,0,0,0,0,0
P4,Corredor Av. Vicente Monteggia,polyline,3.0,50.0,sim,636595,20170612,01:35,SEGUNDA-FEIRA,-30.112938000000000,-51.213591000000001,AV VICENTE MONTEGGIA,,BOLETIM,0,0,0,0,0,0
P3,Acesso Av. Vicente Monteggia via Joao Salomoni/Rodrigues,point,10.4,100.0,sim,636337,20170618,10:30,DOMINGO,-30.115548000000000,-51.212387000000000,AV RODRIGUES DA FONSECA,,BOLETIM,1,0,0,1,0,0
P4,Corredor Av. Vicente Monteggia,polyline,3.6,50.0,sim,636337,20170618,10:30,DOMINGO,-30.115548000000000,-51.212387000000000,AV RODRIGUES DA FONSECA,,BOLETIM,1,0,0,1,0,0
P4,Corredor Av. Vicente Monteggia,polyline,1.7,50.0,sim,636682,20170621,09:00,QUARTA-FEIRA,-30.110375999999999,-51.219101000000002,AV VICENTE MONTEGGIA,,BOLETIM,0,0,0,0,0,0
P5,Joao Salomoni x Av. da Cavalhada,point,8.5,100.0,sim,636672,20170621,11:40,QUARTA-FEIRA,-30.113078399999999,-51.226415000000003,AV CAVALHADA,,BOLETIM,0,0,0,0,0,0
P4,Corredor Av. Vicente Monteggia,polyline,2.2,50.0,sim,636626,20170624,03:40,SABADO,-30.108817999999999,-51.220312999999997,AV VICENTE MONTEGGIA,,BOLETIM,1,0,0,0,0,0
P2,Confluencia Cristiano Kraemer x Belem Velho x Monte Cristo,point,105.1,100.0,nao_contexto,636924,20170626,11:55,SEGUNDA-FEIRA,-30.117236999999999,-51.207386999999997,AV RODRIGUES DA FONSECA,,BOLETIM,0,0,0,0,0,0
P4,Corredor Av. Vicente Monteggia,polyline,91.3,50.0,nao_contexto,637022,20170628,10:50,QUARTA-FEIRA,-30.094719189999999,-51.224761999999998,AV NONOAI,,BOLETIM,0,0,0,0,0,0
P4,Corredor Av. Vicente Monteggia,polyline,3.1,50.0,sim,636988,20170702,07:40,DOMINGO,-30.104106999999999,-51.222974000000001,AV VICENTE MONTEGGIA,,BOLETIM,1,0,0,0,0,0
P4,Corredor Av. Vicente Monteggia,polyline,1.6,50.0,sim,637075,20170705,19:10,QUARTA-FEIRA,-30.097688000000002,-51.224701000000003,AV VICENTE MONTEGGIA,,BOLETIM,0,0,0,0,0,0
P5,Joao Salomoni x Av. da Cavalhada,point,68.3,100.0,sim,637474,20170706,22:49,QUINTA-FEIRA,-30.113080000000000,-51.225790000000003,ESTR JOAO SALOMONI,,BOLETIM,0,0,0,0,0,0
P4,Corredor Av. Vicente Monteggia,polyline,0.6,50.0,sim,637196,20170708,12:10,SABADO,-30.110429109999998,-51.219022000000002,ESTR JOAO VEDANA,AV VICENTE MONTEGGIA,BOLETIM,0,0,0,0,0,0
P4,Corredor Av. Vicente Monteggia,polyline,2.6,50.0,sim,637546,20170711,11:55,TERCA-FEIRA,-30.103624000000000,-51.223140000000001,AV VICENTE MONTEGGIA,,BOLETIM,0,0,0,0,0,0
P4,Corredor Av. Vicente Monteggia,polyline,3.1,50.0,sim,637619,20170718,16:10,TERCA-FEIRA,-30.107299999999999,-51.222088999999997,R AMAPA,AV VICENTE MONTEGGIA,BOLETIM,2,2,0,1,0,0
P3,Acesso Av. Vicente Monteggia via Joao Salomoni/Rodrigues,point,191.0,100.0,nao_contexto,637721,20170718,16:05,TERCA-FEIRA,-30.115942000000000,-51.210560999999998,AV RODRIGUES DA FONSECA,,BOLETIM,0,0,0,0,0,0
P4,Corredor Av. Vicente Monteggia,polyline,5.1,50.0,sim,637805,20170720,07:15,QUINTA-FEIRA,-30.112418999999999,-51.215729000000003,AV VICENTE MONTEGGIA,,BOLETIM,0,0,0,0,0,0
P4,Corredor Av. Vicente Monteggia,polyline,6.2,50.0,sim,637808,20170720,14:00,QUINTA-FEIRA,-30.113199999999999,-51.213110000000000,AV VICENTE MONTEGGIA,,BOLETIM,0,0,0,0,0,0
P4,Corredor Av. Vicente Monteggia,polyline,3.8,50.0,sim,637918,20170726,10:30,QUARTA-FEIRA,-30.112438999999998,-51.216749000000000,AV VICENTE MONTEGGIA,,BOLETIM,1,0,0,0,0,0
P5,Joao Salomoni x Av. da Cavalhada,point,13.9,100.0,sim,639094,20170726,20:50,QUARTA-FEIRA,-30.113049820000001,-51.226367560000000,ESTR JOAO SALAMONI,AV CAVALHADA,BOLETIM,0,0,0,0,0,0
P4,Corredor Av. Vicente Monteggia,polyline,75.7,50.0,nao_contexto,638088,20170728,14:00,SEXTA-FEIRA,-30.095694000000002,-51.226329999999997,AV CAVALHADA,,BOLETIM,0,0,0,1,0,0
P9,Entroncamento Rua Santuario x Av. Oscar Pereira,point,64.8,100.0,sim,638007,20170728,08:20,SEXTA-FEIRA,-30.096214849999999,-51.177835999999999,AV PROF OSCAR PEREIRA,,BOLETIM,1,0,0,0,0,0
P2,Confluencia Cristiano Kraemer x Belem Velho x Monte Cristo,point,59.8,100.0,sim,638360,20170804,12:34,SEXTA-FEIRA,-30.117488999999999,-51.206975999999997,AV RODRIGUES DA FONSECA,,BOLETIM,0,0,0,0,0,1
P4,Corredor Av. Vicente Monteggia,polyline,7.1,50.0,sim,638362,20170805,16:39,SABADO,-30.095172999999999,-51.225712999999999,R DR CAMPOS VELHO,AV NONOAI,BOLETIM,0,0,0,0,0,0
P5,Joao Salomoni x Av. da Cavalhada,point,101.2,100.0,nao_contexto,638856,20170810,08:15,QUINTA-FEIRA,-30.112214099999999,-51.226742000000002,AV CAVALHADA,,BOLETIM,2,0,0,1,0,0
P8,Estr. Costa Gama x Estr. Afonso Lourenco Mariante,point,26.5,100.0,sim,639077,20170810,15:00,QUINTA-FEIRA,-30.115379999999998,-51.177219000000001,ESTR COSTA GAMA,,BOLETIM,0,0,0,0,0,0
P7,Estr. 3 Meninas x Estr. Costa Gama,point,78.3,100.0,sim,639082,20170811,16:35,SEXTA-FEIRA,-30.134391879999999,-51.175462000000003,ESTR COSTA GAMA,,BOLETIM,0,0,0,0,0,0
P4,Corredor Av. Vicente Monteggia,polyline,0.3,50.0,sim,639006,20170821,08:00,SEGUNDA-FEIRA,-30.096827999999999,-51.224724000000002,AV VICENTE MONTEGGIA,AV FABIO ARAUJO SANTOS,BOLETIM,0,0,0,0,0,0
P5,Joao Salomoni x Av. da Cavalhada,point,104.6,100.0,nao_contexto,638881,20170825,15:25,SEXTA-FEIRA,-30.112241999999998,-51.226947000000003,R DA PRUDENCIA,,BOLETIM,1,0,0,1,0,1
P4,Corredor Av. Vicente Monteggia,polyline,79.9,50.0,nao_contexto,638984,20170828,17:20,SEGUNDA-FEIRA,-30.094882750000000,-51.226581000000003,R DR CAMPOS VELHO,,BOLETIM,1,0,0,1,0,0
P2,Confluencia Cristiano Kraemer x Belem Velho x Monte Cristo,point,23.1,100.0,sim,639424,20170828,17:30,SEGUNDA-FEIRA,-30.117736940000000,-51.206485000000001,ESTR CRISTIANO KRAEMER,,BOLETIM,0,0,0,0,0,0
P5,Joao Salomoni x Av. da Cavalhada,point,153.2,100.0,nao_contexto,639698,20170905,07:50,TERCA-FEIRA,-30.113099479999999,-51.224907000000002,ESTR JOAO SALOMONI,,BOLETIM,0,0,0,0,0,0
P5,Joao Salomoni x Av. da Cavalhada,point,154.6,100.0,nao_contexto,639697,20170905,16:50,TERCA-FEIRA,-30.114452000000000,-51.226126999999998,AV CAVALHADA,,BOLETIM,0,0,0,0,0,0
P5,Joao Salomoni x Av. da Cavalhada,point,6.4,100.0,sim,639417,20170907,14:10,QUINTA-FEIRA,-30.113044750000000,-51.226481000000000,ESTR JOAO SALOMONI,AV CAVALHADA,BOLETIM,0,0,0,0,0,0
P4,Corredor Av. Vicente Monteggia,polyline,65.2,50.0,nao_contexto,639855,20170911,16:50,SEGUNDA-FEIRA,-30.095571050000000,-51.226318999999997,AV CAVALHADA,,BOLETIM,0,0,0,0,0,0
P3,Acesso Av. Vicente Monteggia via Joao Salomoni/Rodrigues,point,157.2,100.0,nao_contexto,640315,20170926,08:00,TERCA-FEIRA,-30.114094000000001,-51.212654000000001,AV VICENTE MONTEGGIA,,BOLETIM,0,0,0,0,0,0
P4,Corredor Av. Vicente Monteggia,polyline,2.1,50.0,sim,640315,20170926,08:00,TERCA-FEIRA,-30.114094000000001,-51.212654000000001,AV VICENTE MONTEGGIA,,BOLETIM,0,0,0,0,0,0
P2,Confluencia Cristiano Kraemer x Belem Velho x Monte Cristo,point,88.7,100.0,sim,640317,20170926,07:42,TERCA-FEIRA,-30.117350840000000,-51.207250000000002,AV RODRIGUES DA FONSECA,R MIGUEL ASCOLEZE,BOLETIM,0,0,0,0,0,0
P4,Corredor Av. Vicente Monteggia,polyline,1.1,50.0,sim,640276,20170928,20:00,QUINTA-FEIRA,-30.107208000000000,-51.222087999999999,AV VICENTE MONTEGGIA,,BOLETIM,1,0,0,1,0,0
P4,Corredor Av. Vicente Monteggia,polyline,3.3,50.0,sim,640395,20170929,19:00,SEXTA-FEIRA,-30.105409000000002,-51.222687999999998,AV VICENTE MONTEGGIA,,BOLETIM,1,0,0,1,0,0
P4,Corredor Av. Vicente Monteggia,polyline,7.1,50.0,sim,640598,20171004,10:30,QUARTA-FEIRA,-30.095172999999999,-51.225712999999999,R DR CAMPOS VELHO,AV CAVALHADA,BOLETIM,0,0,0,0,0,0
P5,Joao Salomoni x Av. da Cavalhada,point,128.9,100.0,nao_contexto,640681,20171006,08:45,SEXTA-FEIRA,-30.114236999999999,-51.226239999999997,AV CAVALHADA,,BOLETIM,0,0,0,0,0,0
P5,Joao Salomoni x Av. da Cavalhada,point,198.0,100.0,nao_contexto,640548,20171006,07:40,SEXTA-FEIRA,-30.114757220000001,-51.227254000000002,AV FAMILIA GONCALVES CARNEIRO,,BOLETIM,2,0,0,0,0,0
P4,Corredor Av. Vicente Monteggia,polyline,65.2,50.0,nao_contexto,641164,20171010,11:30,TERCA-FEIRA,-30.095571050000000,-51.226318999999997,AV CAVALHADA,,BOLETIM,1,1,0,1,0,0
P4,Corredor Av. Vicente Monteggia,polyline,2.1,50.0,sim,641357,20171016,21:50,SEGUNDA-FEIRA,-30.112487999999999,-51.215108000000001,AV VICENTE MONTEGGIA,,BOLETIM,0,0,0,0,0,0
P8,Estr. Costa Gama x Estr. Afonso Lourenco Mariante,point,0.6,100.0,sim,641392,20171021,07:40,SABADO,-30.115180840000001,-51.177064000000001,ESTR COSTA GAMA,ESTR AFONSO LOURENCO MARIANTE,BOLETIM,0,0,0,1,0,0
P5,Joao Salomoni x Av. da Cavalhada,point,76.5,100.0,sim,641448,20171023,07:15,SEGUNDA-FEIRA,-30.113775000000000,-51.226346999999997,AV CAVALHADA,,BOLETIM,0,0,0,0,0,0
P7,Estr. 3 Meninas x Estr. Costa Gama,point,180.1,100.0,nao_contexto,641096,20171025,09:55,QUARTA-FEIRA,-30.135273999999999,-51.175176000000000,ESTR COSTA GAMA,,BOLETIM,1,0,0,1,0,0
P4,Corredor Av. Vicente Monteggia,polyline,3.3,50.0,sim,641214,20171027,06:40,SEXTA-FEIRA,-30.105409000000002,-51.222687999999998,AV VICENTE MONTEGGIA,,BOLETIM,1,0,0,1,0,0
P8,Estr. Costa Gama x Estr. Afonso Lourenco Mariante,point,117.9,100.0,nao_contexto,641550,20171027,11:05,SEXTA-FEIRA,-30.116221939999999,-51.177295000000001,ESTR COSTA GAMA,,BOLETIM,0,0,0,0,0,0
P3,Acesso Av. Vicente Monteggia via Joao Salomoni/Rodrigues,point,195.9,100.0,nao_contexto,641240,20171028,23:30,SABADO,-30.115721000000001,-51.214500999999998,R AURORA,,BOLETIM,1,0,0,1,0,0
P4,Corredor Av. Vicente Monteggia,polyline,7.2,50.0,sim,641310,20171101,09:45,QUARTA-FEIRA,-30.107187509999999,-51.222192999999997,AV VICENTE MONTEGGIA,,BOLETIM,1,0,0,1,0,0
P9,Entroncamento Rua Santuario x Av. Oscar Pereira,point,11.0,100.0,sim,641738,20171106,08:00,SEGUNDA-FEIRA,-30.096681449999998,-51.177999999999997,AV PROF OSCAR PEREIRA,R SANTUARIO,BOLETIM,0,0,0,0,0,0
P4,Corredor Av. Vicente Monteggia,polyline,3.1,50.0,sim,641672,20171109,11:00,QUINTA-FEIRA,-30.107299999999999,-51.222088999999997,R AMAPA,AV VICENTE MONTEGGIA,BOLETIM,1,0,0,1,0,0
P7,Estr. 3 Meninas x Estr. Costa Gama,point,7.3,100.0,sim,642183,20171116,14:43,QUINTA-FEIRA,-30.133669999999999,-51.175710000000002,ESTR DAS TRES MENINAS,ESTR COSTA GAMA,BOLETIM,0,0,0,0,0,0
P5,Joao Salomoni x Av. da Cavalhada,point,4.0,100.0,sim,642252,20171118,14:20,SABADO,-30.113088410000000,-51.226539000000002,AV CAVALHADA,,BOLETIM,0,0,0,0,0,1
P4,Corredor Av. Vicente Monteggia,polyline,45.5,50.0,sim,642048,20171121,11:37,TERCA-FEIRA,-30.096678000000001,-51.224285999999999,AV FABIO ARAUJO SANTOS,,BOLETIM,1,0,0,0,0,0
P4,Corredor Av. Vicente Monteggia,polyline,3.4,50.0,sim,642118,20171122,11:50,QUARTA-FEIRA,-30.096263000000000,-51.225071999999997,AV VICENTE MONTEGGIA,,BOLETIM,1,1,0,1,0,0
P5,Joao Salomoni x Av. da Cavalhada,point,13.9,100.0,sim,642499,20171127,18:00,SEGUNDA-FEIRA,-30.113049820000001,-51.226367560000000,ESTR JOAO SALAMONI,AV CAVALHADA,BOLETIM,0,0,0,0,0,0
P2,Confluencia Cristiano Kraemer x Belem Velho x Monte Cristo,point,136.7,100.0,nao_contexto,642405,20171128,06:50,TERCA-FEIRA,-30.117830229999999,-51.207746000000000,AV MONTE CRISTO,,BOLETIM,1,0,0,1,0,0
P7,Estr. 3 Meninas x Estr. Costa Gama,point,191.0,100.0,nao_contexto,642509,20171128,13:45,TERCA-FEIRA,-30.135338999999998,-51.175046000000002,ESTR COSTA GAMA,,BOLETIM,0,0,0,0,0,0
P4,Corredor Av. Vicente Monteggia,polyline,4.6,50.0,sim,642758,20171130,20:00,QUINTA-FEIRA,-30.105806000000001,-51.222583999999998,AV VICENTE MONTEGGIA,,BOLETIM,0,0,0,0,0,0
P4,Corredor Av. Vicente Monteggia,polyline,0.6,50.0,sim,642754,20171130,14:38,QUINTA-FEIRA,-30.110429109999998,-51.219022000000002,ESTR JOAO VEDANA,AV VICENTE MONTEGGIA,BOLETIM,0,0,0,0,0,0
P4,Corredor Av. Vicente Monteggia,polyline,6.5,50.0,sim,642896,20171202,12:25,SABADO,-30.113307370000001,-51.213003000000000,AV VICENTE MONTEGGIA,ESTR JOAO PASSUELO,BOLETIM,0,0,0,0,0,0
P4,Corredor Av. Vicente Monteggia,polyline,14.4,50.0,sim,642914,20171203,14:30,DOMINGO,-30.095066679999999,-51.225630000000002,AV NONOAI,,BOLETIM,0,0,0,0,0,0
P4,Corredor Av. Vicente Monteggia,polyline,65.2,50.0,nao_contexto,643006,20171205,16:45,TERCA-FEIRA,-30.095571050000000,-51.226318999999997,AV CAVALHADA,,BOLETIM,0,0,0,0,0,0
P4,Corredor Av. Vicente Monteggia,polyline,4.5,50.0,sim,643134,20171206,20:15,QUARTA-FEIRA,-30.097662000000000,-51.224755999999999,AV VICENTE MONTEGGIA,,BOLETIM,0,0,0,0,0,0
P4,Corredor Av. Vicente Monteggia,polyline,6.7,50.0,sim,642823,20171210,22:00,DOMINGO,-30.103685760000001,-51.223030000000001,AV VICENTE MONTEGGIA,,BOLETIM,1,1,0,1,0,0
P4,Corredor Av. Vicente Monteggia,polyline,3.6,50.0,sim,643324,20171210,19:00,DOMINGO,-30.107367910000001,-51.221922999999997,AV VICENTE MONTEGGIA,,BOLETIM,0,0,0,0,0,0
P4,Corredor Av. Vicente Monteggia,polyline,3.1,50.0,sim,643166,20171211,12:10,SEGUNDA-FEIRA,-30.107299999999999,-51.222088999999997,R AMAPA,AV VICENTE MONTEGGIA,BOLETIM,0,0,0,0,0,0
P3,Acesso Av. Vicente Monteggia via Joao Salomoni/Rodrigues,point,0.9,100.0,sim,643189,20171211,15:00,SEGUNDA-FEIRA,-30.115501999999999,-51.212471000000001,ESTR JOAO SALOMONI,AV RODRIGUES DA FONSECA,BOLETIM,0,0,0,0,0,0
P4,Corredor Av. Vicente Monteggia,polyline,4.6,50.0,sim,643189,20171211,15:00,SEGUNDA-FEIRA,-30.115501999999999,-51.212471000000001,ESTR JOAO SALOMONI,AV RODRIGUES DA FONSECA,BOLETIM,0,0,0,0,0,0
P5,Joao Salomoni x Av. da Cavalhada,point,4.0,100.0,sim,642859,20171212,14:20,TERCA-FEIRA,-30.113088410000000,-51.226539000000002,AV CAVALHADA,,BOLETIM,1,0,0,0,0,0
P1,Rotula Estr. 3 Meninas x Estr. Cristiano Kraemer,point,68.7,100.0,sim,643238,20171213,21:00,QUARTA-FEIRA,-30.117968999999999,-51.203786000000001,ESTR CRISTIANO KRAEMER,,BOLETIM,1,0,0,1,0,0
P3,Acesso Av. Vicente Monteggia via Joao Salomoni/Rodrigues,point,95.4,100.0,sim,643467,20171219,19:50,TERCA-FEIRA,-30.115254889999999,-51.213430000000002,ESTR JOAO SALOMONI,,BOLETIM,0,0,0,1,0,1
P4,Corredor Av. Vicente Monteggia,polyline,91.5,50.0,nao_contexto,643467,20171219,19:50,TERCA-FEIRA,-30.115254889999999,-51.213430000000002,ESTR JOAO SALOMONI,,BOLETIM,0,0,0,1,0,1
P4,Corredor Av. Vicente Monteggia,polyline,1.6,50.0,sim,643480,20171220,08:00,QUARTA-FEIRA,-30.111702000000001,-51.217849000000001,AV VICENTE MONTEGGIA,,BOLETIM,1,0,0,1,0,0
P4,Corredor Av. Vicente Monteggia,polyline,4.7,50.0,sim,643618,20171222,17:20,SEXTA-FEIRA,-30.111325000000001,-51.218192000000002,AV VICENTE MONTEGGIA,,BOLETIM,0,0,0,1,0,0
P7,Estr. 3 Meninas x Estr. Costa Gama,point,7.3,100.0,sim,643707,20171223,03:00,SABADO,-30.133669999999999,-51.175710000000002,ESTR DAS TRES MENINAS,ESTR COSTA GAMA,BOLETIM,1,0,0,1,0,0
P3,Acesso Av. Vicente Monteggia via Joao Salomoni/Rodrigues,point,0.9,100.0,sim,643315,20171226,19:45,TERCA-FEIRA,-30.115501999999999,-51.212471000000001,ESTR JOAO SALOMONI,AV RODRIGUES DA FONSECA,BOLETIM,1,0,0,0,0,0
P4,Corredor Av. Vicente Monteggia,polyline,4.6,50.0,sim,643315,20171226,19:45,TERCA-FEIRA,-30.115501999999999,-51.212471000000001,ESTR JOAO SALOMONI,AV RODRIGUES DA FONSECA,BOLETIM,1,0,0,0,0,0
P5,Joao Salomoni x Av. da Cavalhada,point,4.0,100.0,sim,643393,20171227,20:00,QUARTA-FEIRA,-30.113088410000000,-51.226539000000002,AV CAVALHADA,,BOLETIM,2,0,0,0,0,0
P5,Joao Salomoni x Av. da Cavalhada,point,13.9,100.0,sim,643739,20171228,14:20,QUINTA-FEIRA,-30.113049820000001,-51.226367560000000,ESTR JOAO SALAMONI,AV CAVALHADA,BOLETIM,0,0,0,0,0,0
P4,Corredor Av. Vicente Monteggia,polyline,91.3,50.0,nao_contexto,643518,20171230,19:10,SABADO,-30.094719189999999,-51.224761999999998,AV NONOAI,,BOLETIM,1,0,0,1,0,0
P5,Joao Salomoni x Av. da Cavalhada,point,87.3,100.0,sim,643793,20171231,15:20,DOMINGO,-30.113878000000000,-51.226381000000003,AV CAVALHADA,,BOLETIM,0,0,0,0,0,0
P5,Joao Salomoni x Av. da Cavalhada,point,6.4,100.0,sim,643842,20180103,08:05,QUARTA-FEIRA,-30.113044750000000,-51.226481000000000,ESTR JOAO SALOMONI,AV CAVALHADA,BOLETIM,0,0,0,0,0,0
P8,Estr. Costa Gama x Estr. Afonso Lourenco Mariante,point,195.7,100.0,nao_contexto,643660,20180104,13:30,QUINTA-FEIRA,-30.113424909999999,-51.177225000000000,R DR SARMENTO BARATA,,BOLETIM,0,0,1,1,0,0
P8,Estr. Costa Gama x Estr. Afonso Lourenco Mariante,point,0.6,100.0,sim,643955,20180104,16:30,QUINTA-FEIRA,-30.115180840000001,-51.177064000000001,ESTR COSTA GAMA,ESTR AFONSO LOURENCO MARIANTE,BOLETIM,1,0,0,1,0,0
P3,Acesso Av. Vicente Monteggia via Joao Salomoni/Rodrigues,point,95.4,100.0,sim,643935,20180105,19:40,SEXTA-FEIRA,-30.115254889999999,-51.213430000000002,ESTR JOAO SALOMONI,,BOLETIM,0,0,0,0,0,1
P4,Corredor Av. Vicente Monteggia,polyline,91.5,50.0,nao_contexto,643935,20180105,19:40,SEXTA-FEIRA,-30.115254889999999,-51.213430000000002,ESTR JOAO SALOMONI,,BOLETIM,0,0,0,0,0,1
P4,Corredor Av. Vicente Monteggia,polyline,3.8,50.0,sim,644749,20180108,08:58,SEGUNDA-FEIRA,-30.097792999999999,-51.224826000000000,AV VICENTE MONTEGGIA,,BOLETIM,1,0,0,1,0,0
P8,Estr. Costa Gama x Estr. Afonso Lourenco Mariante,point,43.5,100.0,sim,644047,20180108,14:58,SEGUNDA-FEIRA,-30.114820999999999,-51.176890000000000,ESTR COSTA GAMA,,BOLETIM,0,0,0,0,0,0
P5,Joao Salomoni x Av. da Cavalhada,point,4.0,100.0,sim,644158,20180111,17:20,QUINTA-FEIRA,-30.113088410000000,-51.226539000000002,AV CAVALHADA,,BOLETIM,0,0,0,1,0,0
P3,Acesso Av. Vicente Monteggia via Joao Salomoni/Rodrigues,point,44.3,100.0,sim,644198,20180112,18:25,SEXTA-FEIRA,-30.115105000000000,-51.212421999999997,AV VICENTE MONTEGGIA,,BOLETIM,0,0,0,0,0,0
P4,Corredor Av. Vicente Monteggia,polyline,3.2,50.0,sim,644198,20180112,18:25,SEXTA-FEIRA,-30.115105000000000,-51.212421999999997,AV VICENTE MONTEGGIA,,BOLETIM,0,0,0,0,0,0
P6,Rota Florestan Fernandes / Estrada Kanazawa,polyline,0.0,50.0,sim,643999,20180112,20:00,SEXTA-FEIRA,-30.117540999999999,-51.184345999999998,AV BELEM VELHO,,BOLETIM,1,0,0,1,0,0
P3,Acesso Av. Vicente Monteggia via Joao Salomoni/Rodrigues,point,92.4,100.0,sim,644019,20180118,09:35,QUINTA-FEIRA,-30.115725000000001,-51.211554999999997,AV RODRIGUES DA FONSECA,,BOLETIM,1,0,0,1,0,0
P4,Corredor Av. Vicente Monteggia,polyline,85.9,50.0,nao_contexto,644019,20180118,09:35,QUINTA-FEIRA,-30.115725000000001,-51.211554999999997,AV RODRIGUES DA FONSECA,,BOLETIM,1,0,0,1,0,0
P4,Corredor Av. Vicente Monteggia,polyline,1.9,50.0,sim,644579,20180131,18:31,QUARTA-FEIRA,-30.100695999999999,-51.224800000000002,AV VICENTE MONTEGGIA,,BOLETIM,1,0,0,1,0,0
P4,Corredor Av. Vicente Monteggia,polyline,7.1,50.0,sim,644624,20180205,14:00,SEGUNDA-FEIRA,-30.095172999999999,-51.225712999999999,R DR CAMPOS VELHO,AV VICENTE MONTEGGIA,BOLETIM,1,0,0,0,0,0
P4,Corredor Av. Vicente Monteggia,polyline,68.6,50.0,nao_contexto,644897,20180206,09:15,TERCA-FEIRA,-30.095649000000002,-51.226277000000003,AV CAVALHADA,,BOLETIM,0,0,0,0,0,0
P4,Corredor Av. Vicente Monteggia,polyline,7.1,50.0,sim,645082,20180214,01:30,QUARTA-FEIRA,-30.095172999999999,-51.225712999999999,R DR CAMPOS VELHO,AV NONOAI,BOLETIM,0,0,0,0,0,0
P2,Confluencia Cristiano Kraemer x Belem Velho x Monte Cristo,point,130.5,100.0,nao_contexto,644920,20180216,18:30,SEXTA-FEIRA,-30.117381000000002,-51.205019000000000,ESTR CRISTIANO KRAEMER,,BOLETIM,1,0,0,1,0,0
P5,Joao Salomoni x Av. da Cavalhada,point,4.0,100.0,sim,645150,20180220,08:35,TERCA-FEIRA,-30.113088410000000,-51.226539000000002,AV CAVALHADA,,BOLETIM,0,0,0,0,0,0
P4,Corredor Av. Vicente Monteggia,polyline,4.1,50.0,sim,645330,20180226,07:50,SEGUNDA-FEIRA,-30.097698999999999,-51.224773999999996,AV VICENTE MONTEGGIA,,BOLETIM,0,0,0,1,0,0
P5,Joao Salomoni x Av. da Cavalhada,point,126.8,100.0,nao_contexto,645279,20180227,07:20,TERCA-FEIRA,-30.114218999999999,-51.226247999999998,AV CAVALHADA,,BOLETIM,1,0,0,1,0,0
P4,Corredor Av. Vicente Monteggia,polyline,6.2,50.0,sim,645474,20180228,07:10,QUARTA-FEIRA,-30.103105530000001,-51.223170000000003,AV VICENTE MONTEGGIA,,BOLETIM,0,0,0,0,0,0
P7,Estr. 3 Meninas x Estr. Costa Gama,point,7.3,100.0,sim,645491,20180228,09:45,QUARTA-FEIRA,-30.133669999999999,-51.175710000000002,ESTR DAS TRES MENINAS,ESTR COSTA GAMA,BOLETIM,0,0,0,0,0,0
P4,Corredor Av. Vicente Monteggia,polyline,0.9,50.0,sim,645789,20180307,10:20,QUARTA-FEIRA,-30.112473000000001,-51.215667000000003,AV VICENTE MONTEGGIA,,BOLETIM,0,0,0,0,0,0
P8,Estr. Costa Gama x Estr. Afonso Lourenco Mariante,point,185.2,100.0,nao_contexto,645998,20180312,15:00,SEGUNDA-FEIRA,-30.115423000000000,-51.178975000000001,R MAJOR TITO,,BOLETIM,0,0,0,0,0,0
P5,Joao Salomoni x Av. da Cavalhada,point,4.0,100.0,sim,645670,20180313,17:50,TERCA-FEIRA,-30.113088410000000,-51.226539000000002,AV CAVALHADA,,BOLETIM,2,1,0,1,0,0
P2,Confluencia Cristiano Kraemer x Belem Velho x Monte Cristo,point,133.7,100.0,nao_contexto,646005,20180313,10:00,TERCA-FEIRA,-30.117087999999999,-51.207638000000003,AV RODRIGUES DA FONSECA,,BOLETIM,0,0,0,0,0,0
P4,Corredor Av. Vicente Monteggia,polyline,2.9,50.0,sim,645851,20180318,08:40,DOMINGO,-30.099865999999999,-51.225316999999997,AV VICENTE MONTEGGIA,,BOLETIM,1,0,0,0,0,0
P4,Corredor Av. Vicente Monteggia,polyline,3.5,50.0,sim,645910,20180319,18:10,SEGUNDA-FEIRA,-30.100093999999999,-51.225155999999998,AV VICENTE MONTEGGIA,,BOLETIM,1,1,0,1,0,0
P4,Corredor Av. Vicente Monteggia,polyline,96.0,50.0,nao_contexto,646918,20180323,12:50,SEXTA-FEIRA,-30.094643770000001,-51.224764000000000,AV NONOAI,,BOLETIM,0,0,0,1,0,0
P4,Corredor Av. Vicente Monteggia,polyline,96.0,50.0,nao_contexto,687875,20180323,12:50,SEXTA-FEIRA,-30.094643770000001,-51.224764000000000,AV NONOAI,,BOLETIM,1,1,0,1,0,0
P4,Corredor Av. Vicente Monteggia,polyline,1.3,50.0,sim,646916,20180323,12:15,SEXTA-FEIRA,-30.111369000000000,-51.218229000000001,AV VICENTE MONTEGGIA,,BOLETIM,0,0,0,0,0,0
P4,Corredor Av. Vicente Monteggia,polyline,5.5,50.0,sim,646134,20180326,07:20,SEGUNDA-FEIRA,-30.103728860000000,-51.223149999999997,AV VICENTE MONTEGGIA,,BOLETIM,2,0,0,1,0,0
P4,Corredor Av. Vicente Monteggia,polyline,1.7,50.0,sim,646216,20180328,19:30,QUARTA-FEIRA,-30.110375999999999,-51.219101000000002,AV VICENTE MONTEGGIA,,BOLETIM,1,1,0,0,0,0
P7,Estr. 3 Meninas x Estr. Costa Gama,point,7.3,100.0,sim,646466,20180329,15:50,QUINTA-FEIRA,-30.133669999999999,-51.175710000000002,ESTR DAS TRES MENINAS,ESTR COSTA GAMA,BOLETIM,0,0,0,0,0,0
P4,Corredor Av. Vicente Monteggia,polyline,4.5,50.0,sim,646481,20180331,11:00,SABADO,-30.097662000000000,-51.224755999999999,AV VICENTE MONTEGGIA,,BOLETIM,0,0,0,1,0,0
P4,Corredor Av. Vicente Monteggia,polyline,5.3,50.0,sim,646234,20180331,12:40,SABADO,-30.103694090000001,-51.223154999999998,AV VICENTE MONTEGGIA,,BOLETIM,1,0,0,1,0,0
P1,Rotula Estr. 3 Meninas x Estr. Cristiano Kraemer,point,184.0,100.0,nao_contexto,646968,20180404,23:30,QUARTA-FEIRA,-30.117277000000001,-51.204684000000000,R JOSE ALVES DE CASTRO,,BOLETIM,0,0,0,0,0,0
P2,Confluencia Cristiano Kraemer x Belem Velho x Monte Cristo,point,164.2,100.0,nao_contexto,646968,20180404,23:30,QUARTA-FEIRA,-30.117277000000001,-51.204684000000000,R JOSE ALVES DE CASTRO,,BOLETIM,0,0,0,0,0,0
P4,Corredor Av. Vicente Monteggia,polyline,61.5,50.0,nao_contexto,646557,20180408,12:05,DOMINGO,-30.094788999999999,-51.225093999999999,AV NONOAI,,BOLETIM,0,0,0,0,0,0
P3,Acesso Av. Vicente Monteggia via Joao Salomoni/Rodrigues,point,92.4,100.0,sim,647037,20180409,16:00,SEGUNDA-FEIRA,-30.115725000000001,-51.211554999999997,AV RODRIGUES DA FONSECA,,BOLETIM,0,0,0,0,0,0
P4,Corredor Av. Vicente Monteggia,polyline,85.9,50.0,nao_contexto,647037,20180409,16:00,SEGUNDA-FEIRA,-30.115725000000001,-51.211554999999997,AV RODRIGUES DA FONSECA,,BOLETIM,0,0,0,0,0,0
P4,Corredor Av. Vicente Monteggia,polyline,3.1,50.0,sim,647059,20180410,19:20,TERCA-FEIRA,-30.112901000000001,-51.213642999999998,AV VICENTE MONTEGGIA,,BOLETIM,0,0,0,0,0,0
P8,Estr. Costa Gama x Estr. Afonso Lourenco Mariante,point,91.8,100.0,sim,646525,20180410,19:00,TERCA-FEIRA,-30.114426399999999,-51.176679000000000,ESTR COSTA GAMA,,BOLETIM,2,1,0,2,0,1
P4,Corredor Av. Vicente Monteggia,polyline,8.9,50.0,sim,646596,20180413,21:15,SEXTA-FEIRA,-30.106607589999999,-51.222391000000002,AV VICENTE MONTEGGIA,,BOLETIM,1,1,0,1,0,0
P4,Corredor Av. Vicente Monteggia,polyline,7.1,50.0,sim,646710,20180417,00:30,TERCA-FEIRA,-30.095172999999999,-51.225712999999999,R DR CAMPOS VELHO,AV NONOAI,BOLETIM,1,0,0,1,0,0
P4,Corredor Av. Vicente Monteggia,polyline,7.1,50.0,sim,647336,20180420,15:35,SEXTA-FEIRA,-30.095172999999999,-51.225712999999999,AV VICENTE MONTEGGIA,AV NONOAI,BOLETIM,0,0,0,0,0,0
P3,Acesso Av. Vicente Monteggia via Joao Salomoni/Rodrigues,point,153.9,100.0,nao_contexto,646690,20180421,23:00,SABADO,-30.114129999999999,-51.212705000000000,AV VICENTE MONTEGGIA,,BOLETIM,1,0,0,1,0,0
P4,Corredor Av. Vicente Monteggia,polyline,3.9,50.0,sim,646690,20180421,23:00,SABADO,-30.114129999999999,-51.212705000000000,AV VICENTE MONTEGGIA,,BOLETIM,1,0,0,1,0,0
P8,Estr. Costa Gama x Estr. Afonso Lourenco Mariante,point,0.6,100.0,sim,647432,20180425,15:40,QUARTA-FEIRA,-30.115180840000001,-51.177064000000001,ESTR COSTA GAMA,ESTR AFONSO LOURENCO MARIANTE,BOLETIM,0,0,0,0,0,1
P4,Corredor Av. Vicente Monteggia,polyline,14.4,50.0,sim,647523,20180429,16:45,DOMINGO,-30.095066679999999,-51.225630000000002,AV NONOAI,,BOLETIM,0,0,0,0,0,0
P3,Acesso Av. Vicente Monteggia via Joao Salomoni/Rodrigues,point,101.2,100.0,nao_contexto,647087,20180504,10:55,SEXTA-FEIRA,-30.115691999999999,-51.211450999999997,AV RODRIGUES DA FONSECA,,BOLETIM,1,0,0,1,0,0
P4,Corredor Av. Vicente Monteggia,polyline,95.0,50.0,nao_contexto,647087,20180504,10:55,SEXTA-FEIRA,-30.115691999999999,-51.211450999999997,AV RODRIGUES DA FONSECA,,BOLETIM,1,0,0,1,0,0
P4,Corredor Av. Vicente Monteggia,polyline,6.9,50.0,sim,647674,20180505,13:59,SABADO,-30.107058450000000,-51.222237999999997,AV VICENTE MONTEGGIA,,BOLETIM,0,0,0,0,0,0
P2,Confluencia Cristiano Kraemer x Belem Velho x Monte Cristo,point,17.3,100.0,sim,647673,20180505,11:20,SABADO,-30.117712999999998,-51.206389999999999,ESTR CRISTIANO KRAEMER,,BOLETIM,0,0,0,0,0,0
P4,Corredor Av. Vicente Monteggia,polyline,5.4,50.0,sim,647780,20180510,15:05,QUINTA-FEIRA,-30.095460920000001,-51.225383999999998,AV VICENTE MONTEGGIA,,BOLETIM,0,0,0,0,0,0
P3,Acesso Av. Vicente Monteggia via Joao Salomoni/Rodrigues,point,153.9,100.0,nao_contexto,647837,20180512,10:40,SABADO,-30.114129999999999,-51.212705000000000,AV VICENTE MONTEGGIA,,BOLETIM,0,0,0,0,0,0
P4,Corredor Av. Vicente Monteggia,polyline,3.9,50.0,sim,647837,20180512,10:40,SABADO,-30.114129999999999,-51.212705000000000,AV VICENTE MONTEGGIA,,BOLETIM,0,0,0,0,0,0
P6,Rota Florestan Fernandes / Estrada Kanazawa,polyline,27.7,50.0,sim,648257,20180518,20:45,SEXTA-FEIRA,-30.119876999999999,-51.197180000000003,ESTR DAS TRES MENINAS,,BOLETIM,0,0,0,0,0,0
P4,Corredor Av. Vicente Monteggia,polyline,3.2,50.0,sim,648012,20180521,10:27,SEGUNDA-FEIRA,-30.096741999999999,-51.224736000000000,AV VICENTE MONTEGGIA,,BOLETIM,1,0,0,1,0,0
P4,Corredor Av. Vicente Monteggia,polyline,1.6,50.0,sim,648071,20180522,16:10,TERCA-FEIRA,-30.111588000000001,-51.217981000000002,AV VICENTE MONTEGGIA,,BOLETIM,1,0,0,0,0,0
P4,Corredor Av. Vicente Monteggia,polyline,0.0,50.0,sim,648123,20180523,20:15,QUARTA-FEIRA,-30.100758610000000,-51.224733000000001,AV VICENTE MONTEGGIA,,BOLETIM,1,0,0,1,0,0
P2,Confluencia Cristiano Kraemer x Belem Velho x Monte Cristo,point,98.2,100.0,sim,648292,20180528,08:50,SEGUNDA-FEIRA,-30.117605309999998,-51.205340000000000,ESTR CRISTIANO KRAEMER,,BOLETIM,3,0,0,0,0,0
P4,Corredor Av. Vicente Monteggia,polyline,7.1,50.0,sim,648356,20180601,21:00,SEXTA-FEIRA,-30.095172999999999,-51.225712999999999,R DR CAMPOS VELHO,AV CAVALHADA,BOLETIM,1,0,0,1,0,0
P4,Corredor Av. Vicente Monteggia,polyline,2.1,50.0,sim,648498,20180604,13:10,SEGUNDA-FEIRA,-30.100792999999999,-51.224783000000002,AV OTTO NIEMEYER,AV VICENTE MONTEGGIA,BOLETIM,0,0,0,0,0,0
P5,Joao Salomoni x Av. da Cavalhada,point,4.0,100.0,sim,648655,20180608,12:10,SEXTA-FEIRA,-30.113088410000000,-51.226539000000002,AV CAVALHADA,,BOLETIM,0,0,0,0,0,0
P4,Corredor Av. Vicente Monteggia,polyline,0.0,50.0,sim,648885,20180618,12:50,SEGUNDA-FEIRA,-30.100758610000000,-51.224733000000001,AV VICENTE MONTEGGIA,,BOLETIM,1,0,0,1,0,0
P4,Corredor Av. Vicente Monteggia,polyline,21.5,50.0,sim,648996,20180620,09:00,QUARTA-FEIRA,-30.095056039999999,-51.225375000000000,AV NONOAI,,BOLETIM,1,0,0,1,0,0
P2,Confluencia Cristiano Kraemer x Belem Velho x Monte Cristo,point,151.2,100.0,nao_contexto,649101,20180620,07:30,QUARTA-FEIRA,-30.117815119999999,-51.207903999999999,AV MONTE CRISTO,,BOLETIM,0,0,0,0,0,0
P4,Corredor Av. Vicente Monteggia,polyline,4.7,50.0,sim,649173,20180622,18:00,SEXTA-FEIRA,-30.095149280000001,-51.225779000000003,AV CAVALHADA,,BOLETIM,0,0,0,1,0,0
P4,Corredor Av. Vicente Monteggia,polyline,7.1,50.0,sim,649169,20180622,10:50,SEXTA-FEIRA,-30.095172999999999,-51.225712999999999,R DR CAMPOS VELHO,AV NONOAI,BOLETIM,0,0,0,0,0,0
P3,Acesso Av. Vicente Monteggia via Joao Salomoni/Rodrigues,point,103.1,100.0,nao_contexto,649338,20180623,22:00,SABADO,-30.114573000000000,-51.212456000000003,AV VICENTE MONTEGGIA,,BOLETIM,1,0,0,1,0,0
P4,Corredor Av. Vicente Monteggia,polyline,3.0,50.0,sim,649338,20180623,22:00,SABADO,-30.114573000000000,-51.212456000000003,AV VICENTE MONTEGGIA,,BOLETIM,1,0,0,1,0,0
P1,Rotula Estr. 3 Meninas x Estr. Cristiano Kraemer,point,198.6,100.0,nao_contexto,649208,20180625,11:45,SEGUNDA-FEIRA,-30.117321100000002,-51.204909999999998,ESTR CRISTIANO KRAEMER,,BOLETIM,0,0,0,0,0,0
P2,Confluencia Cristiano Kraemer x Belem Velho x Monte Cristo,point,142.0,100.0,nao_contexto,649208,20180625,11:45,SEGUNDA-FEIRA,-30.117321100000002,-51.204909999999998,ESTR CRISTIANO KRAEMER,,BOLETIM,0,0,0,0,0,0
P4,Corredor Av. Vicente Monteggia,polyline,3.1,50.0,sim,649302,20180628,19:00,QUINTA-FEIRA,-30.107300039999998,-51.222088999999997,R GREGORIO PEREZ,AV VICENTE MONTEGGIA,BOLETIM,1,0,0,1,0,0
P4,Corredor Av. Vicente Monteggia,polyline,5.0,50.0,sim,649570,20180629,13:35,SEXTA-FEIRA,-30.100862880000001,-51.224601999999997,AV VICENTE MONTEGGIA,,BOLETIM,0,0,0,0,0,0
P2,Confluencia Cristiano Kraemer x Belem Velho x Monte Cristo,point,111.7,100.0,nao_contexto,649287,20180629,06:55,SEXTA-FEIRA,-30.117201999999999,-51.207445000000000,AV RODRIGUES DA FONSECA,,BOLETIM,1,0,0,0,1,0
P7,Estr. 3 Meninas x Estr. Costa Gama,point,59.0,100.0,sim,649920,20180702,18:45,SEGUNDA-FEIRA,-30.133199229999999,-51.175727000000002,ESTR COSTA GAMA,,BOLETIM,1,0,0,1,0,0
P9,Entroncamento Rua Santuario x Av. Oscar Pereira,point,64.8,100.0,sim,649451,20180706,09:35,SEXTA-FEIRA,-30.096214849999999,-51.177835999999999,AV PROF OSCAR PEREIRA,,BOLETIM,2,1,0,1,0,0
P4,Corredor Av. Vicente Monteggia,polyline,4.3,50.0,sim,649480,20180706,23:50,SEXTA-FEIRA,-30.112624000000000,-51.213939000000003,AV VICENTE MONTEGGIA,,BOLETIM,1,0,0,0,0,0
P5,Joao Salomoni x Av. da Cavalhada,point,198.0,100.0,nao_contexto,649454,20180706,14:18,SEXTA-FEIRA,-30.114757220000001,-51.227254000000002,AV FAMILIA GONCALVES CARNEIRO,,BOLETIM,1,0,0,0,0,0
P4,Corredor Av. Vicente Monteggia,polyline,7.1,50.0,sim,650121,20180717,10:15,TERCA-FEIRA,-30.095172999999999,-51.225712999999999,AV VICENTE MONTEGGIA,AV NONOAI,BOLETIM,0,0,0,0,0,0
P9,Entroncamento Rua Santuario x Av. Oscar Pereira,point,73.8,100.0,sim,649916,20180717,19:00,TERCA-FEIRA,-30.096164999999999,-51.177731999999999,AV PROF OSCAR PEREIRA,,BOLETIM,1,1,0,0,0,0
P4,Corredor Av. Vicente Monteggia,polyline,2.1,50.0,sim,650084,20180719,16:15,QUINTA-FEIRA,-30.100792999999999,-51.224783000000002,AV OTTO NIEMEYER,AV VICENTE MONTEGGIA,BOLETIM,1,1,0,0,0,0
P2,Confluencia Cristiano Kraemer x Belem Velho x Monte Cristo,point,123.7,100.0,nao_contexto,687929,20180724,18:00,TERCA-FEIRA,-30.117114170000001,-51.207538000000000,AV RODRIGUES DA FONSECA,,BOLETIM,1,1,0,1,0,0
P5,Joao Salomoni x Av. da Cavalhada,point,6.4,100.0,sim,650385,20180726,20:15,QUINTA-FEIRA,-30.113044750000000,-51.226481000000000,ESTR JOAO SALOMONI,AV CAVALHADA,BOLETIM,1,0,0,1,0,0
P4,Corredor Av. Vicente Monteggia,polyline,59.4,50.0,nao_contexto,650861,20180806,16:50,SEGUNDA-FEIRA,-30.094840999999999,-51.225070000000002,AV NONOAI,,BOLETIM,0,0,0,0,0,0
P4,Corredor Av. Vicente Monteggia,polyline,4.8,50.0,sim,650614,20180806,19:18,SEGUNDA-FEIRA,-30.110087000000000,-51.219254999999997,AV VICENTE MONTEGGIA,,BOLETIM,1,0,0,0,0,0
P5,Joao Salomoni x Av. da Cavalhada,point,163.8,100.0,nao_contexto,651003,20180806,06:30,SEGUNDA-FEIRA,-30.114505340000001,-51.225990000000003,AV CAVALHADA,,BOLETIM,0,0,0,0,0,0
P2,Confluencia Cristiano Kraemer x Belem Velho x Monte Cristo,point,149.4,100.0,nao_contexto,650641,20180808,16:40,QUARTA-FEIRA,-30.117056999999999,-51.207799999999999,AV RODRIGUES DA FONSECA,,BOLETIM,1,1,0,0,0,0
P4,Corredor Av. Vicente Monteggia,polyline,7.1,50.0,sim,651098,20180811,11:30,SABADO,-30.095172999999999,-51.225712999999999,R DR CAMPOS VELHO,AV NONOAI,BOLETIM,0,0,0,0,0,0
P4,Corredor Av. Vicente Monteggia,polyline,7.1,50.0,sim,650715,20180812,16:00,DOMINGO,-30.095172999999999,-51.225712999999999,R DR CAMPOS VELHO,AV VICENTE MONTEGGIA,BOLETIM,1,0,0,0,0,0
P4,Corredor Av. Vicente Monteggia,polyline,7.1,50.0,sim,651164,20180814,16:00,TERCA-FEIRA,-30.095172999999999,-51.225712999999999,R DR CAMPOS VELHO,AV NONOAI,BOLETIM,0,0,0,0,0,0
P4,Corredor Av. Vicente Monteggia,polyline,7.2,50.0,sim,650769,20180815,17:15,QUARTA-FEIRA,-30.107187509999999,-51.222192999999997,AV VICENTE MONTEGGIA,,BOLETIM,1,1,0,1,0,0
P5,Joao Salomoni x Av. da Cavalhada,point,80.1,100.0,sim,651209,20180816,12:00,QUINTA-FEIRA,-30.113088999999999,-51.225667000000001,ESTR JOAO SALOMONI,,BOLETIM,0,0,0,0,0,0
P2,Confluencia Cristiano Kraemer x Belem Velho x Monte Cristo,point,30.0,100.0,sim,651475,20180825,10:30,SABADO,-30.117675999999999,-51.206642000000002,AV RODRIGUES DA FONSECA,AV MONTE CRISTO,BOLETIM,0,0,0,0,0,0
P4,Corredor Av. Vicente Monteggia,polyline,2.5,50.0,sim,651559,20180827,14:20,SEGUNDA-FEIRA,-30.108785999999998,-51.220340000000000,AV VICENTE MONTEGGIA,,BOLETIM,0,0,0,0,0,0
P4,Corredor Av. Vicente Monteggia,polyline,4.9,50.0,sim,651569,20180828,10:45,TERCA-FEIRA,-30.100330629999998,-51.224994000000002,AV VICENTE MONTEGGIA,,BOLETIM,0,0,0,0,0,0
P4,Corredor Av. Vicente Monteggia,polyline,5.0,50.0,sim,651565,20180828,10:55,TERCA-FEIRA,-30.100862880000001,-51.224601999999997,AV VICENTE MONTEGGIA,,BOLETIM,0,0,0,0,0,0
P4,Corredor Av. Vicente Monteggia,polyline,7.1,50.0,sim,651780,20180901,02:50,SABADO,-30.095172999999999,-51.225712999999999,R DR CAMPOS VELHO,AV NONOAI,BOLETIM,0,0,0,0,0,0
P2,Confluencia Cristiano Kraemer x Belem Velho x Monte Cristo,point,23.1,100.0,sim,651802,20180903,14:20,SEGUNDA-FEIRA,-30.117736940000000,-51.206485000000001,ESTR CRISTIANO KRAEMER,,BOLETIM,0,0,0,0,0,0
P1,Rotula Estr. 3 Meninas x Estr. Cristiano Kraemer,point,182.3,100.0,nao_contexto,651721,20180907,03:00,SEXTA-FEIRA,-30.117360999999999,-51.204734999999999,ESTR CRISTIANO KRAEMER,,BOLETIM,2,0,0,0,0,0
P2,Confluencia Cristiano Kraemer x Belem Velho x Monte Cristo,point,157.9,100.0,nao_contexto,651721,20180907,03:00,SEXTA-FEIRA,-30.117360999999999,-51.204734999999999,ESTR CRISTIANO KRAEMER,,BOLETIM,2,0,0,0,0,0
P2,Confluencia Cristiano Kraemer x Belem Velho x Monte Cristo,point,30.0,100.0,sim,651729,20180907,20:30,SEXTA-FEIRA,-30.117768880000000,-51.206558000000001,ESTR CRISTIANO KRAEMER,,BOLETIM,1,1,0,1,0,1
P4,Corredor Av. Vicente Monteggia,polyline,2.1,50.0,sim,652970,20180908,07:00,SABADO,-30.112487999999999,-51.215108000000001,AV VICENTE MONTEGGIA,,BOLETIM,1,0,0,0,0,0
P4,Corredor Av. Vicente Monteggia,polyline,21.5,50.0,sim,651943,20180909,17:20,DOMINGO,-30.095056039999999,-51.225375000000000,AV NONOAI,,BOLETIM,0,0,0,0,0,0
P5,Joao Salomoni x Av. da Cavalhada,point,101.2,100.0,nao_contexto,651999,20180911,17:30,TERCA-FEIRA,-30.112214099999999,-51.226742000000002,AV CAVALHADA,,BOLETIM,0,0,0,0,0,0
P5,Joao Salomoni x Av. da Cavalhada,point,13.9,100.0,sim,651985,20180911,07:10,TERCA-FEIRA,-30.113049820000001,-51.226367560000000,ESTR JOAO SALAMONI,AV CAVALHADA,BOLETIM,0,0,0,0,0,0
P4,Corredor Av. Vicente Monteggia,polyline,8.9,50.0,sim,652072,20180914,14:15,SEXTA-FEIRA,-30.106607589999999,-51.222391000000002,AV VICENTE MONTEGGIA,,BOLETIM,0,0,0,0,0,0
P4,Corredor Av. Vicente Monteggia,polyline,9.4,50.0,sim,652104,20180915,10:40,SABADO,-30.107832840000000,-51.221587000000000,AV VICENTE MONTEGGIA,,BOLETIM,0,0,0,0,0,0
P4,Corredor Av. Vicente Monteggia,polyline,7.1,50.0,sim,652184,20180917,08:40,SEGUNDA-FEIRA,-30.095172949999998,-51.225712999999999,AV VICENTE MONTEGGIA,AV CAVALHADA,BOLETIM,0,0,0,0,0,0
P4,Corredor Av. Vicente Monteggia,polyline,7.1,50.0,sim,652183,20180917,11:10,SEGUNDA-FEIRA,-30.095172999999999,-51.225712999999999,AV VICENTE MONTEGGIA,AV NONOAI,BOLETIM,0,0,0,0,0,1
P4,Corredor Av. Vicente Monteggia,polyline,12.8,50.0,sim,652194,20180918,14:30,TERCA-FEIRA,-30.095068009999999,-51.225766999999998,R DR CAMPOS VELHO,,BOLETIM,0,0,0,0,0,0
P5,Joao Salomoni x Av. da Cavalhada,point,101.2,100.0,nao_contexto,652275,20180921,18:10,SEXTA-FEIRA,-30.112214099999999,-51.226742000000002,AV CAVALHADA,,BOLETIM,0,0,0,0,0,0
P4,Corredor Av. Vicente Monteggia,polyline,6.6,50.0,sim,652320,20180924,09:13,SEGUNDA-FEIRA,-30.110532200000002,-51.218859000000002,AV VICENTE MONTEGGIA,,BOLETIM,0,0,0,0,0,0
P4,Corredor Av. Vicente Monteggia,polyline,2.3,50.0,sim,652962,20180925,10:51,TERCA-FEIRA,-30.098617000000001,-51.225346999999999,AV VICENTE MONTEGGIA,,BOLETIM,1,1,0,1,0,0
P4,Corredor Av. Vicente Monteggia,polyline,4.3,50.0,sim,652983,20180926,10:00,QUARTA-FEIRA,-30.099332109999999,-51.225333999999997,AV VICENTE MONTEGGIA,,BOLETIM,1,0,0,1,0,0
P4,Corredor Av. Vicente Monteggia,polyline,4.9,50.0,sim,652376,20180926,15:50,QUARTA-FEIRA,-30.113164000000001,-51.213161999999997,AV VICENTE MONTEGGIA,,BOLETIM,0,0,0,0,0,0
P4,Corredor Av. Vicente Monteggia,polyline,6.1,50.0,sim,653019,20180927,07:30,QUINTA-FEIRA,-30.100397019999999,-51.224930000000001,AV VICENTE MONTEGGIA,,BOLETIM,2,0,0,0,0,0
P4,Corredor Av. Vicente Monteggia,polyline,2.1,50.0,sim,652534,20181003,12:50,QUARTA-FEIRA,-30.100792999999999,-51.224783000000002,AV OTTO NIEMEYER,AV VICENTE MONTEGGIA,BOLETIM,0,0,0,0,0,0
P4,Corredor Av. Vicente Monteggia,polyline,2.1,50.0,sim,652654,20181008,07:02,SEGUNDA-FEIRA,-30.100792999999999,-51.224783000000002,AV OTTO NIEMEYER,AV VICENTE MONTEGGIA,BOLETIM,0,0,0,0,0,0
P4,Corredor Av. Vicente Monteggia,polyline,6.7,50.0,sim,665757,20181008,21:30,SEGUNDA-FEIRA,-30.103685760000001,-51.223030000000001,AV VICENTE MONTEGGIA,,BOLETIM,0,0,0,0,0,0
P5,Joao Salomoni x Av. da Cavalhada,point,100.8,100.0,nao_contexto,652648,20181008,17:45,SEGUNDA-FEIRA,-30.113999700000001,-51.226374000000000,AV CAVALHADA,,BOLETIM,0,0,0,0,0,0
P5,Joao Salomoni x Av. da Cavalhada,point,6.4,100.0,sim,652755,20181009,14:02,TERCA-FEIRA,-30.113044750000000,-51.226481000000000,ESTR JOAO SALOMONI,AV CAVALHADA,BOLETIM,0,0,0,0,0,0
P2,Confluencia Cristiano Kraemer x Belem Velho x Monte Cristo,point,110.4,100.0,nao_contexto,653099,20181011,21:30,QUINTA-FEIRA,-30.118039000000000,-51.207366000000000,R CATARINO ANDREATTA,,BOLETIM,0,0,0,0,0,0
P4,Corredor Av. Vicente Monteggia,polyline,4.5,50.0,sim,653253,20181017,11:35,QUARTA-FEIRA,-30.099045000000000,-51.225473000000001,AV VICENTE MONTEGGIA,,BOLETIM,1,1,0,1,0,0
P5,Joao Salomoni x Av. da Cavalhada,point,6.4,100.0,sim,653388,20181017,08:55,QUARTA-FEIRA,-30.113044750000000,-51.226481000000000,ESTR JOAO SALOMONI,AV CAVALHADA,BOLETIM,0,0,0,0,0,0
P3,Acesso Av. Vicente Monteggia via Joao Salomoni/Rodrigues,point,132.7,100.0,nao_contexto,653293,20181020,20:45,SABADO,-30.115247000000000,-51.213827999999999,ESTR JOAO SALOMONI,,BOLETIM,0,0,0,0,0,0
P4,Corredor Av. Vicente Monteggia,polyline,3.6,50.0,sim,653580,20181023,13:05,TERCA-FEIRA,-30.107367910000001,-51.221922999999997,AV VICENTE MONTEGGIA,,BOLETIM,0,0,0,0,0,0
P5,Joao Salomoni x Av. da Cavalhada,point,67.4,100.0,sim,653393,20181025,00:41,QUINTA-FEIRA,-30.112507999999998,-51.226649999999999,AV CAVALHADA,,BOLETIM,1,0,0,1,0,0
P4,Corredor Av. Vicente Monteggia,polyline,4.2,50.0,sim,653711,20181029,21:00,SEGUNDA-FEIRA,-30.110638999999999,-51.218806999999998,AV VICENTE MONTEGGIA,,BOLETIM,0,0,0,0,0,0
P8,Estr. Costa Gama x Estr. Afonso Lourenco Mariante,point,44.4,100.0,sim,653834,20181031,18:23,QUARTA-FEIRA,-30.114837999999999,-51.176831000000000,ESTR COSTA GAMA,,BOLETIM,0,0,0,0,0,0
P4,Corredor Av. Vicente Monteggia,polyline,6.8,50.0,sim,653873,20181101,08:10,QUINTA-FEIRA,-30.101112430000001,-51.224505000000001,AV VICENTE MONTEGGIA,,BOLETIM,0,0,0,0,0,0
P2,Confluencia Cristiano Kraemer x Belem Velho x Monte Cristo,point,112.1,100.0,nao_contexto,655843,20181111,20:00,DOMINGO,-30.117712650000001,-51.207512000000001,AV MONTE CRISTO,,BOLETIM,0,0,0,0,0,0
P1,Rotula Estr. 3 Meninas x Estr. Cristiano Kraemer,point,185.1,100.0,nao_contexto,654452,20181120,14:40,TERCA-FEIRA,-30.119804999999999,-51.204037000000000,AC NELSON SILVA,,BOLETIM,0,0,0,0,0,0
P4,Corredor Av. Vicente Monteggia,polyline,3.0,50.0,sim,654576,20181123,15:00,SEXTA-FEIRA,-30.104051999999999,-51.223052000000003,AV VICENTE MONTEGGIA,,BOLETIM,0,0,0,0,0,0
P4,Corredor Av. Vicente Monteggia,polyline,5.9,50.0,sim,654512,20181123,09:20,SEXTA-FEIRA,-30.109412970000001,-51.219780000000000,AV VICENTE MONTEGGIA,,BOLETIM,1,0,0,1,0,0
P8,Estr. Costa Gama x Estr. Afonso Lourenco Mariante,point,26.2,100.0,sim,654890,20181205,06:15,QUARTA-FEIRA,-30.114972000000002,-51.176941999999997,ESTR COSTA GAMA,,BOLETIM,1,0,0,1,0,0
P7,Estr. 3 Meninas x Estr. Costa Gama,point,7.3,100.0,sim,656826,20181209,07:23,DOMINGO,-30.133669999999999,-51.175710000000002,ESTR DAS TRES MENINAS,ESTR COSTA GAMA,BOLETIM,1,0,0,1,0,0
P4,Corredor Av. Vicente Monteggia,polyline,4.5,50.0,sim,655063,20181210,01:10,SEGUNDA-FEIRA,-30.105749029999998,-51.222504000000001,AV VICENTE MONTEGGIA,,BOLETIM,1,1,0,1,0,0
P9,Entroncamento Rua Santuario x Av. Oscar Pereira,point,63.2,100.0,sim,656384,20181212,06:30,QUARTA-FEIRA,-30.096229180000002,-51.177838999999999,AV PROF OSCAR PEREIRA,,BOLETIM,1,0,0,2,0,0
P4,Corredor Av. Vicente Monteggia,polyline,4.9,50.0,sim,687906,20181213,14:30,QUINTA-FEIRA,-30.113164000000001,-51.213161999999997,AV VICENTE MONTEGGIA,,BOLETIM,1,1,0,1,0,0
P8,Estr. Costa Gama x Estr. Afonso Lourenco Mariante,point,134.3,100.0,nao_contexto,655160,20181214,08:00,SEXTA-FEIRA,-30.116323999999999,-51.177518999999997,ESTR COSTA GAMA,,BOLETIM,0,0,1,1,0,0
P5,Joao Salomoni x Av. da Cavalhada,point,4.0,100.0,sim,655163,20181214,14:00,SEXTA-FEIRA,-30.113088410000000,-51.226539000000002,AV CAVALHADA,,BOLETIM,1,1,0,0,0,0
P4,Corredor Av. Vicente Monteggia,polyline,6.8,50.0,sim,655233,20181216,20:20,DOMINGO,-30.096130190000000,-51.225181999999997,AV VICENTE MONTEGGIA,,BOLETIM,1,1,0,1,0,0
P4,Corredor Av. Vicente Monteggia,polyline,7.1,50.0,sim,655501,20181217,12:20,SEGUNDA-FEIRA,-30.095172999999999,-51.225712999999999,R DR CAMPOS VELHO,AV NONOAI,BOLETIM,0,0,0,0,0,0
P5,Joao Salomoni x Av. da Cavalhada,point,13.9,100.0,sim,655497,20181217,07:30,SEGUNDA-FEIRA,-30.113049820000001,-51.226367560000000,ESTR JOAO SALAMONI,AV CAVALHADA,BOLETIM,0,0,0,0,0,1
P4,Corredor Av. Vicente Monteggia,polyline,0.6,50.0,sim,655579,20181221,07:15,SEXTA-FEIRA,-30.110429109999998,-51.219022000000002,ESTR JOAO VEDANA,AV VICENTE MONTEGGIA,BOLETIM,0,0,0,1,0,0
P4,Corredor Av. Vicente Monteggia,polyline,7.1,50.0,sim,655637,20181223,23:40,DOMINGO,-30.095172999999999,-51.225712999999999,R DR CAMPOS VELHO,AV CAVALHADA,BOLETIM,0,0,0,0,0,0
P5,Joao Salomoni x Av. da Cavalhada,point,4.0,100.0,sim,655601,20181224,07:50,SEGUNDA-FEIRA,-30.113088410000000,-51.226539000000002,AV CAVALHADA,,BOLETIM,0,0,0,0,0,0
P3,Acesso Av. Vicente Monteggia via Joao Salomoni/Rodrigues,point,191.0,100.0,nao_contexto,655605,20181224,17:40,SEGUNDA-FEIRA,-30.115942000000000,-51.210560999999998,AV RODRIGUES DA FONSECA,,BOLETIM,0,0,0,0,0,0
P4,Corredor Av. Vicente Monteggia,polyline,66.8,50.0,nao_contexto,655890,20181227,16:30,QUINTA-FEIRA,-30.094899999999999,-51.226439999999997,R DR CAMPOS VELHO,,BOLETIM,0,0,0,0,0,0
P4,Corredor Av. Vicente Monteggia,polyline,65.2,50.0,nao_contexto,655659,20181227,09:45,QUINTA-FEIRA,-30.095571050000000,-51.226318999999997,AV CAVALHADA,,BOLETIM,0,0,0,0,0,0
P4,Corredor Av. Vicente Monteggia,polyline,1.1,50.0,sim,655684,20181227,02:49,QUINTA-FEIRA,-30.107208000000000,-51.222087999999999,AV VICENTE MONTEGGIA,,BOLETIM,2,0,0,1,0,0
P4,Corredor Av. Vicente Monteggia,polyline,1.8,50.0,sim,655782,20190102,17:00,QUARTA-FEIRA,-30.102993000000001,-51.223281999999998,AV VICENTE MONTEGGIA,,BOLETIM,1,0,0,1,0,0
P4,Corredor Av. Vicente Monteggia,polyline,13.7,50.0,sim,655822,20190105,06:45,SABADO,-30.095102950000001,-51.225700000000003,AV NONOAI,,BOLETIM,1,0,0,0,0,0
P2,Confluencia Cristiano Kraemer x Belem Velho x Monte Cristo,point,133.7,100.0,nao_contexto,655828,20190105,20:45,SABADO,-30.117087999999999,-51.207638000000003,AV RODRIGUES DA FONSECA,,BOLETIM,2,0,0,0,0,0
P4,Corredor Av. Vicente Monteggia,polyline,2.9,50.0,sim,656121,20190109,18:00,QUARTA-FEIRA,-30.106612999999999,-51.222324999999998,AV VICENTE MONTEGGIA,,BOLETIM,0,0,0,1,0,0
P4,Corredor Av. Vicente Monteggia,polyline,5.1,50.0,sim,656352,20190109,19:00,QUARTA-FEIRA,-30.107507999999999,-51.221893999999999,AV VICENTE MONTEGGIA,,BOLETIM,1,0,0,1,0,0
P4,Corredor Av. Vicente Monteggia,polyline,48.9,50.0,sim,656195,20190112,19:10,SABADO,-30.094957000000001,-51.226264000000000,R DR CAMPOS VELHO,,BOLETIM,0,0,0,0,0,0
P4,Corredor Av. Vicente Monteggia,polyline,68.6,50.0,nao_contexto,656205,20190113,16:40,DOMINGO,-30.095649000000002,-51.226277000000003,AV CAVALHADA,,BOLETIM,0,0,0,0,0,0
P4,Corredor Av. Vicente Monteggia,polyline,0.7,50.0,sim,656469,20190120,16:45,DOMINGO,-30.112463000000002,-51.216768000000002,AV VICENTE MONTEGGIA,,BOLETIM,0,0,0,0,0,0
P4,Corredor Av. Vicente Monteggia,polyline,4.5,50.0,sim,656522,20190125,22:00,SEXTA-FEIRA,-30.097662000000000,-51.224755999999999,AV VICENTE MONTEGGIA,,BOLETIM,1,1,0,1,0,0
P2,Confluencia Cristiano Kraemer x Belem Velho x Monte Cristo,point,151.2,100.0,nao_contexto,656707,20190131,08:48,QUINTA-FEIRA,-30.117815119999999,-51.207903999999999,AV MONTE CRISTO,,BOLETIM,2,0,0,1,0,0
P1,Rotula Estr. 3 Meninas x Estr. Cristiano Kraemer,point,32.9,100.0,sim,657350,20190201,18:14,SEXTA-FEIRA,-30.118150889999999,-51.203479000000002,ESTR CRISTIANO KRAEMER,,BOLETIM,1,0,0,0,0,0
P4,Corredor Av. Vicente Monteggia,polyline,26.5,50.0,sim,657280,20190212,11:38,TERCA-FEIRA,-30.094951540000000,-51.225459000000001,AV NONOAI,,BOLETIM,0,0,0,0,0,0
P5,Joao Salomoni x Av. da Cavalhada,point,109.6,100.0,nao_contexto,657291,20190212,16:00,TERCA-FEIRA,-30.112139700000000,-51.226754999999997,AV CAVALHADA,,BOLETIM,0,0,0,1,0,0
P4,Corredor Av. Vicente Monteggia,polyline,89.3,50.0,nao_contexto,657429,20190215,13:41,SEXTA-FEIRA,-30.094604980000000,-51.224896999999999,AV NONOAI,,BOLETIM,0,0,0,0,0,0
P4,Corredor Av. Vicente Monteggia,polyline,12.5,50.0,sim,657133,20190215,11:00,SEXTA-FEIRA,-30.095101199999998,-51.225453999999999,AV NONOAI,,BOLETIM,2,2,0,1,0,0
P4,Corredor Av. Vicente Monteggia,polyline,0.6,50.0,sim,657616,20190215,08:05,SEXTA-FEIRA,-30.107095000000001,-51.222160000000002,AV VICENTE MONTEGGIA,,BOLETIM,1,0,0,1,0,0
P4,Corredor Av. Vicente Monteggia,polyline,4.1,50.0,sim,657420,20190222,10:00,SEXTA-FEIRA,-30.097698999999999,-51.224773999999996,AV VICENTE MONTEGGIA,,BOLETIM,0,0,0,0,0,0
P3,Acesso Av. Vicente Monteggia via Joao Salomoni/Rodrigues,point,62.2,100.0,sim,657537,20190222,13:40,SEXTA-FEIRA,-30.115639869999999,-51.211854000000002,AV RODRIGUES DA FONSECA,R ATILIO SUPERTTI,BOLETIM,0,0,0,0,0,0
P4,Corredor Av. Vicente Monteggia,polyline,55.8,50.0,nao_contexto,657537,20190222,13:40,SEXTA-FEIRA,-30.115639869999999,-51.211854000000002,AV RODRIGUES DA FONSECA,R ATILIO SUPERTTI,BOLETIM,0,0,0,0,0,0
P2,Confluencia Cristiano Kraemer x Belem Velho x Monte Cristo,point,97.7,100.0,sim,657371,20190222,19:30,SEXTA-FEIRA,-30.117249950000001,-51.207310000000000,AV RODRIGUES DA FONSECA,,BOLETIM,1,0,0,0,0,1
P7,Estr. 3 Meninas x Estr. Costa Gama,point,172.2,100.0,nao_contexto,657382,20190223,17:00,SABADO,-30.135205689999999,-51.175196000000000,ESTR COSTA GAMA,,BOLETIM,1,0,0,1,0,0
P5,Joao Salomoni x Av. da Cavalhada,point,13.9,100.0,sim,657844,20190225,07:30,SEGUNDA-FEIRA,-30.113049820000001,-51.226367560000000,ESTR JOAO SALAMONI,AV CAVALHADA,BOLETIM,0,0,0,0,0,0
P2,Confluencia Cristiano Kraemer x Belem Velho x Monte Cristo,point,28.2,100.0,sim,657552,20190228,17:00,QUINTA-FEIRA,-30.117694329999999,-51.206609000000000,ESTR CRISTIANO KRAEMER,,BOLETIM,0,0,0,0,0,0
P1,Rotula Estr. 3 Meninas x Estr. Cristiano Kraemer,point,68.6,100.0,sim,657969,20190305,17:17,TERCA-FEIRA,-30.118924000000000,-51.203254999999999,R CEL FREDERICO CARLOS GOMES,,BOLETIM,0,0,0,0,0,0
P1,Rotula Estr. 3 Meninas x Estr. Cristiano Kraemer,point,103.7,100.0,nao_contexto,657967,20190305,16:30,TERCA-FEIRA,-30.119215069999999,-51.202931000000000,ESTR CRISTIANO KRAEMER,,BOLETIM,0,0,0,0,0,0
P4,Corredor Av. Vicente Monteggia,polyline,4.7,50.0,sim,658031,20190309,15:15,SABADO,-30.095149280000001,-51.225779000000003,AV CAVALHADA,,BOLETIM,0,0,0,0,0,0
P4,Corredor Av. Vicente Monteggia,polyline,2.5,50.0,sim,658038,20190309,19:20,SABADO,-30.107368999999998,-51.222009999999997,AV VICENTE MONTEGGIA,,BOLETIM,0,0,0,0,0,0
P4,Corredor Av. Vicente Monteggia,polyline,0.9,50.0,sim,658046,20190311,08:00,SEGUNDA-FEIRA,-30.112473000000001,-51.215667000000003,AV VICENTE MONTEGGIA,,BOLETIM,0,0,0,0,0,0
P4,Corredor Av. Vicente Monteggia,polyline,26.5,50.0,sim,658166,20190316,09:25,SABADO,-30.094951540000000,-51.225459000000001,AV NONOAI,,BOLETIM,0,0,0,0,0,0
P4,Corredor Av. Vicente Monteggia,polyline,0.7,50.0,sim,658415,20190316,18:10,SABADO,-30.103885890000001,-51.223067999999998,ESTR ARACAJU,AV VICENTE MONTEGGIA,BOLETIM,0,0,0,0,0,0
P5,Joao Salomoni x Av. da Cavalhada,point,88.2,100.0,sim,658318,20190318,15:00,SEGUNDA-FEIRA,-30.113871230000001,-51.226286999999999,AV CAVALHADA,,BOLETIM,0,0,0,0,0,0
P4,Corredor Av. Vicente Monteggia,polyline,4.8,50.0,sim,658920,20190319,07:30,TERCA-FEIRA,-30.110087000000000,-51.219254999999997,AV VICENTE MONTEGGIA,,BOLETIM,1,0,0,1,0,0
P5,Joao Salomoni x Av. da Cavalhada,point,13.9,100.0,sim,658420,20190320,20:45,QUARTA-FEIRA,-30.113049820000001,-51.226367560000000,ESTR JOAO SALAMONI,AV CAVALHADA,BOLETIM,0,0,0,0,0,0
P4,Corredor Av. Vicente Monteggia,polyline,3.1,50.0,sim,658391,20190323,13:30,SABADO,-30.104106999999999,-51.222974000000001,AV VICENTE MONTEGGIA,,BOLETIM,0,0,0,0,0,0
P5,Joao Salomoni x Av. da Cavalhada,point,88.2,100.0,sim,658558,20190329,10:00,SEXTA-FEIRA,-30.113871230000001,-51.226286999999999,AV CAVALHADA,,BOLETIM,0,0,0,0,0,1
P4,Corredor Av. Vicente Monteggia,polyline,7.1,50.0,sim,658632,20190401,15:10,SEGUNDA-FEIRA,-30.095172999999999,-51.225712999999999,R DR CAMPOS VELHO,AV CAVALHADA,BOLETIM,0,0,0,0,0,0
P4,Corredor Av. Vicente Monteggia,polyline,3.7,50.0,sim,659148,20190402,07:00,TERCA-FEIRA,-30.112694000000001,-51.213831999999996,AV VICENTE MONTEGGIA,,BOLETIM,2,0,0,1,0,0
P4,Corredor Av. Vicente Monteggia,polyline,7.1,50.0,sim,658711,20190404,11:00,QUINTA-FEIRA,-30.095172999999999,-51.225712999999999,R DR CAMPOS VELHO,AV CAVALHADA,BOLETIM,0,0,0,0,0,0
P8,Estr. Costa Gama x Estr. Afonso Lourenco Mariante,point,43.9,100.0,sim,659374,20190407,15:40,DOMINGO,-30.114829310000001,-51.176859999999998,ESTR COSTA GAMA,,BOLETIM,1,0,0,1,0,0
P4,Corredor Av. Vicente Monteggia,polyline,7.1,50.0,sim,658832,20190409,11:35,TERCA-FEIRA,-30.095172949999998,-51.225712999999999,AV VICENTE MONTEGGIA,AV CAVALHADA,BOLETIM,0,0,0,0,0,0
P3,Acesso Av. Vicente Monteggia via Joao Salomoni/Rodrigues,point,66.2,100.0,sim,659507,20190412,08:33,SEXTA-FEIRA,-30.115426469999999,-51.213163000000002,ESTR JOAO SALOMONI,,BOLETIM,0,0,0,0,0,0
P4,Corredor Av. Vicente Monteggia,polyline,61.6,50.0,nao_contexto,659507,20190412,08:33,SEXTA-FEIRA,-30.115426469999999,-51.213163000000002,ESTR JOAO SALOMONI,,BOLETIM,0,0,0,0,0,0
P5,Joao Salomoni x Av. da Cavalhada,point,13.9,100.0,sim,659737,20190420,11:25,SABADO,-30.113049820000001,-51.226367560000000,ESTR JOAO SALAMONI,AV CAVALHADA,BOLETIM,0,0,0,0,0,0
P2,Confluencia Cristiano Kraemer x Belem Velho x Monte Cristo,point,52.9,100.0,sim,659845,20190424,20:05,QUARTA-FEIRA,-30.117709999999999,-51.206882000000000,ESTR CRISTIANO KRAEMER,,BOLETIM,0,0,0,0,0,0
P4,Corredor Av. Vicente Monteggia,polyline,2.4,50.0,sim,659547,20190425,08:50,QUINTA-FEIRA,-30.109073570000000,-51.220059999999997,AV VICENTE MONTEGGIA,,BOLETIM,1,1,0,1,0,0
P3,Acesso Av. Vicente Monteggia via Joao Salomoni/Rodrigues,point,66.2,100.0,sim,659551,20190425,18:10,QUINTA-FEIRA,-30.115426469999999,-51.213163000000002,ESTR JOAO SALOMONI,,BOLETIM,1,1,0,1,0,0
P4,Corredor Av. Vicente Monteggia,polyline,61.6,50.0,nao_contexto,659551,20190425,18:10,QUINTA-FEIRA,-30.115426469999999,-51.213163000000002,ESTR JOAO SALOMONI,,BOLETIM,1,1,0,1,0,0
P3,Acesso Av. Vicente Monteggia via Joao Salomoni/Rodrigues,point,62.2,100.0,sim,659796,20190429,23:30,SEGUNDA-FEIRA,-30.115658000000000,-51.211860000000001,R ATILIO SUPERTTI,,BOLETIM,2,1,0,1,0,0
P4,Corredor Av. Vicente Monteggia,polyline,55.6,50.0,nao_contexto,659796,20190429,23:30,SEGUNDA-FEIRA,-30.115658000000000,-51.211860000000001,R ATILIO SUPERTTI,,BOLETIM,2,1,0,1,0,0
P8,Estr. Costa Gama x Estr. Afonso Lourenco Mariante,point,0.6,100.0,sim,660060,20190430,11:10,TERCA-FEIRA,-30.115180840000001,-51.177064000000001,ESTR COSTA GAMA,ESTR AFONSO LOURENCO MARIANTE,BOLETIM,0,0,0,0,0,0
P1,Rotula Estr. 3 Meninas x Estr. Cristiano Kraemer,point,179.5,100.0,nao_contexto,660142,20190503,08:05,SEXTA-FEIRA,-30.117291000000002,-51.204636999999998,R JOSE ALVES DE CASTRO,,BOLETIM,0,0,0,0,0,0
P2,Confluencia Cristiano Kraemer x Belem Velho x Monte Cristo,point,168.4,100.0,nao_contexto,660142,20190503,08:05,SEXTA-FEIRA,-30.117291000000002,-51.204636999999998,R JOSE ALVES DE CASTRO,,BOLETIM,0,0,0,0,0,0
P4,Corredor Av. Vicente Monteggia,polyline,4.3,50.0,sim,660626,20190510,11:20,SEXTA-FEIRA,-30.113217880000001,-51.213234999999997,AV VICENTE MONTEGGIA,,BOLETIM,1,0,0,1,0,0
P4,Corredor Av. Vicente Monteggia,polyline,7.1,50.0,sim,660882,20190513,16:30,SEGUNDA-FEIRA,-30.095172999999999,-51.225712999999999,R DR CAMPOS VELHO,AV CAVALHADA,BOLETIM,0,0,0,0,0,0
P4,Corredor Av. Vicente Monteggia,polyline,6.9,50.0,sim,660878,20190514,21:05,TERCA-FEIRA,-30.107165999999999,-51.222200999999998,AV VICENTE MONTEGGIA,,BOLETIM,1,1,0,1,0,0
P4,Corredor Av. Vicente Monteggia,polyline,13.7,50.0,sim,660899,20190515,13:30,QUARTA-FEIRA,-30.095102950000001,-51.225700000000003,AV NONOAI,,BOLETIM,1,0,0,1,0,0
P2,Confluencia Cristiano Kraemer x Belem Velho x Monte Cristo,point,45.6,100.0,sim,660927,20190517,09:02,SEXTA-FEIRA,-30.117356999999998,-51.205947999999999,AV BELEM VELHO,,BOLETIM,2,0,0,0,0,0
P3,Acesso Av. Vicente Monteggia via Joao Salomoni/Rodrigues,point,0.9,100.0,sim,660960,20190519,15:15,DOMINGO,-30.115501999999999,-51.212471000000001,AV VICENTE MONTEGGIA,AV RODRIGUES DA FONSECA,BOLETIM,1,0,0,1,0,0
P4,Corredor Av. Vicente Monteggia,polyline,4.6,50.0,sim,660960,20190519,15:15,DOMINGO,-30.115501999999999,-51.212471000000001,AV VICENTE MONTEGGIA,AV RODRIGUES DA FONSECA,BOLETIM,1,0,0,1,0,0
P4,Corredor Av. Vicente Monteggia,polyline,81.8,50.0,nao_contexto,660485,20190521,10:00,TERCA-FEIRA,-30.109037000000001,-51.219121000000001,R PROF ASLID GICK,,BOLETIM,0,0,0,0,0,0
P4,Corredor Av. Vicente Monteggia,polyline,0.7,50.0,sim,661203,20190523,07:30,QUINTA-FEIRA,-30.103885890000001,-51.223067999999998,ESTR ARACAJU,AV VICENTE MONTEGGIA,BOLETIM,0,0,0,0,0,0
P4,Corredor Av. Vicente Monteggia,polyline,65.2,50.0,nao_contexto,660556,20190526,11:45,DOMINGO,-30.095571050000000,-51.226318999999997,AV CAVALHADA,,BOLETIM,0,0,0,1,0,0
P9,Entroncamento Rua Santuario x Av. Oscar Pereira,point,31.5,100.0,sim,661095,20190527,19:30,SEGUNDA-FEIRA,-30.096512000000001,-51.177912999999997,AV PROF OSCAR PEREIRA,,BOLETIM,1,0,0,1,0,0
P4,Corredor Av. Vicente Monteggia,polyline,2.1,50.0,sim,660654,20190527,09:10,SEGUNDA-FEIRA,-30.100792999999999,-51.224783000000002,AV OTTO NIEMEYER,AV VICENTE MONTEGGIA,BOLETIM,0,0,0,0,0,0
P4,Corredor Av. Vicente Monteggia,polyline,2.1,50.0,sim,660661,20190528,12:50,TERCA-FEIRA,-30.100792999999999,-51.224783000000002,AV OTTO NIEMEYER,AV VICENTE MONTEGGIA,BOLETIM,0,0,0,0,0,0
P4,Corredor Av. Vicente Monteggia,polyline,3.8,50.0,sim,661220,20190604,18:40,TERCA-FEIRA,-30.097792999999999,-51.224826000000000,AV VICENTE MONTEGGIA,,BOLETIM,1,0,0,1,0,0
P3,Acesso Av. Vicente Monteggia via Joao Salomoni/Rodrigues,point,81.3,100.0,sim,661249,20190606,07:00,QUINTA-FEIRA,-30.114771260000001,-51.212406000000001,AV VICENTE MONTEGGIA,,BOLETIM,1,0,0,1,0,0
P4,Corredor Av. Vicente Monteggia,polyline,0.8,50.0,sim,661249,20190606,07:00,QUINTA-FEIRA,-30.114771260000001,-51.212406000000001,AV VICENTE MONTEGGIA,,BOLETIM,1,0,0,1,0,0
P1,Rotula Estr. 3 Meninas x Estr. Cristiano Kraemer,point,181.0,100.0,nao_contexto,661580,20190606,14:00,QUINTA-FEIRA,-30.119911110000000,-51.202852999999998,ESTR CRISTIANO KRAEMER,,BOLETIM,0,0,0,0,0,0
P1,Rotula Estr. 3 Meninas x Estr. Cristiano Kraemer,point,32.6,100.0,sim,661266,20190607,07:50,SEXTA-FEIRA,-30.118130359999999,-51.202922000000001,ESTR DAS TRES MENINAS,,BOLETIM,1,0,0,1,0,0
P4,Corredor Av. Vicente Monteggia,polyline,3.2,50.0,sim,661331,20190611,13:30,TERCA-FEIRA,-30.097559159999999,-51.224617000000002,AV VICENTE MONTEGGIA,,BOLETIM,1,0,0,0,0,0
P5,Joao Salomoni x Av. da Cavalhada,point,4.0,100.0,sim,661696,20190611,13:45,TERCA-FEIRA,-30.113088410000000,-51.226539000000002,AV CAVALHADA,,BOLETIM,0,0,0,0,0,0
P5,Joao Salomoni x Av. da Cavalhada,point,8.5,100.0,sim,661745,20190614,12:30,SEXTA-FEIRA,-30.113078399999999,-51.226415000000003,AV CAVALHADA,,BOLETIM,0,0,0,0,0,0
P2,Confluencia Cristiano Kraemer x Belem Velho x Monte Cristo,point,30.0,100.0,sim,661764,20190615,12:30,SABADO,-30.117768880000000,-51.206558000000001,ESTR CRISTIANO KRAEMER,,BOLETIM,0,0,0,0,0,0
P4,Corredor Av. Vicente Monteggia,polyline,0.0,50.0,sim,661540,20190621,19:40,SEXTA-FEIRA,-30.096596000000002,-51.224853000000003,AV VICENTE MONTEGGIA,,BOLETIM,1,0,0,0,0,0
P4,Corredor Av. Vicente Monteggia,polyline,3.4,50.0,sim,668699,20190621,00:52,SEXTA-FEIRA,-30.098381000000000,-51.225245000000001,AV VICENTE MONTEGGIA,,BOLETIM,1,0,0,1,0,0
P5,Joao Salomoni x Av. da Cavalhada,point,13.9,100.0,sim,662070,20190628,13:05,SEXTA-FEIRA,-30.113049820000001,-51.226367560000000,ESTR JOAO SALAMONI,AV CAVALHADA,BOLETIM,0,0,0,0,0,0
P4,Corredor Av. Vicente Monteggia,polyline,0.6,50.0,sim,661817,20190630,09:48,DOMINGO,-30.108287000000001,-51.220917999999998,AV VICENTE MONTEGGIA,,BOLETIM,1,0,0,1,0,0
P8,Estr. Costa Gama x Estr. Afonso Lourenco Mariante,point,195.7,100.0,nao_contexto,662173,20190703,08:10,QUARTA-FEIRA,-30.113424909999999,-51.177225000000000,R DR SARMENTO BARATA,,BOLETIM,0,0,0,1,0,0
P5,Joao Salomoni x Av. da Cavalhada,point,47.5,100.0,sim,662482,20190706,10:30,SABADO,-30.112677999999999,-51.226578000000003,AV CAVALHADA,,BOLETIM,1,0,0,1,0,0
P4,Corredor Av. Vicente Monteggia,polyline,48.9,50.0,sim,662352,20190709,11:30,TERCA-FEIRA,-30.094957000000001,-51.226264000000000,R DR CAMPOS VELHO,,BOLETIM,1,0,0,1,0,1
P4,Corredor Av. Vicente Monteggia,polyline,7.1,50.0,sim,662532,20190709,08:25,TERCA-FEIRA,-30.095172949999998,-51.225712999999999,AV VICENTE MONTEGGIA,AV CAVALHADA,BOLETIM,0,0,0,1,0,0
P4,Corredor Av. Vicente Monteggia,polyline,2.7,50.0,sim,662353,20190709,15:00,TERCA-FEIRA,-30.098398000000000,-51.225183000000001,AV VICENTE MONTEGGIA,,BOLETIM,1,0,0,1,0,0
P4,Corredor Av. Vicente Monteggia,polyline,3.7,50.0,sim,662424,20190710,16:10,QUARTA-FEIRA,-30.096128000000000,-51.225147999999997,AV VICENTE MONTEGGIA,,BOLETIM,1,0,0,1,0,0
P4,Corredor Av. Vicente Monteggia,polyline,86.8,50.0,nao_contexto,663441,20190712,21:35,SEXTA-FEIRA,-30.094788000000001,-51.226605999999997,R DR CAMPOS VELHO,,BOLETIM,0,0,0,0,0,0
P4,Corredor Av. Vicente Monteggia,polyline,5.2,50.0,sim,662603,20190712,21:30,SEXTA-FEIRA,-30.103334810000000,-51.223125000000003,AV VICENTE MONTEGGIA,,BOLETIM,1,0,0,1,0,0
P6,Rota Florestan Fernandes / Estrada Kanazawa,polyline,66.7,50.0,nao_contexto,662674,20190713,13:30,SABADO,-30.121638529999998,-51.194552000000002,ESTR DAS TRES MENINAS,,BOLETIM,0,0,0,0,0,0
P2,Confluencia Cristiano Kraemer x Belem Velho x Monte Cristo,point,87.1,100.0,sim,662692,20190715,14:00,SEGUNDA-FEIRA,-30.117305399999999,-51.207216000000003,AV RODRIGUES DA FONSECA,,BOLETIM,0,0,0,0,0,0
P4,Corredor Av. Vicente Monteggia,polyline,4.1,50.0,sim,662797,20190717,16:10,QUARTA-FEIRA,-30.097698999999999,-51.224773999999996,AV VICENTE MONTEGGIA,,BOLETIM,0,0,0,0,0,0
P5,Joao Salomoni x Av. da Cavalhada,point,54.2,100.0,sim,662798,20190717,17:30,QUARTA-FEIRA,-30.113582000000001,-51.226419000000000,AV CAVALHADA,,BOLETIM,0,0,0,0,0,0
P4,Corredor Av. Vicente Monteggia,polyline,0.0,50.0,sim,662734,20190719,08:25,SEXTA-FEIRA,-30.100758610000000,-51.224733000000001,AV VICENTE MONTEGGIA,,BOLETIM,0,0,0,0,0,0
P5,Joao Salomoni x Av. da Cavalhada,point,101.2,100.0,nao_contexto,662934,20190721,18:30,DOMINGO,-30.112214099999999,-51.226742000000002,AV CAVALHADA,,BOLETIM,0,0,0,0,0,0
P2,Confluencia Cristiano Kraemer x Belem Velho x Monte Cristo,point,30.0,100.0,sim,662917,20190725,12:20,QUINTA-FEIRA,-30.117768880000000,-51.206558000000001,ESTR CRISTIANO KRAEMER,,BOLETIM,1,0,0,1,0,0
P9,Entroncamento Rua Santuario x Av. Oscar Pereira,point,24.9,100.0,sim,663181,20190802,11:25,SEXTA-FEIRA,-30.096579999999999,-51.177914999999999,AV PROF OSCAR PEREIRA,,BOLETIM,1,1,0,1,0,0
P1,Rotula Estr. 3 Meninas x Estr. Cristiano Kraemer,point,68.5,100.0,sim,663183,20190802,01:00,SEXTA-FEIRA,-30.118062890000001,-51.202537999999997,ESTR DAS TRES MENINAS,,BOLETIM,1,0,0,0,0,0
P5,Joao Salomoni x Av. da Cavalhada,point,13.9,100.0,sim,663294,20190803,18:30,SABADO,-30.113049820000001,-51.226367560000000,ESTR JOAO SALAMONI,AV CAVALHADA,BOLETIM,0,0,0,0,0,0
P3,Acesso Av. Vicente Monteggia via Joao Salomoni/Rodrigues,point,121.7,100.0,nao_contexto,663244,20190804,03:40,DOMINGO,-30.115246849999998,-51.213711000000004,ESTR JOAO SALOMONI,,BOLETIM,2,0,0,0,0,0
P4,Corredor Av. Vicente Monteggia,polyline,1.3,50.0,sim,663248,20190805,17:15,SEGUNDA-FEIRA,-30.100473999999998,-51.224921999999999,AV VICENTE MONTEGGIA,,BOLETIM,2,0,0,0,0,0
P6,Rota Florestan Fernandes / Estrada Kanazawa,polyline,66.7,50.0,nao_contexto,663731,20190807,09:17,QUARTA-FEIRA,-30.121638529999998,-51.194552000000002,ESTR DAS TRES MENINAS,,BOLETIM,1,0,0,0,0,0
P4,Corredor Av. Vicente Monteggia,polyline,0.2,50.0,sim,663592,20190808,15:00,QUINTA-FEIRA,-30.102560000000000,-51.223368999999998,AV VICENTE MONTEGGIA,,BOLETIM,0,0,0,0,0,0
P3,Acesso Av. Vicente Monteggia via Joao Salomoni/Rodrigues,point,124.1,100.0,nao_contexto,663554,20190813,17:00,TERCA-FEIRA,-30.115770000000001,-51.211227999999998,AV RODRIGUES DA FONSECA,,BOLETIM,1,0,0,1,0,0
P8,Estr. Costa Gama x Estr. Afonso Lourenco Mariante,point,43.5,100.0,sim,663724,20190815,01:00,QUINTA-FEIRA,-30.114820999999999,-51.176890000000000,ESTR COSTA GAMA,,BOLETIM,0,0,0,0,0,0
P2,Confluencia Cristiano Kraemer x Belem Velho x Monte Cristo,point,17.2,100.0,sim,664197,20190816,17:00,SEXTA-FEIRA,-30.117466000000000,-51.206218000000000,AV BELEM VELHO,,BOLETIM,1,0,0,1,0,0
P3,Acesso Av. Vicente Monteggia via Joao Salomoni/Rodrigues,point,154.9,100.0,nao_contexto,664173,20190821,15:05,QUARTA-FEIRA,-30.114111630000000,-51.212612999999997,AV VICENTE MONTEGGIA,,BOLETIM,1,0,0,0,0,0
P4,Corredor Av. Vicente Monteggia,polyline,5.2,50.0,sim,664173,20190821,15:05,QUARTA-FEIRA,-30.114111630000000,-51.212612999999997,AV VICENTE MONTEGGIA,,BOLETIM,1,0,0,0,0,0
P5,Joao Salomoni x Av. da Cavalhada,point,13.9,100.0,sim,664282,20190823,19:26,SEXTA-FEIRA,-30.113049820000001,-51.226367560000000,ESTR JOAO SALAMONI,AV CAVALHADA,BOLETIM,0,0,0,0,0,0
P5,Joao Salomoni x Av. da Cavalhada,point,4.0,100.0,sim,664162,20190824,15:45,SABADO,-30.113088410000000,-51.226539000000002,AV CAVALHADA,,BOLETIM,0,0,0,0,0,0
P5,Joao Salomoni x Av. da Cavalhada,point,4.0,100.0,sim,663976,20190824,16:00,SABADO,-30.113088410000000,-51.226539000000002,AV CAVALHADA,,BOLETIM,1,0,0,0,0,0
P4,Corredor Av. Vicente Monteggia,polyline,14.4,50.0,sim,664436,20190831,02:05,SABADO,-30.095066679999999,-51.225630000000002,AV NONOAI,,BOLETIM,0,0,0,0,0,0
P6,Rota Florestan Fernandes / Estrada Kanazawa,polyline,1.6,50.0,sim,664493,20190901,20:30,DOMINGO,-30.117538000000000,-51.184246999999999,AV BELEM VELHO,ESTR KANAZAWA,BOLETIM,0,0,0,0,0,0
P5,Joao Salomoni x Av. da Cavalhada,point,4.0,100.0,sim,664321,20190902,10:30,SEGUNDA-FEIRA,-30.113088410000000,-51.226539000000002,AV CAVALHADA,,BOLETIM,1,0,0,1,0,0
P3,Acesso Av. Vicente Monteggia via Joao Salomoni/Rodrigues,point,85.4,100.0,sim,664418,20190903,08:30,TERCA-FEIRA,-30.115711000000001,-51.211626000000003,AV RODRIGUES DA FONSECA,,BOLETIM,1,0,0,0,0,0
P4,Corredor Av. Vicente Monteggia,polyline,78.9,50.0,nao_contexto,664418,20190903,08:30,TERCA-FEIRA,-30.115711000000001,-51.211626000000003,AV RODRIGUES DA FONSECA,,BOLETIM,1,0,0,0,0,0
P4,Corredor Av. Vicente Monteggia,polyline,3.6,50.0,sim,664589,20190904,08:10,QUARTA-FEIRA,-30.107367910000001,-51.221922999999997,AV VICENTE MONTEGGIA,,BOLETIM,0,0,0,0,0,0
P4,Corredor Av. Vicente Monteggia,polyline,5.9,50.0,sim,665070,20190906,08:13,SEXTA-FEIRA,-30.109412970000001,-51.219780000000000,AV VICENTE MONTEGGIA,,BOLETIM,2,0,0,0,0,0
P4,Corredor Av. Vicente Monteggia,polyline,2.9,50.0,sim,664776,20190912,19:00,QUINTA-FEIRA,-30.111118999999999,-51.218454000000001,AV VICENTE MONTEGGIA,,BOLETIM,1,1,0,1,0,0
P3,Acesso Av. Vicente Monteggia via Joao Salomoni/Rodrigues,point,117.7,100.0,nao_contexto,664804,20190912,23:30,QUINTA-FEIRA,-30.116520999999999,-51.212156000000000,R ATILIO SUPERTTI,,BOLETIM,2,0,0,2,0,0
P8,Estr. Costa Gama x Estr. Afonso Lourenco Mariante,point,84.9,100.0,sim,665054,20190915,16:15,DOMINGO,-30.115930140000000,-51.177236000000001,ESTR COSTA GAMA,,BOLETIM,0,0,0,0,0,0
P2,Confluencia Cristiano Kraemer x Belem Velho x Monte Cristo,point,151.1,100.0,nao_contexto,664855,20190916,18:30,SEGUNDA-FEIRA,-30.117867000000000,-51.207889999999999,AV MONTE CRISTO,,BOLETIM,1,0,0,1,0,0
P4,Corredor Av. Vicente Monteggia,polyline,1.3,50.0,sim,665178,20190918,09:45,QUARTA-FEIRA,-30.095925000000001,-51.225230000000003,AV VICENTE MONTEGGIA,,BOLETIM,0,0,0,0,0,0
P4,Corredor Av. Vicente Monteggia,polyline,3.0,50.0,sim,665209,20190919,13:49,QUINTA-FEIRA,-30.109435000000001,-51.219799999999999,AV VICENTE MONTEGGIA,,BOLETIM,0,0,0,0,0,0
P9,Entroncamento Rua Santuario x Av. Oscar Pereira,point,19.1,100.0,sim,665898,20190928,18:30,SABADO,-30.096613999999999,-51.177965999999998,AV PROF OSCAR PEREIRA,,BOLETIM,0,0,0,0,0,0
P4,Corredor Av. Vicente Monteggia,polyline,3.8,50.0,sim,665970,20191003,23:00,QUINTA-FEIRA,-30.097792999999999,-51.224826000000000,AV VICENTE MONTEGGIA,,BOLETIM,0,0,0,0,0,0
P3,Acesso Av. Vicente Monteggia via Joao Salomoni/Rodrigues,point,9.1,100.0,sim,666395,20191005,16:00,SABADO,-30.115423610000001,-51.212513999999999,AV VICENTE MONTEGGIA,,BOLETIM,1,0,0,1,0,0
P4,Corredor Av. Vicente Monteggia,polyline,2.5,50.0,sim,666395,20191005,16:00,SABADO,-30.115423610000001,-51.212513999999999,AV VICENTE MONTEGGIA,,BOLETIM,1,0,0,1,0,0
P2,Confluencia Cristiano Kraemer x Belem Velho x Monte Cristo,point,67.2,100.0,sim,665671,20191006,14:23,DOMINGO,-30.117653000000001,-51.205669999999998,ESTR CRISTIANO KRAEMER,,BOLETIM,0,0,0,0,0,0
P5,Joao Salomoni x Av. da Cavalhada,point,101.2,100.0,nao_contexto,666211,20191015,13:00,TERCA-FEIRA,-30.112214099999999,-51.226742000000002,AV CAVALHADA,,BOLETIM,0,0,0,0,0,0
P3,Acesso Av. Vicente Monteggia via Joao Salomoni/Rodrigues,point,85.4,100.0,sim,666155,20191015,20:40,TERCA-FEIRA,-30.115711000000001,-51.211626000000003,AV RODRIGUES DA FONSECA,,BOLETIM,1,1,0,1,0,0
P4,Corredor Av. Vicente Monteggia,polyline,78.9,50.0,nao_contexto,666155,20191015,20:40,TERCA-FEIRA,-30.115711000000001,-51.211626000000003,AV RODRIGUES DA FONSECA,,BOLETIM,1,1,0,1,0,0
P4,Corredor Av. Vicente Monteggia,polyline,3.6,50.0,sim,666185,20191017,08:00,QUINTA-FEIRA,-30.106065640000001,-51.222419000000002,AV VICENTE MONTEGGIA,,BOLETIM,1,0,0,1,0,0
P2,Confluencia Cristiano Kraemer x Belem Velho x Monte Cristo,point,23.1,100.0,sim,666494,20191024,20:00,QUINTA-FEIRA,-30.117736940000000,-51.206485000000001,ESTR CRISTIANO KRAEMER,,BOLETIM,1,1,0,1,0,0
P2,Confluencia Cristiano Kraemer x Belem Velho x Monte Cristo,point,100.7,100.0,nao_contexto,666751,20191025,14:10,SEXTA-FEIRA,-30.117260000000002,-51.207348000000003,AV RODRIGUES DA FONSECA,,BOLETIM,0,0,0,1,0,0
P4,Corredor Av. Vicente Monteggia,polyline,3.8,50.0,sim,666757,20191026,15:40,SABADO,-30.097992000000001,-51.224957000000003,AV VICENTE MONTEGGIA,,BOLETIM,0,0,0,0,0,0
P5,Joao Salomoni x Av. da Cavalhada,point,109.6,100.0,nao_contexto,666725,20191030,07:30,QUARTA-FEIRA,-30.112139700000000,-51.226754999999997,AV CAVALHADA,,BOLETIM,1,0,0,0,1,0
P5,Joao Salomoni x Av. da Cavalhada,point,4.0,100.0,sim,667144,20191101,12:00,SEXTA-FEIRA,-30.113088410000000,-51.226539000000002,AV CAVALHADA,,BOLETIM,0,0,0,0,0,0
P2,Confluencia Cristiano Kraemer x Belem Velho x Monte Cristo,point,112.1,100.0,nao_contexto,667187,20191104,11:55,SEGUNDA-FEIRA,-30.117712650000001,-51.207512000000001,AV MONTE CRISTO,,BOLETIM,0,0,0,0,0,0
P2,Confluencia Cristiano Kraemer x Belem Velho x Monte Cristo,point,112.1,100.0,nao_contexto,666943,20191104,12:12,SEGUNDA-FEIRA,-30.117712650000001,-51.207512000000001,AV MONTE CRISTO,,BOLETIM,0,0,0,0,0,0
P4,Corredor Av. Vicente Monteggia,polyline,7.1,50.0,sim,666975,20191105,11:00,TERCA-FEIRA,-30.095172999999999,-51.225712999999999,R DR CAMPOS VELHO,AV CAVALHADA,BOLETIM,0,0,0,0,0,0
P1,Rotula Estr. 3 Meninas x Estr. Cristiano Kraemer,point,178.1,100.0,nao_contexto,667392,20191105,22:40,TERCA-FEIRA,-30.118281000000000,-51.201338999999997,ESTR DAS TRES MENINAS,,BOLETIM,0,0,0,0,0,0
P4,Corredor Av. Vicente Monteggia,polyline,7.1,50.0,sim,667192,20191106,08:10,QUARTA-FEIRA,-30.095172999999999,-51.225712999999999,R DR CAMPOS VELHO,AV CAVALHADA,BOLETIM,0,0,0,0,0,0
P9,Entroncamento Rua Santuario x Av. Oscar Pereira,point,25.5,100.0,sim,667815,20191106,06:50,QUARTA-FEIRA,-30.096593500000001,-51.177886999999998,AV PROF OSCAR PEREIRA,,BOLETIM,1,0,0,0,0,0
P4,Corredor Av. Vicente Monteggia,polyline,3.8,50.0,sim,667195,20191106,18:00,QUARTA-FEIRA,-30.097992000000001,-51.224957000000003,AV VICENTE MONTEGGIA,,BOLETIM,0,0,0,1,0,0
P4,Corredor Av. Vicente Monteggia,polyline,2.1,50.0,sim,667709,20191107,14:00,QUINTA-FEIRA,-30.100792999999999,-51.224783000000002,AV OTTO NIEMEYER,AV VICENTE MONTEGGIA,BOLETIM,0,0,0,0,0,0
P4,Corredor Av. Vicente Monteggia,polyline,55.5,50.0,nao_contexto,667126,20191109,13:52,SABADO,-30.095584440000000,-51.226157000000001,AV CAVALHADA,,BOLETIM,1,0,0,1,0,0
P4,Corredor Av. Vicente Monteggia,polyline,3.2,50.0,sim,667893,20191110,09:00,DOMINGO,-30.097559159999999,-51.224617000000002,AV VICENTE MONTEGGIA,,BOLETIM,1,0,0,1,0,0
P5,Joao Salomoni x Av. da Cavalhada,point,13.9,100.0,sim,667411,20191110,20:00,DOMINGO,-30.113049820000001,-51.226367560000000,ESTR JOAO SALAMONI,AV CAVALHADA,BOLETIM,0,0,0,0,0,0
P4,Corredor Av. Vicente Monteggia,polyline,6.1,50.0,sim,667414,20191112,19:40,TERCA-FEIRA,-30.100397019999999,-51.224930000000001,AV VICENTE MONTEGGIA,,BOLETIM,0,0,0,0,0,1
P2,Confluencia Cristiano Kraemer x Belem Velho x Monte Cristo,point,100.5,100.0,nao_contexto,667306,20191113,20:30,QUARTA-FEIRA,-30.117564150000000,-51.205314999999999,ESTR CRISTIANO KRAEMER,,BOLETIM,0,0,0,0,0,0
P5,Joao Salomoni x Av. da Cavalhada,point,13.9,100.0,sim,667468,20191114,13:10,QUINTA-FEIRA,-30.113049820000001,-51.226367560000000,ESTR JOAO SALAMONI,AV CAVALHADA,BOLETIM,0,0,0,0,0,0
P5,Joao Salomoni x Av. da Cavalhada,point,4.0,100.0,sim,667469,20191114,14:00,QUINTA-FEIRA,-30.113088410000000,-51.226539000000002,AV CAVALHADA,,BOLETIM,0,0,0,0,0,0
P2,Confluencia Cristiano Kraemer x Belem Velho x Monte Cristo,point,30.0,100.0,sim,667466,20191114,08:40,QUINTA-FEIRA,-30.117768880000000,-51.206558000000001,ESTR CRISTIANO KRAEMER,,BOLETIM,0,0,0,0,0,0
P6,Rota Florestan Fernandes / Estrada Kanazawa,polyline,32.3,50.0,sim,667312,20191114,22:30,QUINTA-FEIRA,-30.119847830000001,-51.197226000000001,ESTR DAS TRES MENINAS,,BOLETIM,0,0,0,0,0,0
P4,Corredor Av. Vicente Monteggia,polyline,4.1,50.0,sim,667482,20191116,14:40,SABADO,-30.097698999999999,-51.224773999999996,AV VICENTE MONTEGGIA,,BOLETIM,0,0,0,0,0,0
P7,Estr. 3 Meninas x Estr. Costa Gama,point,185.1,100.0,nao_contexto,667481,20191116,13:30,SABADO,-30.135313000000000,-51.175144000000003,ESTR COSTA GAMA,,BOLETIM,0,0,0,0,0,0
P2,Confluencia Cristiano Kraemer x Belem Velho x Monte Cristo,point,70.3,100.0,sim,667453,20191118,08:45,SEGUNDA-FEIRA,-30.117472209999999,-51.207084000000002,AV MONTE CRISTO,,BOLETIM,0,0,0,0,0,0
P2,Confluencia Cristiano Kraemer x Belem Velho x Monte Cristo,point,38.2,100.0,sim,667677,20191122,06:30,SEXTA-FEIRA,-30.117660999999998,-51.206740000000003,AV RODRIGUES DA FONSECA,,BOLETIM,1,0,0,0,0,0
P4,Corredor Av. Vicente Monteggia,polyline,1.9,50.0,sim,667768,20191123,07:30,SABADO,-30.099589000000002,-51.225316999999997,AV VICENTE MONTEGGIA,,BOLETIM,0,0,0,0,0,0
P4,Corredor Av. Vicente Monteggia,polyline,4.5,50.0,sim,667644,20191123,07:01,SABADO,-30.112461000000000,-51.214455000000001,AV VICENTE MONTEGGIA,,BOLETIM,1,1,0,1,0,0
P4,Corredor Av. Vicente Monteggia,polyline,4.7,50.0,sim,667736,20191125,18:00,SEGUNDA-FEIRA,-30.095149280000001,-51.225779000000003,AV CAVALHADA,,BOLETIM,2,0,0,1,0,0
P5,Joao Salomoni x Av. da Cavalhada,point,13.9,100.0,sim,667788,20191125,18:50,SEGUNDA-FEIRA,-30.113049820000001,-51.226367560000000,ESTR JOAO SALAMONI,AV CAVALHADA,BOLETIM,0,0,0,0,0,0
P4,Corredor Av. Vicente Monteggia,polyline,3.8,50.0,sim,669749,20191126,18:55,TERCA-FEIRA,-30.097792999999999,-51.224826000000000,AV VICENTE MONTEGGIA,,BOLETIM,2,0,0,1,0,0
P4,Corredor Av. Vicente Monteggia,polyline,7.1,50.0,sim,668080,20191127,01:30,QUARTA-FEIRA,-30.095172999999999,-51.225712999999999,R DR CAMPOS VELHO,AV NONOAI,BOLETIM,0,0,0,0,0,0
P2,Confluencia Cristiano Kraemer x Belem Velho x Monte Cristo,point,182.0,100.0,nao_contexto,668477,20191129,11:50,SEXTA-FEIRA,-30.118000620000000,-51.208182000000001,AV MONTE CRISTO,,BOLETIM,1,1,0,0,0,0
P9,Entroncamento Rua Santuario x Av. Oscar Pereira,point,63.7,100.0,sim,668059,20191130,13:00,SABADO,-30.096966999999999,-51.178683999999997,R SANTUARIO,,BOLETIM,1,0,0,1,0,0
P1,Rotula Estr. 3 Meninas x Estr. Cristiano Kraemer,point,11.1,100.0,sim,667967,20191130,13:48,SABADO,-30.118403380000000,-51.203149000000003,ESTR CRISTIANO KRAEMER,,BOLETIM,1,0,0,1,0,0
P4,Corredor Av. Vicente Monteggia,polyline,1.9,50.0,sim,668181,20191204,18:00,QUARTA-FEIRA,-30.105878000000001,-51.222534000000003,AV VICENTE MONTEGGIA,,BOLETIM,1,0,0,1,0,0
P4,Corredor Av. Vicente Monteggia,polyline,3.2,50.0,sim,668537,20191206,03:00,SEXTA-FEIRA,-30.111024520000001,-51.218603000000002,AV VICENTE MONTEGGIA,,BOLETIM,0,0,0,0,0,0
P8,Estr. Costa Gama x Estr. Afonso Lourenco Mariante,point,0.6,100.0,sim,668512,20191211,08:50,QUARTA-FEIRA,-30.115180840000001,-51.177064000000001,ESTR COSTA GAMA,ESTR AFONSO LOURENCO MARIANTE,BOLETIM,0,0,0,0,0,0
P4,Corredor Av. Vicente Monteggia,polyline,65.2,50.0,nao_contexto,668971,20191212,11:50,QUINTA-FEIRA,-30.095571050000000,-51.226318999999997,AV CAVALHADA,,BOLETIM,1,1,0,1,0,0
P5,Joao Salomoni x Av. da Cavalhada,point,8.5,100.0,sim,668578,20191214,23:00,SABADO,-30.113078399999999,-51.226415000000003,AV CAVALHADA,,BOLETIM,3,0,0,0,0,0
P4,Corredor Av. Vicente Monteggia,polyline,55.5,50.0,nao_contexto,668863,20191221,02:30,SABADO,-30.095584440000000,-51.226157000000001,AV CAVALHADA,,BOLETIM,0,0,0,0,0,0
P4,Corredor Av. Vicente Monteggia,polyline,7.1,50.0,sim,669186,20191228,15:00,SABADO,-30.095172949999998,-51.225712999999999,AV VICENTE MONTEGGIA,AV CAVALHADA,BOLETIM,0,0,0,0,0,0
P2,Confluencia Cristiano Kraemer x Belem Velho x Monte Cristo,point,108.4,100.0,nao_contexto,669187,20191229,12:10,DOMINGO,-30.117272000000000,-51.207436999999999,AV RODRIGUES DA FONSECA,,BOLETIM,0,0,0,0,0,0
P1,Rotula Estr. 3 Meninas x Estr. Cristiano Kraemer,point,153.2,100.0,nao_contexto,669768,20191230,10:00,SEGUNDA-FEIRA,-30.118126000000000,-51.201611000000000,ESTR DAS TRES MENINAS,,BOLETIM,0,0,0,0,0,0
P4,Corredor Av. Vicente Monteggia,polyline,10.3,50.0,sim,669080,20191231,08:30,TERCA-FEIRA,-30.103214980000001,-51.223317999999999,AV VICENTE MONTEGGIA,,BOLETIM,1,0,0,1,0,0
P4,Corredor Av. Vicente Monteggia,polyline,89.3,50.0,nao_contexto,669285,20200104,03:00,SABADO,-30.094604980000000,-51.224896999999999,AV NONOAI,,BOLETIM,0,0,0,0,0,0
P4,Corredor Av. Vicente Monteggia,polyline,48.9,50.0,sim,669168,20200105,12:30,DOMINGO,-30.094957000000001,-51.226264000000000,R DR CAMPOS VELHO,,BOLETIM,1,0,0,1,0,0
P4,Corredor Av. Vicente Monteggia,polyline,4.7,50.0,sim,669625,20200107,20:39,TERCA-FEIRA,-30.095149280000001,-51.225779000000003,AV CAVALHADA,,BOLETIM,0,0,0,0,0,0
P4,Corredor Av. Vicente Monteggia,polyline,5.5,50.0,sim,669440,20200110,09:15,SEXTA-FEIRA,-30.103728860000000,-51.223149999999997,AV VICENTE MONTEGGIA,,BOLETIM,0,0,0,0,0,0
P4,Corredor Av. Vicente Monteggia,polyline,4.9,50.0,sim,669386,20200111,14:10,SABADO,-30.100330629999998,-51.224994000000002,AV VICENTE MONTEGGIA,,BOLETIM,1,0,0,1,0,0
P4,Corredor Av. Vicente Monteggia,polyline,5.3,50.0,sim,669457,20200113,13:30,SEGUNDA-FEIRA,-30.103694090000001,-51.223154999999998,AV VICENTE MONTEGGIA,,BOLETIM,1,0,0,1,0,0
P3,Acesso Av. Vicente Monteggia via Joao Salomoni/Rodrigues,point,78.4,100.0,sim,669519,20200114,19:45,TERCA-FEIRA,-30.115293760000000,-51.213259000000001,ESTR JOAO SALOMONI,,BOLETIM,1,1,0,1,0,0
P4,Corredor Av. Vicente Monteggia,polyline,74.6,50.0,nao_contexto,669519,20200114,19:45,TERCA-FEIRA,-30.115293760000000,-51.213259000000001,ESTR JOAO SALOMONI,,BOLETIM,1,1,0,1,0,0
P5,Joao Salomoni x Av. da Cavalhada,point,40.5,100.0,sim,669569,20200118,12:30,SABADO,-30.113460000000000,-51.226433999999998,AV CAVALHADA,,BOLETIM,1,0,0,0,1,1
P4,Corredor Av. Vicente Monteggia,polyline,0.8,50.0,sim,669723,20200122,15:00,QUARTA-FEIRA,-30.105132000000001,-51.222724999999997,AV VICENTE MONTEGGIA,,BOLETIM,1,1,0,1,0,0
P4,Corredor Av. Vicente Monteggia,polyline,3.6,50.0,sim,669833,20200124,15:00,SEXTA-FEIRA,-30.107367910000001,-51.221922999999997,AV VICENTE MONTEGGIA,,BOLETIM,1,0,0,0,0,0
P4,Corredor Av. Vicente Monteggia,polyline,7.1,50.0,sim,670016,20200130,10:40,QUINTA-FEIRA,-30.095172999999999,-51.225712999999999,R DR CAMPOS VELHO,AV NONOAI,BOLETIM,0,0,0,0,0,0
P4,Corredor Av. Vicente Monteggia,polyline,3.5,50.0,sim,670086,20200201,14:55,SABADO,-30.100151000000000,-51.225121000000001,AV VICENTE MONTEGGIA,,BOLETIM,0,0,0,0,0,0
P5,Joao Salomoni x Av. da Cavalhada,point,4.0,100.0,sim,670160,20200203,17:30,SEGUNDA-FEIRA,-30.113088410000000,-51.226539000000002,AV CAVALHADA,,BOLETIM,0,0,0,0,0,0
P8,Estr. Costa Gama x Estr. Afonso Lourenco Mariante,point,26.2,100.0,sim,670228,20200204,20:00,TERCA-FEIRA,-30.114972000000002,-51.176941999999997,ESTR COSTA GAMA,,BOLETIM,1,1,0,1,0,0
P4,Corredor Av. Vicente Monteggia,polyline,0.8,50.0,sim,670959,20200205,18:45,QUARTA-FEIRA,-30.105544999999999,-51.222620999999997,AV VICENTE MONTEGGIA,,BOLETIM,1,0,0,1,0,0
P8,Estr. Costa Gama x Estr. Afonso Lourenco Mariante,point,25.1,100.0,sim,670215,20200205,18:00,QUARTA-FEIRA,-30.114968999999999,-51.176976000000003,ESTR COSTA GAMA,,BOLETIM,0,0,0,0,0,0
P5,Joao Salomoni x Av. da Cavalhada,point,13.9,100.0,sim,670301,20200206,09:00,QUINTA-FEIRA,-30.113049820000001,-51.226367560000000,ESTR JOAO SALAMONI,AV CAVALHADA,BOLETIM,0,0,0,0,0,0
P2,Confluencia Cristiano Kraemer x Belem Velho x Monte Cristo,point,188.6,100.0,nao_contexto,670495,20200209,21:10,DOMINGO,-30.115953980000000,-51.206989000000000,R MIGUEL ASCOLEZE,,BOLETIM,0,0,0,0,0,0
P4,Corredor Av. Vicente Monteggia,polyline,14.4,50.0,sim,670434,20200212,17:10,QUARTA-FEIRA,-30.095066679999999,-51.225630000000002,AV NONOAI,,BOLETIM,1,0,0,0,0,0
P3,Acesso Av. Vicente Monteggia via Joao Salomoni/Rodrigues,point,78.4,100.0,sim,670731,20200221,20:15,SEXTA-FEIRA,-30.115293760000000,-51.213259000000001,ESTR JOAO SALOMONI,,BOLETIM,1,0,0,1,0,0
P4,Corredor Av. Vicente Monteggia,polyline,74.6,50.0,nao_contexto,670731,20200221,20:15,SEXTA-FEIRA,-30.115293760000000,-51.213259000000001,ESTR JOAO SALOMONI,,BOLETIM,1,0,0,1,0,0
P5,Joao Salomoni x Av. da Cavalhada,point,4.0,100.0,sim,670746,20200222,12:15,SABADO,-30.113088410000000,-51.226539000000002,AV CAVALHADA,,BOLETIM,1,0,0,1,0,1
P5,Joao Salomoni x Av. da Cavalhada,point,137.3,100.0,nao_contexto,670820,20200227,10:08,QUINTA-FEIRA,-30.114301999999999,-51.226174999999998,AV CAVALHADA,,BOLETIM,1,0,0,1,0,0
P9,Entroncamento Rua Santuario x Av. Oscar Pereira,point,48.8,100.0,sim,671277,20200229,18:30,SABADO,-30.096381999999998,-51.177813000000000,AV PROF OSCAR PEREIRA,,BOLETIM,0,0,0,0,0,0
P4,Corredor Av. Vicente Monteggia,polyline,1.4,50.0,sim,671024,20200302,20:23,SEGUNDA-FEIRA,-30.112451000000000,-51.215876000000002,AV VICENTE MONTEGGIA,,BOLETIM,1,1,0,0,0,0
P4,Corredor Av. Vicente Monteggia,polyline,50.5,50.0,nao_contexto,671561,20200308,03:50,DOMINGO,-30.094889999999999,-51.225141999999998,AV NONOAI,,BOLETIM,0,0,0,0,0,0
P2,Confluencia Cristiano Kraemer x Belem Velho x Monte Cristo,point,30.0,100.0,sim,671912,20200308,10:30,DOMINGO,-30.117768880000000,-51.206558000000001,ESTR CRISTIANO KRAEMER,,BOLETIM,1,0,0,1,0,0
P2,Confluencia Cristiano Kraemer x Belem Velho x Monte Cristo,point,156.7,100.0,nao_contexto,671301,20200308,12:55,DOMINGO,-30.117882000000002,-51.207946000000000,AV MONTE CRISTO,,BOLETIM,1,0,0,1,0,0
P8,Estr. Costa Gama x Estr. Afonso Lourenco Mariante,point,48.3,100.0,sim,671336,20200309,15:30,SEGUNDA-FEIRA,-30.115383999999999,-51.176627000000003,ESTR AFONSO LOURENCO MARIANTE,,BOLETIM,1,1,0,0,0,0
P7,Estr. 3 Meninas x Estr. Costa Gama,point,7.3,100.0,sim,671575,20200311,18:20,QUARTA-FEIRA,-30.133669999999999,-51.175710000000002,ESTR DAS TRES MENINAS,ESTR COSTA GAMA,BOLETIM,0,0,0,0,0,0
P8,Estr. Costa Gama x Estr. Afonso Lourenco Mariante,point,195.7,100.0,nao_contexto,671488,20200312,17:00,QUINTA-FEIRA,-30.113424909999999,-51.177225000000000,R DR SARMENTO BARATA,,BOLETIM,1,0,0,1,0,0
P4,Corredor Av. Vicente Monteggia,polyline,6.2,50.0,sim,671515,20200314,23:00,SABADO,-30.110460650000000,-51.218919000000000,AV VICENTE MONTEGGIA,,BOLETIM,1,1,0,1,0,0
P4,Corredor Av. Vicente Monteggia,polyline,2.1,50.0,sim,671760,20200317,07:20,TERCA-FEIRA,-30.100792999999999,-51.224783000000002,AV OTTO NIEMEYER,AV VICENTE MONTEGGIA,BOLETIM,0,0,0,0,0,0
P8,Estr. Costa Gama x Estr. Afonso Lourenco Mariante,point,158.2,100.0,nao_contexto,671950,20200402,16:15,QUINTA-FEIRA,-30.113790999999999,-51.176712000000002,ESTR COSTA GAMA,,BOLETIM,1,0,0,1,0,0
P3,Acesso Av. Vicente Monteggia via Joao Salomoni/Rodrigues,point,66.2,100.0,sim,672709,20200426,20:20,DOMINGO,-30.115426469999999,-51.213163000000002,ESTR JOAO SALOMONI,,BOLETIM,1,0,0,0,0,0
P4,Corredor Av. Vicente Monteggia,polyline,61.6,50.0,nao_contexto,672709,20200426,20:20,DOMINGO,-30.115426469999999,-51.213163000000002,ESTR JOAO SALOMONI,,BOLETIM,1,0,0,0,0,0
P5,Joao Salomoni x Av. da Cavalhada,point,6.4,100.0,sim,672471,20200429,13:49,QUARTA-FEIRA,-30.113044750000000,-51.226481000000000,ESTR JOAO SALOMONI,AV CAVALHADA,BOLETIM,0,0,0,0,0,0
P4,Corredor Av. Vicente Monteggia,polyline,5.2,50.0,sim,672360,20200506,16:00,QUARTA-FEIRA,-30.103334810000000,-51.223125000000003,AV VICENTE MONTEGGIA,,BOLETIM,1,0,0,1,0,0
P4,Corredor Av. Vicente Monteggia,polyline,1.3,50.0,sim,672468,20200506,07:48,QUARTA-FEIRA,-30.112575730000000,-51.214081000000000,AV VICENTE MONTEGGIA,R ANGELO PASSUELO,BOLETIM,0,0,0,0,0,0
P1,Rotula Estr. 3 Meninas x Estr. Cristiano Kraemer,point,7.7,100.0,sim,672978,20200514,19:00,QUINTA-FEIRA,-30.118299000000000,-51.203268999999999,ESTR DAS TRES MENINAS,ESTR CRISTIANO KRAEMER,BOLETIM,0,0,0,0,0,0
P3,Acesso Av. Vicente Monteggia via Joao Salomoni/Rodrigues,point,101.2,100.0,nao_contexto,672574,20200515,10:20,SEXTA-FEIRA,-30.115691999999999,-51.211450999999997,AV RODRIGUES DA FONSECA,,BOLETIM,0,0,0,1,0,0
P4,Corredor Av. Vicente Monteggia,polyline,95.0,50.0,nao_contexto,672574,20200515,10:20,SEXTA-FEIRA,-30.115691999999999,-51.211450999999997,AV RODRIGUES DA FONSECA,,BOLETIM,0,0,0,1,0,0
P7,Estr. 3 Meninas x Estr. Costa Gama,point,7.3,100.0,sim,672579,20200515,16:50,SEXTA-FEIRA,-30.133669999999999,-51.175710000000002,ESTR DAS TRES MENINAS,ESTR COSTA GAMA,BOLETIM,0,0,0,0,0,0
P4,Corredor Av. Vicente Monteggia,polyline,0.9,50.0,sim,672642,20200517,18:00,DOMINGO,-30.112473000000001,-51.215667000000003,AV VICENTE MONTEGGIA,,BOLETIM,0,0,0,0,0,0
P3,Acesso Av. Vicente Monteggia via Joao Salomoni/Rodrigues,point,63.2,100.0,sim,672597,20200518,20:00,SEGUNDA-FEIRA,-30.115756999999999,-51.211894000000001,R ATILIO SUPERTTI,,BOLETIM,4,0,0,0,0,0
P4,Corredor Av. Vicente Monteggia,polyline,55.8,50.0,nao_contexto,672597,20200518,20:00,SEGUNDA-FEIRA,-30.115756999999999,-51.211894000000001,R ATILIO SUPERTTI,,BOLETIM,4,0,0,0,0,0
P4,Corredor Av. Vicente Monteggia,polyline,14.4,50.0,sim,672902,20200523,09:45,SABADO,-30.095066679999999,-51.225630000000002,AV NONOAI,,BOLETIM,0,0,0,0,0,0
P4,Corredor Av. Vicente Monteggia,polyline,0.3,50.0,sim,672890,20200527,16:50,QUARTA-FEIRA,-30.096827999999999,-51.224724000000002,AV VICENTE MONTEGGIA,AV FABIO ARAUJO SANTOS,BOLETIM,1,0,0,1,0,0
P2,Confluencia Cristiano Kraemer x Belem Velho x Monte Cristo,point,101.0,100.0,nao_contexto,672909,20200527,11:05,QUARTA-FEIRA,-30.117737000000002,-51.207389999999997,R CATARINO ANDREATTA,AV MONTE CRISTO,BOLETIM,0,0,0,0,0,0
P1,Rotula Estr. 3 Meninas x Estr. Cristiano Kraemer,point,120.5,100.0,nao_contexto,673053,20200606,06:50,SABADO,-30.119366450000001,-51.202911000000000,ESTR CRISTIANO KRAEMER,,BOLETIM,0,0,0,0,0,0
P4,Corredor Av. Vicente Monteggia,polyline,89.3,50.0,nao_contexto,673119,20200610,15:00,QUARTA-FEIRA,-30.094604980000000,-51.224896999999999,AV NONOAI,,BOLETIM,0,0,0,0,0,1
P4,Corredor Av. Vicente Monteggia,polyline,7.1,50.0,sim,673259,20200618,23:20,QUINTA-FEIRA,-30.095172999999999,-51.225712999999999,R DR CAMPOS VELHO,AV NONOAI,BOLETIM,1,0,0,1,0,0
P2,Confluencia Cristiano Kraemer x Belem Velho x Monte Cristo,point,30.0,100.0,sim,673374,20200618,12:40,QUINTA-FEIRA,-30.117675999999999,-51.206642000000002,AV RODRIGUES DA FONSECA,AV MONTE CRISTO,BOLETIM,0,0,0,0,0,0
P4,Corredor Av. Vicente Monteggia,polyline,7.1,50.0,sim,673327,20200619,12:32,SEXTA-FEIRA,-30.095172999999999,-51.225712999999999,R DR CAMPOS VELHO,AV NONOAI,BOLETIM,1,0,0,1,0,0
P3,Acesso Av. Vicente Monteggia via Joao Salomoni/Rodrigues,point,62.2,100.0,sim,673336,20200620,,SABADO,-30.115639869999999,-51.211854000000002,AV RODRIGUES DA FONSECA,R ATILIO SUPERTTI,BOLETIM,1,0,0,0,0,0
P4,Corredor Av. Vicente Monteggia,polyline,55.8,50.0,nao_contexto,673336,20200620,,SABADO,-30.115639869999999,-51.211854000000002,AV RODRIGUES DA FONSECA,R ATILIO SUPERTTI,BOLETIM,1,0,0,0,0,0
P3,Acesso Av. Vicente Monteggia via Joao Salomoni/Rodrigues,point,78.6,100.0,sim,673296,20200623,17:00,TERCA-FEIRA,-30.114793580000001,-51.212468000000001,AV VICENTE MONTEGGIA,,BOLETIM,1,0,0,1,0,0
P4,Corredor Av. Vicente Monteggia,polyline,5.5,50.0,sim,673296,20200623,17:00,TERCA-FEIRA,-30.114793580000001,-51.212468000000001,AV VICENTE MONTEGGIA,,BOLETIM,1,0,0,1,0,0
P4,Corredor Av. Vicente Monteggia,polyline,4.1,50.0,sim,673432,20200624,10:50,QUARTA-FEIRA,-30.097698999999999,-51.224773999999996,AV VICENTE MONTEGGIA,,BOLETIM,0,0,0,0,0,0
P4,Corredor Av. Vicente Monteggia,polyline,3.3,50.0,sim,673686,20200709,06:40,QUINTA-FEIRA,-30.105409000000002,-51.222687999999998,AV VICENTE MONTEGGIA,,BOLETIM,1,1,0,1,0,0
P4,Corredor Av. Vicente Monteggia,polyline,1.2,50.0,sim,673714,20200710,23:30,SEXTA-FEIRA,-30.100486000000000,-51.224915000000003,AV VICENTE MONTEGGIA,,BOLETIM,0,0,0,0,0,0
P1,Rotula Estr. 3 Meninas x Estr. Cristiano Kraemer,point,82.7,100.0,sim,673856,20200720,07:50,SEGUNDA-FEIRA,-30.118061999999998,-51.202379000000001,ESTR DAS TRES MENINAS,,BOLETIM,1,0,0,0,0,0
P4,Corredor Av. Vicente Monteggia,polyline,2.4,50.0,sim,673927,20200724,11:20,SEXTA-FEIRA,-30.109073570000000,-51.220059999999997,AV VICENTE MONTEGGIA,,BOLETIM,1,0,0,1,0,0
P4,Corredor Av. Vicente Monteggia,polyline,5.3,50.0,sim,674089,20200728,19:46,TERCA-FEIRA,-30.103694090000001,-51.223154999999998,AV VICENTE MONTEGGIA,,BOLETIM,0,0,0,0,0,0
P4,Corredor Av. Vicente Monteggia,polyline,4.7,50.0,sim,674121,20200729,08:10,QUARTA-FEIRA,-30.111325000000001,-51.218192000000002,AV VICENTE MONTEGGIA,,BOLETIM,0,0,0,0,0,0
P4,Corredor Av. Vicente Monteggia,polyline,2.9,50.0,sim,674424,20200808,12:00,SABADO,-30.106612999999999,-51.222324999999998,AV VICENTE MONTEGGIA,,BOLETIM,0,0,0,0,0,0
P4,Corredor Av. Vicente Monteggia,polyline,1.1,50.0,sim,674423,20200808,11:20,SABADO,-30.107208000000000,-51.222087999999999,AV VICENTE MONTEGGIA,,BOLETIM,0,0,0,0,0,0
P4,Corredor Av. Vicente Monteggia,polyline,4.7,50.0,sim,674338,20200810,20:30,SEGUNDA-FEIRA,-30.111325000000001,-51.218192000000002,AV VICENTE MONTEGGIA,,BOLETIM,1,0,0,1,0,0
P5,Joao Salomoni x Av. da Cavalhada,point,109.6,100.0,nao_contexto,674682,20200814,16:18,SEXTA-FEIRA,-30.112139700000000,-51.226754999999997,AV CAVALHADA,,BOLETIM,0,0,0,1,0,0
P4,Corredor Av. Vicente Monteggia,polyline,4.9,50.0,sim,674400,20200817,22:30,SEGUNDA-FEIRA,-30.097745860000000,-51.224696000000002,AV VICENTE MONTEGGIA,,BOLETIM,1,0,0,1,0,0
P3,Acesso Av. Vicente Monteggia via Joao Salomoni/Rodrigues,point,190.5,100.0,nao_contexto,674444,20200818,04:50,TERCA-FEIRA,-30.115514999999998,-51.214461000000000,R AURORA,,BOLETIM,0,0,0,0,0,0
P2,Confluencia Cristiano Kraemer x Belem Velho x Monte Cristo,point,97.7,100.0,sim,674449,20200820,13:05,QUINTA-FEIRA,-30.117249950000001,-51.207310000000000,AV RODRIGUES DA FONSECA,,BOLETIM,1,0,0,1,0,0
P5,Joao Salomoni x Av. da Cavalhada,point,13.9,100.0,sim,674959,20200825,18:59,TERCA-FEIRA,-30.113049820000001,-51.226367560000000,ESTR JOAO SALAMONI,AV CAVALHADA,BOLETIM,0,0,0,0,0,0
P3,Acesso Av. Vicente Monteggia via Joao Salomoni/Rodrigues,point,0.9,100.0,sim,674831,20200825,05:50,TERCA-FEIRA,-30.115501999999999,-51.212471000000001,AV VICENTE MONTEGGIA,AV RODRIGUES DA FONSECA,BOLETIM,1,0,0,0,0,0
P4,Corredor Av. Vicente Monteggia,polyline,4.6,50.0,sim,674831,20200825,05:50,TERCA-FEIRA,-30.115501999999999,-51.212471000000001,AV VICENTE MONTEGGIA,AV RODRIGUES DA FONSECA,BOLETIM,1,0,0,0,0,0
P3,Acesso Av. Vicente Monteggia via Joao Salomoni/Rodrigues,point,58.0,100.0,sim,674946,20200826,08:20,QUARTA-FEIRA,-30.114982000000001,-51.212408000000003,AV VICENTE MONTEGGIA,,BOLETIM,0,0,0,0,0,0
P4,Corredor Av. Vicente Monteggia,polyline,2.3,50.0,sim,674946,20200826,08:20,QUARTA-FEIRA,-30.114982000000001,-51.212408000000003,AV VICENTE MONTEGGIA,,BOLETIM,0,0,0,0,0,0
P2,Confluencia Cristiano Kraemer x Belem Velho x Monte Cristo,point,30.0,100.0,sim,674778,20200826,20:50,QUARTA-FEIRA,-30.117675999999999,-51.206642000000002,AV RODRIGUES DA FONSECA,AV MONTE CRISTO,BOLETIM,1,0,0,1,0,0
P7,Estr. 3 Meninas x Estr. Costa Gama,point,185.1,100.0,nao_contexto,674832,20200826,10:50,QUARTA-FEIRA,-30.135313000000000,-51.175144000000003,ESTR COSTA GAMA,,BOLETIM,1,0,0,0,0,0
P4,Corredor Av. Vicente Monteggia,polyline,3.0,50.0,sim,675272,20200901,18:45,TERCA-FEIRA,-30.109435000000001,-51.219799999999999,AV VICENTE MONTEGGIA,,BOLETIM,1,0,0,1,0,0
P4,Corredor Av. Vicente Monteggia,polyline,4.7,50.0,sim,675117,20200903,07:45,QUINTA-FEIRA,-30.110147999999999,-51.219206000000000,AV VICENTE MONTEGGIA,,BOLETIM,0,0,0,0,0,0
P2,Confluencia Cristiano Kraemer x Belem Velho x Monte Cristo,point,35.1,100.0,sim,675419,20200903,19:30,QUINTA-FEIRA,-30.117702000000001,-51.206034000000002,ESTR CRISTIANO KRAEMER,,BOLETIM,0,0,0,0,0,0
P4,Corredor Av. Vicente Monteggia,polyline,1.9,50.0,sim,674990,20200904,12:40,SEXTA-FEIRA,-30.111221000000000,-51.218352000000003,AV VICENTE MONTEGGIA,,BOLETIM,1,0,0,1,0,0
P4,Corredor Av. Vicente Monteggia,polyline,65.6,50.0,nao_contexto,675278,20200906,10:45,DOMINGO,-30.100656010000002,-51.225645999999998,AV OTTO NIEMEYER,R PANAMBI,BOLETIM,1,0,0,1,0,0
P4,Corredor Av. Vicente Monteggia,polyline,14.4,50.0,sim,675227,20200912,13:30,SABADO,-30.095066679999999,-51.225630000000002,AV NONOAI,,BOLETIM,0,0,0,0,0,0
P1,Rotula Estr. 3 Meninas x Estr. Cristiano Kraemer,point,153.2,100.0,nao_contexto,675212,20200915,17:30,TERCA-FEIRA,-30.118126000000000,-51.201611000000000,ESTR DAS TRES MENINAS,,BOLETIM,1,1,0,1,0,0
P4,Corredor Av. Vicente Monteggia,polyline,0.6,50.0,sim,675243,20200916,10:00,QUARTA-FEIRA,-30.107095000000001,-51.222160000000002,AV VICENTE MONTEGGIA,,BOLETIM,0,0,0,0,0,0
P4,Corredor Av. Vicente Monteggia,polyline,1.1,50.0,sim,675358,20200917,10:15,QUINTA-FEIRA,-30.107208000000000,-51.222087999999999,AV VICENTE MONTEGGIA,,BOLETIM,0,0,0,0,0,0
P9,Entroncamento Rua Santuario x Av. Oscar Pereira,point,198.5,100.0,nao_contexto,675366,20200921,17:10,SEGUNDA-FEIRA,-30.097953000000000,-51.176526000000003,AV PROF OSCAR PEREIRA,,BOLETIM,1,0,0,1,0,0
P4,Corredor Av. Vicente Monteggia,polyline,6.9,50.0,sim,675367,20200921,18:30,SEGUNDA-FEIRA,-30.107165999999999,-51.222200999999998,AV VICENTE MONTEGGIA,,BOLETIM,1,0,0,1,0,0
P4,Corredor Av. Vicente Monteggia,polyline,0.0,50.0,sim,675389,20200922,21:00,TERCA-FEIRA,-30.100758610000000,-51.224733000000001,AV VICENTE MONTEGGIA,,BOLETIM,1,0,0,0,1,0
P4,Corredor Av. Vicente Monteggia,polyline,4.7,50.0,sim,675495,20200924,10:50,QUINTA-FEIRA,-30.095149280000001,-51.225779000000003,AV CAVALHADA,,BOLETIM,1,0,0,0,0,0
P4,Corredor Av. Vicente Monteggia,polyline,1.9,50.0,sim,675681,20200925,09:25,SEXTA-FEIRA,-30.110786999999998,-51.218722000000000,AV VICENTE MONTEGGIA,,BOLETIM,0,0,0,0,0,0
P8,Estr. Costa Gama x Estr. Afonso Lourenco Mariante,point,35.4,100.0,sim,675533,20200927,06:50,DOMINGO,-30.115487410000000,-51.177166999999997,ESTR COSTA GAMA,,BOLETIM,3,0,0,0,0,0
P4,Corredor Av. Vicente Monteggia,polyline,0.6,50.0,sim,675867,20200929,19:30,TERCA-FEIRA,-30.110429109999998,-51.219022000000002,ESTR JOAO VEDANA,AV VICENTE MONTEGGIA,BOLETIM,0,0,0,1,0,0
P5,Joao Salomoni x Av. da Cavalhada,point,6.4,100.0,sim,676025,20200930,10:45,QUARTA-FEIRA,-30.113044750000000,-51.226481000000000,ESTR JOAO SALOMONI,AV CAVALHADA,BOLETIM,0,0,0,0,0,0
P4,Corredor Av. Vicente Monteggia,polyline,89.3,50.0,nao_contexto,675798,20201004,19:35,DOMINGO,-30.094604980000000,-51.224896999999999,AV NONOAI,,BOLETIM,0,0,0,0,0,0
P5,Joao Salomoni x Av. da Cavalhada,point,4.0,100.0,sim,675786,20201006,22:15,TERCA-FEIRA,-30.113088410000000,-51.226539000000002,AV CAVALHADA,,BOLETIM,1,0,0,1,0,0
P6,Rota Florestan Fernandes / Estrada Kanazawa,polyline,1.0,50.0,sim,680093,20201006,19:00,TERCA-FEIRA,-30.119602669999999,-51.195714000000002,ESTR KANAZAWA,,BOLETIM,1,0,0,1,0,0
P1,Rotula Estr. 3 Meninas x Estr. Cristiano Kraemer,point,55.8,100.0,sim,676059,20201012,21:50,SEGUNDA-FEIRA,-30.118062999999999,-51.202685000000002,ESTR DAS TRES MENINAS,,BOLETIM,0,0,0,0,0,0
P4,Corredor Av. Vicente Monteggia,polyline,0.1,50.0,sim,676177,20201014,17:30,QUARTA-FEIRA,-30.111066000000001,-51.218533000000001,AV VICENTE MONTEGGIA,,BOLETIM,0,0,0,0,0,0
P1,Rotula Estr. 3 Meninas x Estr. Cristiano Kraemer,point,182.3,100.0,nao_contexto,676168,20201019,14:00,SEGUNDA-FEIRA,-30.117360999999999,-51.204734999999999,ESTR CRISTIANO KRAEMER,,BOLETIM,2,0,0,0,0,0
P2,Confluencia Cristiano Kraemer x Belem Velho x Monte Cristo,point,157.9,100.0,nao_contexto,676168,20201019,14:00,SEGUNDA-FEIRA,-30.117360999999999,-51.204734999999999,ESTR CRISTIANO KRAEMER,,BOLETIM,2,0,0,0,0,0
P4,Corredor Av. Vicente Monteggia,polyline,55.5,50.0,nao_contexto,676322,20201021,20:45,QUARTA-FEIRA,-30.095584440000000,-51.226157000000001,AV CAVALHADA,,BOLETIM,0,0,0,1,0,0
P4,Corredor Av. Vicente Monteggia,polyline,7.1,50.0,sim,676375,20201022,17:30,QUINTA-FEIRA,-30.095172999999999,-51.225712999999999,R DR CAMPOS VELHO,AV NONOAI,BOLETIM,0,0,0,0,0,0
P8,Estr. Costa Gama x Estr. Afonso Lourenco Mariante,point,136.5,100.0,nao_contexto,676299,20201022,17:30,QUINTA-FEIRA,-30.115856999999998,-51.175885999999998,ESTR AFONSO LOURENCO MARIANTE,,BOLETIM,1,0,0,0,0,1
P3,Acesso Av. Vicente Monteggia via Joao Salomoni/Rodrigues,point,78.4,100.0,sim,676295,20201024,22:37,SABADO,-30.115293760000000,-51.213259000000001,ESTR JOAO SALOMONI,,BOLETIM,0,0,0,0,0,0
P4,Corredor Av. Vicente Monteggia,polyline,74.6,50.0,nao_contexto,676295,20201024,22:37,SABADO,-30.115293760000000,-51.213259000000001,ESTR JOAO SALOMONI,,BOLETIM,0,0,0,0,0,0
P4,Corredor Av. Vicente Monteggia,polyline,2.3,50.0,sim,676943,20201104,21:10,QUARTA-FEIRA,-30.098617000000001,-51.225346999999999,AV VICENTE MONTEGGIA,,BOLETIM,0,0,0,0,0,0
P5,Joao Salomoni x Av. da Cavalhada,point,8.5,100.0,sim,676792,20201106,12:10,SEXTA-FEIRA,-30.113078399999999,-51.226415000000003,AV CAVALHADA,,BOLETIM,0,0,0,0,0,0
P4,Corredor Av. Vicente Monteggia,polyline,3.7,50.0,sim,677128,20201111,20:15,QUARTA-FEIRA,-30.096128000000000,-51.225147999999997,AV VICENTE MONTEGGIA,,BOLETIM,0,0,0,0,0,0
P4,Corredor Av. Vicente Monteggia,polyline,7.1,50.0,sim,676953,20201112,11:50,QUINTA-FEIRA,-30.095172949999998,-51.225712999999999,AV VICENTE MONTEGGIA,AV CAVALHADA,BOLETIM,0,0,0,1,0,0
P4,Corredor Av. Vicente Monteggia,polyline,11.9,50.0,sim,676846,20201112,14:50,QUINTA-FEIRA,-30.100746000000001,-51.224989000000001,AV OTTO NIEMEYER,,BOLETIM,0,0,0,0,0,0
P4,Corredor Av. Vicente Monteggia,polyline,71.6,50.0,nao_contexto,676957,20201112,16:20,QUINTA-FEIRA,-30.101420999999998,-51.225138000000001,R PANAMBI,,BOLETIM,0,0,0,0,0,0
P4,Corredor Av. Vicente Monteggia,polyline,10.3,50.0,sim,677005,20201113,08:00,SEXTA-FEIRA,-30.103214980000001,-51.223317999999999,AV VICENTE MONTEGGIA,,BOLETIM,2,0,0,1,0,0
P4,Corredor Av. Vicente Monteggia,polyline,2.1,50.0,sim,677047,20201116,20:10,SEGUNDA-FEIRA,-30.100792999999999,-51.224783000000002,AV OTTO NIEMEYER,AV VICENTE MONTEGGIA,BOLETIM,0,0,0,0,0,0
P5,Joao Salomoni x Av. da Cavalhada,point,154.6,100.0,nao_contexto,677100,20201120,01:10,SEXTA-FEIRA,-30.114452000000000,-51.226126999999998,AV CAVALHADA,,BOLETIM,0,0,0,0,0,0
P4,Corredor Av. Vicente Monteggia,polyline,47.7,50.0,sim,679965,20201122,19:11,DOMINGO,-30.100249489999999,-51.224516000000001,R EDY MARIA MUSSOI,,BOLETIM,1,0,0,0,0,0
P2,Confluencia Cristiano Kraemer x Belem Velho x Monte Cristo,point,23.1,100.0,sim,677361,20201124,10:35,TERCA-FEIRA,-30.117736940000000,-51.206485000000001,ESTR CRISTIANO KRAEMER,,BOLETIM,0,0,0,0,0,0
P4,Corredor Av. Vicente Monteggia,polyline,1.3,50.0,sim,677288,20201127,21:00,SEXTA-FEIRA,-30.111369000000000,-51.218229000000001,AV VICENTE MONTEGGIA,,BOLETIM,1,0,0,1,0,0
P4,Corredor Av. Vicente Monteggia,polyline,6.9,50.0,sim,683625,20201207,09:30,SEGUNDA-FEIRA,-30.107058450000000,-51.222237999999997,AV VICENTE MONTEGGIA,,BOLETIM,1,1,0,1,0,0
P5,Joao Salomoni x Av. da Cavalhada,point,111.8,100.0,nao_contexto,677579,20201207,02:30,SEGUNDA-FEIRA,-30.114095769999999,-51.226337000000001,AV CAVALHADA,,BOLETIM,0,0,0,0,0,0
P3,Acesso Av. Vicente Monteggia via Joao Salomoni/Rodrigues,point,125.0,100.0,nao_contexto,677656,20201212,15:00,SABADO,-30.115265000000001,-51.213751000000002,ESTR JOAO SALOMONI,,BOLETIM,2,0,0,1,0,0
P4,Corredor Av. Vicente Monteggia,polyline,7.1,50.0,sim,677962,20201213,19:00,DOMINGO,-30.095172999999999,-51.225712999999999,AV NONOAI,R DR CAMPOS VELHO,BOLETIM,0,0,0,1,0,0
P7,Estr. 3 Meninas x Estr. Costa Gama,point,47.8,100.0,sim,678049,20201214,07:30,SEGUNDA-FEIRA,-30.133301880000001,-51.175784999999998,ESTR COSTA GAMA,ESTR TRES MENINAS,BOLETIM,0,0,0,0,0,0
P2,Confluencia Cristiano Kraemer x Belem Velho x Monte Cristo,point,30.0,100.0,sim,678133,20201215,18:05,TERCA-FEIRA,-30.117675999999999,-51.206642000000002,AV RODRIGUES DA FONSECA,AV MONTE CRISTO,BOLETIM,0,0,0,0,0,0
P4,Corredor Av. Vicente Monteggia,polyline,2.8,50.0,sim,677996,20201217,11:00,QUINTA-FEIRA,-30.112967000000001,-51.213549000000000,AV VICENTE MONTEGGIA,,BOLETIM,0,0,0,0,0,0
P4,Corredor Av. Vicente Monteggia,polyline,16.3,50.0,sim,678250,20201221,13:30,SEGUNDA-FEIRA,-30.107217660000000,-51.221907000000002,AV VICENTE MONTEGGIA,R AMAPA,BOLETIM,0,0,0,0,0,0
P3,Acesso Av. Vicente Monteggia via Joao Salomoni/Rodrigues,point,45.7,100.0,sim,677840,20201221,19:30,SEGUNDA-FEIRA,-30.115089999999999,-51.212449999999997,AV VICENTE MONTEGGIA,,BOLETIM,1,1,0,1,0,0
P4,Corredor Av. Vicente Monteggia,polyline,6.0,50.0,sim,677840,20201221,19:30,SEGUNDA-FEIRA,-30.115089999999999,-51.212449999999997,AV VICENTE MONTEGGIA,,BOLETIM,1,1,0,1,0,0
P6,Rota Florestan Fernandes / Estrada Kanazawa,polyline,65.9,50.0,nao_contexto,677848,20201221,07:50,SEGUNDA-FEIRA,-30.121983000000000,-51.194654999999997,ESTR TRES MENINAS,,BOLETIM,1,0,0,1,0,0
P3,Acesso Av. Vicente Monteggia via Joao Salomoni/Rodrigues,point,150.2,100.0,nao_contexto,678328,20201222,14:25,TERCA-FEIRA,-30.115853000000001,-51.210973000000003,AV RODRIGUES DA FONSECA,,BOLETIM,0,0,0,0,0,0
P4,Corredor Av. Vicente Monteggia,polyline,15.9,50.0,sim,677984,20201225,07:20,SEXTA-FEIRA,-30.100917720000002,-51.224913999999998,AV VICENTE MONTEGGIA,AV OTTO NIEMEYER,BOLETIM,1,0,0,0,0,0
P4,Corredor Av. Vicente Monteggia,polyline,65.2,50.0,nao_contexto,678342,20201227,20:30,DOMINGO,-30.095571050000000,-51.226318999999997,AV CAVALHADA,,BOLETIM,0,0,0,0,0,0
P5,Joao Salomoni x Av. da Cavalhada,point,4.0,100.0,sim,678450,20210106,12:25,QUARTA-FEIRA,-30.113088410000000,-51.226539000000002,AV CAVALHADA,,BOLETIM,0,0,0,0,0,0
P4,Corredor Av. Vicente Monteggia,polyline,6.7,50.0,sim,678516,20210110,15:45,DOMINGO,-30.103685760000001,-51.223030000000001,AV VICENTE MONTEGGIA,,BOLETIM,0,0,0,0,0,0
P4,Corredor Av. Vicente Monteggia,polyline,61.5,50.0,nao_contexto,678555,20210112,18:05,TERCA-FEIRA,-30.094788999999999,-51.225093999999999,AV NONOAI,,BOLETIM,0,0,0,0,0,0
P4,Corredor Av. Vicente Monteggia,polyline,5.5,50.0,sim,679282,20210114,13:30,QUINTA-FEIRA,-30.103728860000000,-51.223149999999997,AV VICENTE MONTEGGIA,,BOLETIM,0,0,0,0,0,0
P4,Corredor Av. Vicente Monteggia,polyline,4.2,50.0,sim,679740,20210116,12:30,SABADO,-30.103018219999999,-51.223211999999997,AV VICENTE MONTEGGIA,,ATENDIMENTO,1,0,0,1,0,0
P9,Entroncamento Rua Santuario x Av. Oscar Pereira,point,68.8,100.0,sim,678944,20210120,13:00,QUARTA-FEIRA,-30.096188999999999,-51.177799000000000,AV PROF OSCAR PEREIRA,,BOLETIM,1,0,0,0,0,0
P4,Corredor Av. Vicente Monteggia,polyline,10.3,50.0,sim,679016,20210127,14:05,QUARTA-FEIRA,-30.103214980000001,-51.223317999999999,AV VICENTE MONTEGGIA,,BOLETIM,0,0,0,0,0,0
P3,Acesso Av. Vicente Monteggia via Joao Salomoni/Rodrigues,point,168.5,100.0,nao_contexto,679100,20210131,18:30,DOMINGO,-30.113992509999999,-51.212662999999999,AV VICENTE MONTEGGIA,,BOLETIM,1,0,0,1,0,0
P4,Corredor Av. Vicente Monteggia,polyline,4.9,50.0,sim,679100,20210131,18:30,DOMINGO,-30.113992509999999,-51.212662999999999,AV VICENTE MONTEGGIA,,BOLETIM,1,0,0,1,0,0
P2,Confluencia Cristiano Kraemer x Belem Velho x Monte Cristo,point,112.1,100.0,nao_contexto,679562,20210210,08:00,QUARTA-FEIRA,-30.117712650000001,-51.207512000000001,AV MONTE CRISTO,,ATENDIMENTO,1,0,0,1,0,0
P2,Confluencia Cristiano Kraemer x Belem Velho x Monte Cristo,point,112.1,100.0,nao_contexto,679561,20210210,08:00,QUARTA-FEIRA,-30.117712650000001,-51.207512000000001,AV MONTE CRISTO,,ATENDIMENTO,0,0,0,0,0,0
P2,Confluencia Cristiano Kraemer x Belem Velho x Monte Cristo,point,112.1,100.0,nao_contexto,679339,20210210,08:30,QUARTA-FEIRA,-30.117712650000001,-51.207512000000001,AV MONTE CRISTO,,BOLETIM,1,0,0,1,0,0
P5,Joao Salomoni x Av. da Cavalhada,point,6.4,100.0,sim,679493,20210211,07:10,QUINTA-FEIRA,-30.113044750000000,-51.226481000000000,AV CAVALHADA,ESTR JOAO SALOMONI,BOLETIM,0,0,0,0,0,0
P9,Entroncamento Rua Santuario x Av. Oscar Pereira,point,58.4,100.0,sim,679438,20210213,17:00,SABADO,-30.096269379999999,-51.177858000000001,AV PROF OSCAR PEREIRA,,BOLETIM,1,0,0,0,0,0
P4,Corredor Av. Vicente Monteggia,polyline,7.1,50.0,sim,679615,20210215,16:30,SEGUNDA-FEIRA,-30.095172999999999,-51.225712999999999,R DR CAMPOS VELHO,AV NONOAI,BOLETIM,0,0,0,0,0,0
P4,Corredor Av. Vicente Monteggia,polyline,12.5,50.0,sim,679546,20210217,23:40,QUARTA-FEIRA,-30.095101199999998,-51.225453999999999,AV NONOAI,,BOLETIM,2,1,0,2,0,0
P4,Corredor Av. Vicente Monteggia,polyline,16.3,50.0,sim,679659,20210218,11:50,QUINTA-FEIRA,-30.107217660000000,-51.221907000000002,AV VICENTE MONTEGGIA,R AMAPA,BOLETIM,0,0,0,0,0,0
P4,Corredor Av. Vicente Monteggia,polyline,15.9,50.0,sim,679839,20210225,11:05,QUINTA-FEIRA,-30.100917720000002,-51.224913999999998,AV VICENTE MONTEGGIA,AV OTTO NIEMEYER,BOLETIM,0,0,0,0,0,0
P8,Estr. Costa Gama x Estr. Afonso Lourenco Mariante,point,83.3,100.0,sim,679806,20210226,18:21,SEXTA-FEIRA,-30.115902349999999,-51.177300000000002,ESTR COSTA GAMA,,BOLETIM,1,1,0,0,0,0
P7,Estr. 3 Meninas x Estr. Costa Gama,point,24.1,100.0,sim,680035,20210309,19:50,TERCA-FEIRA,-30.133514779999999,-51.175767000000000,ESTR TRES MENINAS,ESTR COSTA GAMA,BOLETIM,0,0,0,0,0,0
P2,Confluencia Cristiano Kraemer x Belem Velho x Monte Cristo,point,48.4,100.0,sim,680063,20210312,14:30,SEXTA-FEIRA,-30.117436399999999,-51.206842000000002,AV RODRIGUES DA FONSECA,,BOLETIM,0,0,0,0,0,0
P8,Estr. Costa Gama x Estr. Afonso Lourenco Mariante,point,123.9,100.0,nao_contexto,680525,20210318,13:00,QUINTA-FEIRA,-30.114090180000002,-51.176803999999997,ESTR COSTA GAMA,,BOLETIM,0,0,0,0,0,0
P8,Estr. Costa Gama x Estr. Afonso Lourenco Mariante,point,123.9,100.0,nao_contexto,680168,20210318,13:00,QUINTA-FEIRA,-30.114090180000002,-51.176803999999997,ESTR COSTA GAMA,,BOLETIM,0,0,0,0,0,0
P4,Corredor Av. Vicente Monteggia,polyline,1.1,50.0,sim,680659,20210322,11:20,SEGUNDA-FEIRA,-30.107208000000000,-51.222087999999999,AV VICENTE MONTEGGIA,,BOLETIM,0,0,0,1,0,0
P2,Confluencia Cristiano Kraemer x Belem Velho x Monte Cristo,point,87.1,100.0,sim,681287,20210331,07:45,QUARTA-FEIRA,-30.117305399999999,-51.207216000000003,AV RODRIGUES DA FONSECA,,BOLETIM,0,0,0,0,0,0
P3,Acesso Av. Vicente Monteggia via Joao Salomoni/Rodrigues,point,66.2,100.0,sim,680878,20210401,11:25,QUINTA-FEIRA,-30.115426469999999,-51.213163000000002,ESTR JOAO SALOMONI,,BOLETIM,0,0,0,0,0,0
P4,Corredor Av. Vicente Monteggia,polyline,61.6,50.0,nao_contexto,680878,20210401,11:25,QUINTA-FEIRA,-30.115426469999999,-51.213163000000002,ESTR JOAO SALOMONI,,BOLETIM,0,0,0,0,0,0
P8,Estr. Costa Gama x Estr. Afonso Lourenco Mariante,point,192.8,100.0,nao_contexto,680639,20210407,21:00,QUARTA-FEIRA,-30.113449729999999,-51.176948000000003,R DR SARMENTO BARATA,,BOLETIM,1,0,0,1,0,0
P8,Estr. Costa Gama x Estr. Afonso Lourenco Mariante,point,0.6,100.0,sim,680924,20210410,21:00,SABADO,-30.115180840000001,-51.177064000000001,ESTR COSTA GAMA,ESTR AFONSO LOURENCO MARIANTE,BOLETIM,0,0,0,0,0,0
P2,Confluencia Cristiano Kraemer x Belem Velho x Monte Cristo,point,113.0,100.0,nao_contexto,680822,20210414,19:40,QUARTA-FEIRA,-30.117275129999999,-51.207487999999998,AV RODRIGUES DA FONSECA,,BOLETIM,1,1,0,1,0,0
P4,Corredor Av. Vicente Monteggia,polyline,5.3,50.0,sim,681233,20210426,19:30,SEGUNDA-FEIRA,-30.112529920000000,-51.216726000000001,AV VICENTE MONTEGGIA,,BOLETIM,1,0,0,1,0,0
P4,Corredor Av. Vicente Monteggia,polyline,7.1,50.0,sim,681673,20210429,12:10,QUINTA-FEIRA,-30.095172999999999,-51.225712999999999,AV CAVALHADA,R DR CAMPOS VELHO,BOLETIM,0,0,0,0,0,0
P4,Corredor Av. Vicente Monteggia,polyline,4.3,50.0,sim,682004,20210504,11:50,TERCA-FEIRA,-30.099332109999999,-51.225333999999997,AV VICENTE MONTEGGIA,,ATENDIMENTO,1,0,0,0,0,0
P4,Corredor Av. Vicente Monteggia,polyline,7.2,50.0,sim,682108,20210507,10:00,SEXTA-FEIRA,-30.107187509999999,-51.222192999999997,AV VICENTE MONTEGGIA,,ATENDIMENTO,1,0,0,1,0,0
P4,Corredor Av. Vicente Monteggia,polyline,7.2,50.0,sim,681758,20210507,10:00,SEXTA-FEIRA,-30.107187509999999,-51.222192999999997,AV VICENTE MONTEGGIA,,BOLETIM,1,0,0,1,0,0
P1,Rotula Estr. 3 Meninas x Estr. Cristiano Kraemer,point,25.6,100.0,sim,681884,20210509,00:30,DOMINGO,-30.118244940000000,-51.203445000000002,ESTR CRISTIANO KRAEMER,,BOLETIM,0,0,0,1,0,0
P4,Corredor Av. Vicente Monteggia,polyline,89.3,50.0,nao_contexto,682329,20210514,11:45,SEXTA-FEIRA,-30.094604980000000,-51.224896999999999,AV NONOAI,,BOLETIM,0,0,0,0,0,0
P4,Corredor Av. Vicente Monteggia,polyline,8.9,50.0,sim,682375,20210515,17:20,SABADO,-30.106607589999999,-51.222391000000002,AV VICENTE MONTEGGIA,,ATENDIMENTO,1,0,0,0,0,0
P2,Confluencia Cristiano Kraemer x Belem Velho x Monte Cristo,point,24.5,100.0,sim,682226,20210517,07:40,SEGUNDA-FEIRA,-30.117739470000000,-51.206212999999998,ESTR CRISTIANO KRAEMER,,BOLETIM,0,0,0,0,0,0
P2,Confluencia Cristiano Kraemer x Belem Velho x Monte Cristo,point,188.6,100.0,nao_contexto,682474,20210524,15:00,SEGUNDA-FEIRA,-30.115953980000000,-51.206989000000000,R MIGUEL ASCOLEZE,,BOLETIM,0,0,0,0,0,0
P4,Corredor Av. Vicente Monteggia,polyline,7.1,50.0,sim,682635,20210527,12:30,QUINTA-FEIRA,-30.095172949999998,-51.225712999999999,AV VICENTE MONTEGGIA,AV CAVALHADA,BOLETIM,0,0,0,0,0,0
P2,Confluencia Cristiano Kraemer x Belem Velho x Monte Cristo,point,98.3,100.0,sim,682611,20210527,21:50,QUINTA-FEIRA,-30.117327000000000,-51.207346000000001,AV RODRIGUES DA FONSECA,,BOLETIM,1,0,0,2,0,0
P9,Entroncamento Rua Santuario x Av. Oscar Pereira,point,113.1,100.0,nao_contexto,682941,20210606,06:20,DOMINGO,-30.097586320000001,-51.177374999999998,AV PROF OSCAR PEREIRA,,BOLETIM,0,0,0,0,0,1
P3,Acesso Av. Vicente Monteggia via Joao Salomoni/Rodrigues,point,81.3,100.0,sim,683502,20210606,17:15,DOMINGO,-30.114771260000001,-51.212406000000001,AV VICENTE MONTEGGIA,,ATENDIMENTO,1,0,0,0,0,0
P4,Corredor Av. Vicente Monteggia,polyline,0.8,50.0,sim,683502,20210606,17:15,DOMINGO,-30.114771260000001,-51.212406000000001,AV VICENTE MONTEGGIA,,ATENDIMENTO,1,0,0,0,0,0
P8,Estr. Costa Gama x Estr. Afonso Lourenco Mariante,point,35.1,100.0,sim,683411,20210617,11:40,QUINTA-FEIRA,-30.115437770000000,-51.177280000000003,ESTR COSTA GAMA,,BOLETIM,0,0,0,0,0,0
P4,Corredor Av. Vicente Monteggia,polyline,7.1,50.0,sim,684431,20210622,06:50,TERCA-FEIRA,-30.095172999999999,-51.225712999999999,AV CAVALHADA,R DR CAMPOS VELHO,BOLETIM,0,0,0,0,0,0
P4,Corredor Av. Vicente Monteggia,polyline,0.7,50.0,sim,683933,20210623,18:45,QUARTA-FEIRA,-30.103685609999999,-51.223092999999999,AV VICENTE MONTEGGIA,PSG VICENTE MONTEGGIA-VICENTE P SOUZA,ATENDIMENTO,0,0,0,1,0,0
P4,Corredor Av. Vicente Monteggia,polyline,6.7,50.0,sim,683689,20210623,18:15,QUARTA-FEIRA,-30.103685760000001,-51.223030000000001,AV VICENTE MONTEGGIA,,BOLETIM,2,0,0,1,0,0
P5,Joao Salomoni x Av. da Cavalhada,point,109.6,100.0,nao_contexto,683914,20210623,10:00,QUARTA-FEIRA,-30.112139700000000,-51.226754999999997,AV CAVALHADA,,BOLETIM,0,0,0,0,0,0
P2,Confluencia Cristiano Kraemer x Belem Velho x Monte Cristo,point,38.2,100.0,sim,683717,20210624,10:30,QUINTA-FEIRA,-30.117660999999998,-51.206740000000003,AV RODRIGUES DA FONSECA,,BOLETIM,0,0,0,0,0,0
P7,Estr. 3 Meninas x Estr. Costa Gama,point,59.0,100.0,sim,684398,20210703,14:20,SABADO,-30.133199229999999,-51.175727000000002,ESTR COSTA GAMA,,BOLETIM,0,0,0,0,0,0
P7,Estr. 3 Meninas x Estr. Costa Gama,point,24.1,100.0,sim,684712,20210706,20:35,TERCA-FEIRA,-30.133514779999999,-51.175767000000000,ESTR TRES MENINAS,ESTR COSTA GAMA,BOLETIM,0,0,0,0,0,0
P4,Corredor Av. Vicente Monteggia,polyline,3.2,50.0,sim,684435,20210711,15:50,DOMINGO,-30.097559159999999,-51.224617000000002,AV VICENTE MONTEGGIA,,BOLETIM,0,0,0,0,0,0
P5,Joao Salomoni x Av. da Cavalhada,point,6.4,100.0,sim,684574,20210713,16:24,TERCA-FEIRA,-30.113044750000000,-51.226481000000000,AV CAVALHADA,ESTR JOAO SALOMONI,BOLETIM,0,0,0,1,0,0
P8,Estr. Costa Gama x Estr. Afonso Lourenco Mariante,point,117.9,100.0,nao_contexto,684739,20210717,21:35,SABADO,-30.116221939999999,-51.177295000000001,ESTR COSTA GAMA,,BOLETIM,0,0,0,0,0,0
P8,Estr. Costa Gama x Estr. Afonso Lourenco Mariante,point,117.9,100.0,nao_contexto,684635,20210717,21:35,SABADO,-30.116221939999999,-51.177295000000001,ESTR COSTA GAMA,,BOLETIM,0,0,0,0,0,0
P4,Corredor Av. Vicente Monteggia,polyline,8.6,50.0,sim,684658,20210719,07:30,SEGUNDA-FEIRA,-30.110891120000002,-51.218558999999999,AV VICENTE MONTEGGIA,,BOLETIM,1,1,0,1,0,0
P3,Acesso Av. Vicente Monteggia via Joao Salomoni/Rodrigues,point,27.2,100.0,sim,684763,20210722,11:30,QUINTA-FEIRA,-30.115447589999999,-51.212755999999999,ESTR JOAO SALOMONI,,BOLETIM,1,0,0,1,0,0
P4,Corredor Av. Vicente Monteggia,polyline,23.3,50.0,sim,684763,20210722,11:30,QUINTA-FEIRA,-30.115447589999999,-51.212755999999999,ESTR JOAO SALOMONI,,BOLETIM,1,0,0,1,0,0
P2,Confluencia Cristiano Kraemer x Belem Velho x Monte Cristo,point,39.2,100.0,sim,685067,20210726,17:30,SEGUNDA-FEIRA,-30.117431300000000,-51.206738999999999,AV RODRIGUES DA FONSECA,,BOLETIM,0,0,0,0,0,1
P4,Corredor Av. Vicente Monteggia,polyline,7.1,50.0,sim,685106,20210730,02:00,SEXTA-FEIRA,-30.095172999999999,-51.225712999999999,AV CAVALHADA,R DR CAMPOS VELHO,BOLETIM,0,0,0,0,0,0
P8,Estr. Costa Gama x Estr. Afonso Lourenco Mariante,point,13.8,100.0,sim,685099,20210730,12:45,SEXTA-FEIRA,-30.115303740000002,-51.177058000000002,ESTR COSTA GAMA,,BOLETIM,0,0,0,1,0,0
P4,Corredor Av. Vicente Monteggia,polyline,4.4,50.0,sim,685053,20210731,11:30,SABADO,-30.111350850000001,-51.218294999999998,AV VICENTE MONTEGGIA,,BOLETIM,1,0,0,1,0,0
P2,Confluencia Cristiano Kraemer x Belem Velho x Monte Cristo,point,49.3,100.0,sim,685088,20210801,16:50,DOMINGO,-30.117733789999999,-51.205888000000002,ESTR CRISTIANO KRAEMER,,BOLETIM,1,0,0,1,0,0
P4,Corredor Av. Vicente Monteggia,polyline,4.7,50.0,sim,685147,20210802,07:40,SEGUNDA-FEIRA,-30.095149280000001,-51.225779000000003,AV CAVALHADA,,BOLETIM,1,0,0,1,1,0
P4,Corredor Av. Vicente Monteggia,polyline,4.7,50.0,sim,685104,20210802,07:18,SEGUNDA-FEIRA,-30.095149280000001,-51.225779000000003,AV CAVALHADA,,ATENDIMENTO,2,0,0,1,1,0
P4,Corredor Av. Vicente Monteggia,polyline,4.1,50.0,sim,685516,20210804,20:20,QUARTA-FEIRA,-30.097698999999999,-51.224773999999996,AV VICENTE MONTEGGIA,,BOLETIM,0,0,0,0,0,0
P4,Corredor Av. Vicente Monteggia,polyline,9.5,50.0,sim,685333,20210805,13:30,QUINTA-FEIRA,-30.102496760000001,-51.223483999999999,AV VICENTE MONTEGGIA,,BOLETIM,0,0,0,0,0,0
P4,Corredor Av. Vicente Monteggia,polyline,9.5,50.0,sim,685314,20210805,13:30,QUINTA-FEIRA,-30.102496760000001,-51.223483999999999,AV VICENTE MONTEGGIA,,BOLETIM,0,0,0,0,0,0
P4,Corredor Av. Vicente Monteggia,polyline,7.0,50.0,sim,685361,20210805,21:30,QUINTA-FEIRA,-30.110357340000000,-51.219003000000001,AV VICENTE MONTEGGIA,,BOLETIM,0,0,0,0,0,0
P7,Estr. 3 Meninas x Estr. Costa Gama,point,40.2,100.0,sim,685488,20210809,09:00,SEGUNDA-FEIRA,-30.134053080000001,-51.175552000000003,ESTR COSTA GAMA,,BOLETIM,1,0,0,0,1,0
P4,Corredor Av. Vicente Monteggia,polyline,7.5,50.0,sim,685484,20210810,10:30,TERCA-FEIRA,-30.112272409999999,-51.217053000000000,AV VICENTE MONTEGGIA,,BOLETIM,0,0,0,0,0,0
P2,Confluencia Cristiano Kraemer x Belem Velho x Monte Cristo,point,117.1,100.0,nao_contexto,685551,20210810,16:00,TERCA-FEIRA,-30.117148210000000,-51.207481000000001,AV RODRIGUES DA FONSECA,,BOLETIM,0,0,0,0,0,0
P4,Corredor Av. Vicente Monteggia,polyline,7.3,50.0,sim,685653,20210813,10:50,SEXTA-FEIRA,-30.099875810000000,-51.225202000000003,AV VICENTE MONTEGGIA,,BOLETIM,0,0,0,0,0,0
P8,Estr. Costa Gama x Estr. Afonso Lourenco Mariante,point,43.3,100.0,sim,685864,20210816,00:05,SEGUNDA-FEIRA,-30.115364459999999,-51.176673999999998,R OITO ESTR AFONSO LOURENCO MARIANTE,,BOLETIM,0,0,0,0,0,0
P3,Acesso Av. Vicente Monteggia via Joao Salomoni/Rodrigues,point,64.2,100.0,sim,685960,20210817,07:30,TERCA-FEIRA,-30.114932520000000,-51.212358000000002,AV VICENTE MONTEGGIA,,BOLETIM,0,0,0,0,0,0
P4,Corredor Av. Vicente Monteggia,polyline,3.0,50.0,sim,685960,20210817,07:30,TERCA-FEIRA,-30.114932520000000,-51.212358000000002,AV VICENTE MONTEGGIA,,BOLETIM,0,0,0,0,0,0
P3,Acesso Av. Vicente Monteggia via Joao Salomoni/Rodrigues,point,181.2,100.0,nao_contexto,686092,20210817,20:52,TERCA-FEIRA,-30.114969980000001,-51.214261999999998,ESTR JOAO SALOMONI,R AURORA,ATENDIMENTO,1,0,0,1,0,0
P1,Rotula Estr. 3 Meninas x Estr. Cristiano Kraemer,point,31.7,100.0,sim,685775,20210818,15:00,QUARTA-FEIRA,-30.118090800000001,-51.202978999999999,ESTR TRES MENINAS,,BOLETIM,2,0,0,0,0,0
P3,Acesso Av. Vicente Monteggia via Joao Salomoni/Rodrigues,point,95.4,100.0,sim,685845,20210819,10:32,QUINTA-FEIRA,-30.115254889999999,-51.213430000000002,ESTR JOAO SALOMONI,,BOLETIM,0,0,0,1,0,0
P4,Corredor Av. Vicente Monteggia,polyline,91.5,50.0,nao_contexto,685845,20210819,10:32,QUINTA-FEIRA,-30.115254889999999,-51.213430000000002,ESTR JOAO SALOMONI,,BOLETIM,0,0,0,1,0,0
P4,Corredor Av. Vicente Monteggia,polyline,6.5,50.0,sim,685942,20210821,23:50,SABADO,-30.113307370000001,-51.213003000000000,AV VICENTE MONTEGGIA,ESTR JOAO PASSUELO,ATENDIMENTO,1,0,0,1,0,0
P4,Corredor Av. Vicente Monteggia,polyline,24.7,50.0,sim,686001,20210821,23:50,SABADO,-30.113497469999999,-51.212654999999998,ESTR JOAO PASSUELO,,BOLETIM,0,0,0,1,0,0
P4,Corredor Av. Vicente Monteggia,polyline,5.9,50.0,sim,687412,20210825,14:00,QUARTA-FEIRA,-30.109412970000001,-51.219780000000000,AV VICENTE MONTEGGIA,,BOLETIM,1,0,0,1,0,0
P4,Corredor Av. Vicente Monteggia,polyline,5.9,50.0,sim,686478,20210904,00:05,SABADO,-30.101178080000000,-51.224241999999997,AV VICENTE MONTEGGIA,,BOLETIM,0,0,0,1,0,0
P5,Joao Salomoni x Av. da Cavalhada,point,4.0,100.0,sim,686468,20210904,16:00,SABADO,-30.113088410000000,-51.226539000000002,AV CAVALHADA,,BOLETIM,0,0,0,0,0,0
P4,Corredor Av. Vicente Monteggia,polyline,24.3,50.0,sim,686503,20210906,12:00,SEGUNDA-FEIRA,-30.094960830000002,-51.225509000000002,AV CAVALHADA,,BOLETIM,0,0,0,0,0,0
P2,Confluencia Cristiano Kraemer x Belem Velho x Monte Cristo,point,98.2,100.0,sim,686628,20210908,11:37,QUARTA-FEIRA,-30.117605309999998,-51.205340000000000,ESTR CRISTIANO KRAEMER,,BOLETIM,0,0,0,0,0,0
P4,Corredor Av. Vicente Monteggia,polyline,4.9,50.0,sim,686638,20210909,11:20,QUINTA-FEIRA,-30.100330629999998,-51.224994000000002,AV VICENTE MONTEGGIA,,BOLETIM,0,0,0,0,0,0
P4,Corredor Av. Vicente Monteggia,polyline,5.9,50.0,sim,686586,20210912,17:30,DOMINGO,-30.109412970000001,-51.219780000000000,AV VICENTE MONTEGGIA,,BOLETIM,1,0,0,1,0,0
P3,Acesso Av. Vicente Monteggia via Joao Salomoni/Rodrigues,point,78.6,100.0,sim,686782,20210916,14:30,QUINTA-FEIRA,-30.114793580000001,-51.212468000000001,AV VICENTE MONTEGGIA,,BOLETIM,1,0,0,1,0,0
P4,Corredor Av. Vicente Monteggia,polyline,5.5,50.0,sim,686782,20210916,14:30,QUINTA-FEIRA,-30.114793580000001,-51.212468000000001,AV VICENTE MONTEGGIA,,BOLETIM,1,0,0,1,0,0
P3,Acesso Av. Vicente Monteggia via Joao Salomoni/Rodrigues,point,78.4,100.0,sim,686914,20210916,11:44,QUINTA-FEIRA,-30.115293760000000,-51.213259000000001,ESTR JOAO SALOMONI,,BOLETIM,0,0,0,0,0,0
P4,Corredor Av. Vicente Monteggia,polyline,74.6,50.0,nao_contexto,686914,20210916,11:44,QUINTA-FEIRA,-30.115293760000000,-51.213259000000001,ESTR JOAO SALOMONI,,BOLETIM,0,0,0,0,0,0
P2,Confluencia Cristiano Kraemer x Belem Velho x Monte Cristo,point,188.9,100.0,nao_contexto,686929,20210917,14:10,SEXTA-FEIRA,-30.116782829999998,-51.208106999999998,AV RODRIGUES DA FONSECA,,BOLETIM,0,0,0,0,0,0
P4,Corredor Av. Vicente Monteggia,polyline,7.1,50.0,sim,687144,20210921,15:45,TERCA-FEIRA,-30.095172999999999,-51.225712999999999,AV NONOAI,R DR CAMPOS VELHO,BOLETIM,0,0,0,0,0,0
P4,Corredor Av. Vicente Monteggia,polyline,2.0,50.0,sim,686945,20210922,09:05,QUARTA-FEIRA,-30.096814999999999,-51.224710000000002,AV FABIO ARAUJO SANTOS,AV VICENTE MONTEGGIA,BOLETIM,1,0,0,1,0,0
P4,Corredor Av. Vicente Monteggia,polyline,0.5,50.0,sim,686978,20210923,13:30,QUINTA-FEIRA,-30.097041510000000,-51.224643999999998,AV VICENTE MONTEGGIA,,BOLETIM,1,0,0,1,0,0
P4,Corredor Av. Vicente Monteggia,polyline,16.3,50.0,sim,687201,20210923,19:40,QUINTA-FEIRA,-30.107217660000000,-51.221907000000002,AV VICENTE MONTEGGIA,R AMAPA,BOLETIM,0,0,0,0,0,0
P5,Joao Salomoni x Av. da Cavalhada,point,4.0,100.0,sim,687351,20211002,21:00,SABADO,-30.113088410000000,-51.226539000000002,AV CAVALHADA,,BOLETIM,1,1,0,1,0,0
P1,Rotula Estr. 3 Meninas x Estr. Cristiano Kraemer,point,45.3,100.0,sim,687408,20211002,22:40,SABADO,-30.118127900000001,-51.203611000000002,ESTR CRISTIANO KRAEMER,,BOLETIM,1,1,0,1,0,0
P4,Corredor Av. Vicente Monteggia,polyline,7.1,50.0,sim,687487,20211004,10:10,SEGUNDA-FEIRA,-30.095172999999999,-51.225712999999999,R DR CAMPOS VELHO,AV CAVALHADA,BOLETIM,0,0,0,0,0,0
P4,Corredor Av. Vicente Monteggia,polyline,6.5,50.0,sim,687413,20211004,20:30,SEGUNDA-FEIRA,-30.110417720000001,-51.218955000000001,AV VICENTE MONTEGGIA,,BOLETIM,1,1,0,1,0,0
P4,Corredor Av. Vicente Monteggia,polyline,4.7,50.0,sim,687530,20211007,14:50,QUINTA-FEIRA,-30.095149280000001,-51.225779000000003,AV CAVALHADA,,BOLETIM,0,0,0,0,0,0
P4,Corredor Av. Vicente Monteggia,polyline,7.1,50.0,sim,687756,20211007,14:50,QUINTA-FEIRA,-30.095172999999999,-51.225712999999999,AV NONOAI,R DR CAMPOS VELHO,BOLETIM,0,0,0,0,0,0
P4,Corredor Av. Vicente Monteggia,polyline,8.9,50.0,sim,687605,20211008,08:10,SEXTA-FEIRA,-30.106607589999999,-51.222391000000002,AV VICENTE MONTEGGIA,,BOLETIM,1,0,0,1,0,0
P2,Confluencia Cristiano Kraemer x Belem Velho x Monte Cristo,point,100.5,100.0,nao_contexto,687896,20211008,10:10,SEXTA-FEIRA,-30.117564150000000,-51.205314999999999,ESTR CRISTIANO KRAEMER,,BOLETIM,0,0,0,0,0,0
P2,Confluencia Cristiano Kraemer x Belem Velho x Monte Cristo,point,100.5,100.0,nao_contexto,687887,20211008,10:10,SEXTA-FEIRA,-30.117564150000000,-51.205314999999999,ESTR CRISTIANO KRAEMER,,BOLETIM,0,0,0,0,0,0
P4,Corredor Av. Vicente Monteggia,polyline,7.1,50.0,sim,687853,20211013,10:10,QUARTA-FEIRA,-30.095172999999999,-51.225712999999999,AV CAVALHADA,R DR CAMPOS VELHO,BOLETIM,0,0,0,0,0,0
P4,Corredor Av. Vicente Monteggia,polyline,8.4,50.0,sim,687856,20211013,14:30,QUARTA-FEIRA,-30.106757320000000,-51.222341999999998,AV VICENTE MONTEGGIA,,BOLETIM,0,0,0,0,0,0
P8,Estr. Costa Gama x Estr. Afonso Lourenco Mariante,point,13.9,100.0,sim,691366,20211015,21:18,SEXTA-FEIRA,-30.115304859999998,-51.177073000000000,ESTR COSTA GAMA,,BOLETIM,1,0,0,1,0,0
P4,Corredor Av. Vicente Monteggia,polyline,7.1,50.0,sim,688611,20211025,16:50,SEGUNDA-FEIRA,-30.095172999999999,-51.225712999999999,AV VICENTE MONTEGGIA,AV NONOAI,BOLETIM,0,0,0,0,0,0
P4,Corredor Av. Vicente Monteggia,polyline,14.4,50.0,sim,688565,20211028,12:40,QUINTA-FEIRA,-30.095066679999999,-51.225630000000002,AV NONOAI,,BOLETIM,0,0,0,1,0,0
P5,Joao Salomoni x Av. da Cavalhada,point,6.4,100.0,sim,688795,20211031,09:20,DOMINGO,-30.113044750000000,-51.226481000000000,ESTR JOAO SALOMONI,AV CAVALHADA,BOLETIM,0,0,0,0,0,0
P5,Joao Salomoni x Av. da Cavalhada,point,6.4,100.0,sim,688957,20211104,16:10,QUINTA-FEIRA,-30.113044750000000,-51.226481000000000,ESTR JOAO SALOMONI,AV CAVALHADA,BOLETIM,0,0,0,0,0,0
P3,Acesso Av. Vicente Monteggia via Joao Salomoni/Rodrigues,point,9.1,100.0,sim,689124,20211111,07:20,QUINTA-FEIRA,-30.115423610000001,-51.212513999999999,AV VICENTE MONTEGGIA,,BOLETIM,2,0,0,1,0,0
P4,Corredor Av. Vicente Monteggia,polyline,2.5,50.0,sim,689124,20211111,07:20,QUINTA-FEIRA,-30.115423610000001,-51.212513999999999,AV VICENTE MONTEGGIA,,BOLETIM,2,0,0,1,0,0
P5,Joao Salomoni x Av. da Cavalhada,point,4.0,100.0,sim,689219,20211112,17:00,SEXTA-FEIRA,-30.113088410000000,-51.226539000000002,AV CAVALHADA,,BOLETIM,0,0,0,0,0,0
P3,Acesso Av. Vicente Monteggia via Joao Salomoni/Rodrigues,point,101.2,100.0,nao_contexto,689182,20211112,08:30,SEXTA-FEIRA,-30.115691999999999,-51.211450999999997,AV RODRIGUES DA FONSECA,,BOLETIM,2,0,0,0,0,0
P4,Corredor Av. Vicente Monteggia,polyline,95.0,50.0,nao_contexto,689182,20211112,08:30,SEXTA-FEIRA,-30.115691999999999,-51.211450999999997,AV RODRIGUES DA FONSECA,,BOLETIM,2,0,0,0,0,0
P7,Estr. 3 Meninas x Estr. Costa Gama,point,24.1,100.0,sim,689346,20211118,19:15,QUINTA-FEIRA,-30.133514779999999,-51.175767000000000,ESTR TRES MENINAS,ESTR COSTA GAMA,BOLETIM,0,0,0,1,0,0
P4,Corredor Av. Vicente Monteggia,polyline,12.5,50.0,sim,689498,20211122,12:20,SEGUNDA-FEIRA,-30.095101199999998,-51.225453999999999,AV NONOAI,,BOLETIM,0,0,0,0,0,0
P8,Estr. Costa Gama x Estr. Afonso Lourenco Mariante,point,192.8,100.0,nao_contexto,689546,20211122,17:15,SEGUNDA-FEIRA,-30.113449729999999,-51.176948000000003,R DR SARMENTO BARATA,,BOLETIM,1,0,0,1,0,0
P5,Joao Salomoni x Av. da Cavalhada,point,153.2,100.0,nao_contexto,689888,20211129,17:50,SEGUNDA-FEIRA,-30.113099479999999,-51.224907000000002,ESTR JOAO SALOMONI,,BOLETIM,0,0,0,0,0,0
P5,Joao Salomoni x Av. da Cavalhada,point,101.2,100.0,nao_contexto,690600,20211130,21:00,TERCA-FEIRA,-30.112214099999999,-51.226742000000002,AV CAVALHADA,,BOLETIM,0,0,0,0,0,0
P2,Confluencia Cristiano Kraemer x Belem Velho x Monte Cristo,point,97.7,100.0,sim,689887,20211130,07:50,TERCA-FEIRA,-30.117249950000001,-51.207310000000000,AV RODRIGUES DA FONSECA,,BOLETIM,2,0,0,2,0,0
P4,Corredor Av. Vicente Monteggia,polyline,7.0,50.0,sim,689955,20211201,08:00,QUARTA-FEIRA,-30.097930630000000,-51.224950999999997,AV VICENTE MONTEGGIA,,BOLETIM,1,0,0,1,0,0
P4,Corredor Av. Vicente Monteggia,polyline,5.9,50.0,sim,690042,20211202,10:35,QUINTA-FEIRA,-30.109412970000001,-51.219780000000000,AV VICENTE MONTEGGIA,,BOLETIM,0,0,0,0,0,0
P8,Estr. Costa Gama x Estr. Afonso Lourenco Mariante,point,0.6,100.0,sim,690121,20211203,16:30,SEXTA-FEIRA,-30.115180840000001,-51.177064000000001,ESTR AFONSO LOURENCO MARIANTE,ESTR COSTA GAMA,BOLETIM,0,0,0,0,0,0
P4,Corredor Av. Vicente Monteggia,polyline,7.0,50.0,sim,690116,20211208,21:15,QUARTA-FEIRA,-30.110357340000000,-51.219003000000001,AV VICENTE MONTEGGIA,,BOLETIM,1,1,0,1,0,0
P2,Confluencia Cristiano Kraemer x Belem Velho x Monte Cristo,point,30.0,100.0,sim,690311,20211208,12:45,QUARTA-FEIRA,-30.117675999999999,-51.206642000000002,AV RODRIGUES DA FONSECA,ESTR CRISTIANO KRAEMER,BOLETIM,0,0,0,0,0,0
P4,Corredor Av. Vicente Monteggia,polyline,37.0,50.0,sim,690346,20211211,15:20,SABADO,-30.094997960000001,-51.225225999999999,AV NONOAI,,BOLETIM,0,0,0,0,0,0
P4,Corredor Av. Vicente Monteggia,polyline,7.7,50.0,sim,690278,20211212,09:20,DOMINGO,-30.099297900000000,-51.225465999999997,AV VICENTE MONTEGGIA,,BOLETIM,1,0,0,0,0,0
P4,Corredor Av. Vicente Monteggia,polyline,15.9,50.0,sim,690376,20211213,08:35,SEGUNDA-FEIRA,-30.100917720000002,-51.224913999999998,AV VICENTE MONTEGGIA,AV OTTO NIEMEYER,BOLETIM,0,0,0,0,0,0
P4,Corredor Av. Vicente Monteggia,polyline,12.5,50.0,sim,690552,20211218,16:00,SABADO,-30.095101199999998,-51.225453999999999,AV NONOAI,,BOLETIM,0,0,0,0,0,1
P4,Corredor Av. Vicente Monteggia,polyline,6.2,50.0,sim,691012,20211220,07:40,SEGUNDA-FEIRA,-30.110460650000000,-51.218919000000000,AV VICENTE MONTEGGIA,,ATENDIMENTO,0,0,0,1,0,0
P4,Corredor Av. Vicente Monteggia,polyline,7.1,50.0,sim,692329,20211220,07:20,SEGUNDA-FEIRA,-30.112620920000001,-51.213892000000001,AV VICENTE MONTEGGIA,,BOLETIM,1,0,0,1,0,0
P4,Corredor Av. Vicente Monteggia,polyline,7.3,50.0,sim,690967,20211223,15:40,QUINTA-FEIRA,-30.111960340000000,-51.217416999999998,AV VICENTE MONTEGGIA,,BOLETIM,0,0,0,0,0,0
P3,Acesso Av. Vicente Monteggia via Joao Salomoni/Rodrigues,point,90.8,100.0,sim,690920,20211228,07:00,TERCA-FEIRA,-30.116192320000000,-51.211979999999997,R ATILIO SUPERTTI,,BOLETIM,1,0,0,1,0,0
P4,Corredor Av. Vicente Monteggia,polyline,82.7,50.0,nao_contexto,690920,20211228,07:00,TERCA-FEIRA,-30.116192320000000,-51.211979999999997,R ATILIO SUPERTTI,,BOLETIM,1,0,0,1,0,0
P4,Corredor Av. Vicente Monteggia,polyline,7.1,50.0,sim,690919,20211229,17:50,QUARTA-FEIRA,-30.095172999999999,-51.225712999999999,AV CAVALHADA,R DR CAMPOS VELHO,BOLETIM,0,0,0,0,0,0
P4,Corredor Av. Vicente Monteggia,polyline,5.5,50.0,sim,691195,20220103,18:40,SEGUNDA-FEIRA,-30.103728860000000,-51.223149999999997,AV VICENTE MONTEGGIA,,BOLETIM,0,0,0,0,0,0
P3,Acesso Av. Vicente Monteggia via Joao Salomoni/Rodrigues,point,78.4,100.0,sim,691192,20220103,14:20,SEGUNDA-FEIRA,-30.115293760000000,-51.213259000000001,ESTR JOAO SALOMONI,,BOLETIM,0,0,0,0,0,0
P4,Corredor Av. Vicente Monteggia,polyline,74.6,50.0,nao_contexto,691192,20220103,14:20,SEGUNDA-FEIRA,-30.115293760000000,-51.213259000000001,ESTR JOAO SALOMONI,,BOLETIM,0,0,0,0,0,0
P3,Acesso Av. Vicente Monteggia via Joao Salomoni/Rodrigues,point,186.5,100.0,nao_contexto,692402,20220106,20:05,QUINTA-FEIRA,-30.114987989999999,-51.214326999999997,ESTR JOAO SALOMONI,,ATENDIMENTO,1,0,0,1,0,0
P4,Corredor Av. Vicente Monteggia,polyline,5.3,50.0,sim,691152,20220108,17:30,SABADO,-30.103694090000001,-51.223154999999998,AV VICENTE MONTEGGIA,,BOLETIM,1,0,0,1,0,0
P1,Rotula Estr. 3 Meninas x Estr. Cristiano Kraemer,point,28.4,100.0,sim,691279,20220108,12:15,SABADO,-30.118538493247399,-51.203057095479302,ESTR CRISTIANO KRAEMER,,BOLETIM,0,0,0,0,0,0
P7,Estr. 3 Meninas x Estr. Costa Gama,point,78.3,100.0,sim,691142,20220108,17:50,SABADO,-30.134391879999999,-51.175462000000003,ESTR COSTA GAMA,,BOLETIM,1,1,0,1,0,0
P2,Confluencia Cristiano Kraemer x Belem Velho x Monte Cristo,point,123.1,100.0,nao_contexto,694240,20220110,18:52,SEGUNDA-FEIRA,-30.117377770000001,-51.205098000000000,ESTR CRISTIANO KRAEMER,,BOLETIM,0,0,0,0,0,0
P2,Confluencia Cristiano Kraemer x Belem Velho x Monte Cristo,point,123.1,100.0,nao_contexto,691251,20220110,18:52,SEGUNDA-FEIRA,-30.117377770000001,-51.205098000000000,ESTR CRISTIANO KRAEMER,,BOLETIM,0,0,0,0,0,0
P4,Corredor Av. Vicente Monteggia,polyline,3.2,50.0,sim,691609,20220113,18:30,QUINTA-FEIRA,-30.111024520000001,-51.218603000000002,AV VICENTE MONTEGGIA,,BOLETIM,0,0,0,0,0,0
P4,Corredor Av. Vicente Monteggia,polyline,7.0,50.0,sim,691569,20220114,22:30,SEXTA-FEIRA,-30.097707669999998,-51.224812999999997,AV VICENTE MONTEGGIA,,BOLETIM,0,0,0,0,0,0
P5,Joao Salomoni x Av. da Cavalhada,point,6.4,100.0,sim,691626,20220118,11:00,TERCA-FEIRA,-30.113044750000000,-51.226481000000000,AV CAVALHADA,ESTR JOAO SALOMONI,BOLETIM,0,0,0,0,0,0
P8,Estr. Costa Gama x Estr. Afonso Lourenco Mariante,point,195.7,100.0,nao_contexto,691462,20220118,16:00,TERCA-FEIRA,-30.113424909999999,-51.177225000000000,R DR SARMENTO BARATA,,BOLETIM,1,0,0,1,0,0
P4,Corredor Av. Vicente Monteggia,polyline,14.8,50.0,sim,691952,20220119,18:30,QUARTA-FEIRA,-30.095101820000000,-51.225951000000002,R DR CAMPOS VELHO,,BOLETIM,2,0,0,1,0,0
P7,Estr. 3 Meninas x Estr. Costa Gama,point,24.1,100.0,sim,691558,20220119,18:30,QUARTA-FEIRA,-30.133514779999999,-51.175767000000000,ESTR TRES MENINAS,ESTR COSTA GAMA,BOLETIM,0,0,0,0,0,0
P4,Corredor Av. Vicente Monteggia,polyline,26.5,50.0,sim,691660,20220120,03:48,QUINTA-FEIRA,-30.094951540000000,-51.225459000000001,AV NONOAI,,BOLETIM,0,0,0,0,0,0
P5,Joao Salomoni x Av. da Cavalhada,point,111.8,100.0,nao_contexto,691728,20220122,09:40,SABADO,-30.114095769999999,-51.226337000000001,AV CAVALHADA,,BOLETIM,0,0,0,0,0,0
P5,Joao Salomoni x Av. da Cavalhada,point,88.2,100.0,sim,691881,20220125,15:35,TERCA-FEIRA,-30.113871230000001,-51.226286999999999,AV CAVALHADA,,BOLETIM,0,0,0,0,0,0
P1,Rotula Estr. 3 Meninas x Estr. Cristiano Kraemer,point,181.0,100.0,nao_contexto,692243,20220207,10:50,SEGUNDA-FEIRA,-30.119911110000000,-51.202852999999998,ESTR CRISTIANO KRAEMER,,BOLETIM,0,0,0,0,0,0
P4,Corredor Av. Vicente Monteggia,polyline,5.0,50.0,sim,692259,20220209,07:45,QUARTA-FEIRA,-30.100862880000001,-51.224601999999997,AV VICENTE MONTEGGIA,,BOLETIM,0,0,0,0,0,0
P2,Confluencia Cristiano Kraemer x Belem Velho x Monte Cristo,point,90.5,100.0,sim,692407,20220209,13:30,QUARTA-FEIRA,-30.117784879999999,-51.207264000000002,ESTR CRISTIANO KRAEMER,,ATENDIMENTO,1,0,0,1,0,0
P7,Estr. 3 Meninas x Estr. Costa Gama,point,185.1,100.0,nao_contexto,692279,20220210,18:25,QUINTA-FEIRA,-30.135313000000000,-51.175144000000003,ESTR COSTA GAMA,,BOLETIM,0,0,0,0,0,0
P4,Corredor Av. Vicente Monteggia,polyline,5.6,50.0,sim,692775,20220219,17:40,SABADO,-30.110913910000001,-51.218718000000003,AV VICENTE MONTEGGIA,,BOLETIM,0,0,0,1,0,0
P4,Corredor Av. Vicente Monteggia,polyline,5.4,50.0,sim,692798,20220224,14:25,QUINTA-FEIRA,-30.095460920000001,-51.225383999999998,AV VICENTE MONTEGGIA,,BOLETIM,0,0,0,0,0,0
P7,Estr. 3 Meninas x Estr. Costa Gama,point,24.1,100.0,sim,692831,20220224,18:59,QUINTA-FEIRA,-30.133514779999999,-51.175767000000000,ESTR TRES MENINAS,ESTR COSTA GAMA,ATENDIMENTO,0,0,0,1,0,0
P4,Corredor Av. Vicente Monteggia,polyline,26.5,50.0,sim,692825,20220227,23:10,DOMINGO,-30.094951540000000,-51.225459000000001,AV NONOAI,,BOLETIM,0,0,0,0,0,0
P4,Corredor Av. Vicente Monteggia,polyline,21.5,50.0,sim,693056,20220303,11:00,QUINTA-FEIRA,-30.095056039999999,-51.225375000000000,AV NONOAI,,BOLETIM,0,0,0,0,0,0
P5,Joao Salomoni x Av. da Cavalhada,point,100.8,100.0,nao_contexto,693254,20220310,17:10,QUINTA-FEIRA,-30.113999700000001,-51.226374000000000,AV CAVALHADA,,BOLETIM,0,0,0,0,0,0
P3,Acesso Av. Vicente Monteggia via Joao Salomoni/Rodrigues,point,0.9,100.0,sim,693245,20220311,12:23,SEXTA-FEIRA,-30.115501999999999,-51.212471000000001,ESTR JOAO SALOMONI,AV VICENTE MONTEGGIA,BOLETIM,0,0,0,0,0,0
P4,Corredor Av. Vicente Monteggia,polyline,4.6,50.0,sim,693245,20220311,12:23,SEXTA-FEIRA,-30.115501999999999,-51.212471000000001,ESTR JOAO SALOMONI,AV VICENTE MONTEGGIA,BOLETIM,0,0,0,0,0,0
P4,Corredor Av. Vicente Monteggia,polyline,6.9,50.0,sim,693291,20220315,07:30,TERCA-FEIRA,-30.107058450000000,-51.222237999999997,AV VICENTE MONTEGGIA,,BOLETIM,1,0,0,1,0,0
P4,Corredor Av. Vicente Monteggia,polyline,5.9,50.0,sim,693336,20220317,08:30,QUINTA-FEIRA,-30.109412970000001,-51.219780000000000,AV VICENTE MONTEGGIA,,BOLETIM,2,1,0,1,0,0
P4,Corredor Av. Vicente Monteggia,polyline,8.0,50.0,sim,693854,20220318,18:30,SEXTA-FEIRA,-30.110916230000001,-51.218546000000003,AV VICENTE MONTEGGIA,,BOLETIM,0,0,0,0,0,0
P9,Entroncamento Rua Santuario x Av. Oscar Pereira,point,174.6,100.0,nao_contexto,693480,20220321,13:39,SEGUNDA-FEIRA,-30.097929810000000,-51.176850000000002,AV PROF OSCAR PEREIRA,,BOLETIM,1,0,0,1,0,0
P8,Estr. Costa Gama x Estr. Afonso Lourenco Mariante,point,57.7,100.0,sim,693632,20220321,16:00,SEGUNDA-FEIRA,-30.114691199999999,-51.176869000000003,ESTR COSTA GAMA,,BOLETIM,1,1,0,1,0,0
P5,Joao Salomoni x Av. da Cavalhada,point,178.9,100.0,nao_contexto,693868,20220325,14:32,SEXTA-FEIRA,-30.114668309999999,-51.226083000000003,AV CAVALHADA,,BOLETIM,0,0,0,0,0,0
P4,Corredor Av. Vicente Monteggia,polyline,12.5,50.0,sim,694184,20220331,08:50,QUINTA-FEIRA,-30.095101199999998,-51.225453999999999,AV NONOAI,,BOLETIM,0,0,0,0,0,0
P2,Confluencia Cristiano Kraemer x Belem Velho x Monte Cristo,point,151.2,100.0,nao_contexto,697521,20220401,11:15,SEXTA-FEIRA,-30.117815119999999,-51.207903999999999,AV MONTE CRISTO,,ATENDIMENTO,1,0,0,1,0,0
P2,Confluencia Cristiano Kraemer x Belem Velho x Monte Cristo,point,182.0,100.0,nao_contexto,694169,20220403,02:15,DOMINGO,-30.118000620000000,-51.208182000000001,AV MONTE CRISTO,,BOLETIM,1,0,0,1,0,0
P5,Joao Salomoni x Av. da Cavalhada,point,178.9,100.0,nao_contexto,694200,20220405,14:20,TERCA-FEIRA,-30.114668309999999,-51.226083000000003,AV CAVALHADA,,BOLETIM,0,0,0,0,0,0
P3,Acesso Av. Vicente Monteggia via Joao Salomoni/Rodrigues,point,27.2,100.0,sim,694413,20220405,16:20,TERCA-FEIRA,-30.115447589999999,-51.212755999999999,ESTR JOAO SALOMONI,,ATENDIMENTO,1,0,0,0,0,0
P4,Corredor Av. Vicente Monteggia,polyline,23.3,50.0,sim,694413,20220405,16:20,TERCA-FEIRA,-30.115447589999999,-51.212755999999999,ESTR JOAO SALOMONI,,ATENDIMENTO,1,0,0,0,0,0
P4,Corredor Av. Vicente Monteggia,polyline,5.3,50.0,sim,694292,20220406,13:30,QUARTA-FEIRA,-30.104304180000000,-51.223016000000001,AV VICENTE MONTEGGIA,,BOLETIM,1,0,0,1,0,0
P1,Rotula Estr. 3 Meninas x Estr. Cristiano Kraemer,point,7.7,100.0,sim,694281,20220406,09:50,QUARTA-FEIRA,-30.118299470000000,-51.203268999999999,ESTR CRISTIANO KRAEMER,ESTR TRES MENINAS,BOLETIM,0,0,0,0,0,0
P8,Estr. Costa Gama x Estr. Afonso Lourenco Mariante,point,192.8,100.0,nao_contexto,694314,20220410,11:30,DOMINGO,-30.113449729999999,-51.176948000000003,R DR SARMENTO BARATA,,BOLETIM,1,0,0,1,0,0
P5,Joao Salomoni x Av. da Cavalhada,point,6.4,100.0,sim,694572,20220411,10:00,SEGUNDA-FEIRA,-30.113044750000000,-51.226481000000000,AV CAVALHADA,ESTR JOAO SALOMONI,BOLETIM,0,0,0,0,0,0
P6,Rota Florestan Fernandes / Estrada Kanazawa,polyline,2.8,50.0,sim,695042,20220416,21:20,SABADO,-30.117521390000000,-51.184162000000001,AV BELEM VELHO,,BOLETIM,0,0,0,0,0,0
P7,Estr. 3 Meninas x Estr. Costa Gama,point,24.1,100.0,sim,694672,20220418,19:00,SEGUNDA-FEIRA,-30.133514779999999,-51.175767000000000,ESTR TRES MENINAS,ESTR COSTA GAMA,BOLETIM,0,0,0,0,0,0
P4,Corredor Av. Vicente Monteggia,polyline,0.4,50.0,sim,695266,20220502,07:45,SEGUNDA-FEIRA,-30.095352080000001,-51.225490000000001,AV VICENTE MONTEGGIA,,BOLETIM,0,0,0,0,0,0
P2,Confluencia Cristiano Kraemer x Belem Velho x Monte Cristo,point,88.7,100.0,sim,695183,20220504,19:45,QUARTA-FEIRA,-30.117350840000000,-51.207250000000002,AV RODRIGUES DA FONSECA,R MIGUEL ASCOLEZE,BOLETIM,1,1,0,1,0,0
P1,Rotula Estr. 3 Meninas x Estr. Cristiano Kraemer,point,7.9,100.0,sim,695703,20220509,07:50,SEGUNDA-FEIRA,-30.118363980000002,-51.203243999999998,ESTR CRISTIANO KRAEMER,,BOLETIM,0,0,0,1,0,0
P3,Acesso Av. Vicente Monteggia via Joao Salomoni/Rodrigues,point,68.0,100.0,sim,695361,20220511,18:45,QUARTA-FEIRA,-30.115369619999999,-51.213171000000003,ESTR JOAO SALOMONI,R MARQUES DO MARICA,BOLETIM,1,0,0,0,0,0
P4,Corredor Av. Vicente Monteggia,polyline,63.9,50.0,nao_contexto,695361,20220511,18:45,QUARTA-FEIRA,-30.115369619999999,-51.213171000000003,ESTR JOAO SALOMONI,R MARQUES DO MARICA,BOLETIM,1,0,0,0,0,0
P2,Confluencia Cristiano Kraemer x Belem Velho x Monte Cristo,point,17.1,100.0,sim,695801,20220512,15:36,QUINTA-FEIRA,-30.117466929999999,-51.206218999999997,AV BELEM VELHO,ESTR CRISTIANO KRAEMER,BOLETIM,0,0,0,0,0,0
P8,Estr. Costa Gama x Estr. Afonso Lourenco Mariante,point,36.9,100.0,sim,695831,20220513,20:40,SEXTA-FEIRA,-30.115369869999999,-51.176755000000000,ESTR AFONSO LOURENCO MARIANTE,,BOLETIM,0,0,0,0,0,0
P2,Confluencia Cristiano Kraemer x Belem Velho x Monte Cristo,point,59.4,100.0,sim,695469,20220513,17:15,SEXTA-FEIRA,-30.117597600000000,-51.206975999999997,AV MONTE CRISTO,,BOLETIM,1,1,0,0,0,0
P5,Joao Salomoni x Av. da Cavalhada,point,6.4,100.0,sim,700866,20220516,18:00,SEGUNDA-FEIRA,-30.113044750000000,-51.226481000000000,AV CAVALHADA,ESTR JOAO SALOMONI,BOLETIM,0,0,0,1,0,0
P4,Corredor Av. Vicente Monteggia,polyline,3.5,50.0,sim,695692,20220519,07:42,QUINTA-FEIRA,-30.101619950000000,-51.223863000000001,AV VICENTE MONTEGGIA,,BOLETIM,1,0,0,1,0,0
P4,Corredor Av. Vicente Monteggia,polyline,7.1,50.0,sim,696008,20220521,14:50,SABADO,-30.095172999999999,-51.225712999999999,AV NONOAI,R DR CAMPOS VELHO,BOLETIM,0,0,0,0,0,0
P4,Corredor Av. Vicente Monteggia,polyline,0.6,50.0,sim,695870,20220521,20:40,SABADO,-30.110429109999998,-51.219022000000002,AV VICENTE MONTEGGIA,ESTR JOAO VEDANA,BOLETIM,1,1,0,1,0,0
P4,Corredor Av. Vicente Monteggia,polyline,5.9,50.0,sim,695990,20220522,02:30,DOMINGO,-30.109412970000001,-51.219780000000000,AV VICENTE MONTEGGIA,,BOLETIM,0,0,0,0,0,0
P4,Corredor Av. Vicente Monteggia,polyline,5.9,50.0,sim,695681,20220522,01:30,DOMINGO,-30.109412970000001,-51.219780000000000,AV VICENTE MONTEGGIA,,BOLETIM,0,0,0,0,0,0
P8,Estr. Costa Gama x Estr. Afonso Lourenco Mariante,point,195.7,100.0,nao_contexto,696038,20220524,08:35,TERCA-FEIRA,-30.113424909999999,-51.177225000000000,R DR SARMENTO BARATA,,BOLETIM,0,0,0,1,0,0
P4,Corredor Av. Vicente Monteggia,polyline,5.7,50.0,sim,696459,20220527,11:57,SEXTA-FEIRA,-30.108046779999999,-51.221119999999999,AV VICENTE MONTEGGIA,,BOLETIM,1,0,0,1,0,0
P7,Estr. 3 Meninas x Estr. Costa Gama,point,24.1,100.0,sim,696001,20220527,17:00,SEXTA-FEIRA,-30.133514779999999,-51.175767000000000,ESTR TRES MENINAS,ESTR COSTA GAMA,BOLETIM,0,0,0,0,0,0
P4,Corredor Av. Vicente Monteggia,polyline,61.4,50.0,nao_contexto,696375,20220604,11:24,SABADO,-30.107415060000001,-51.222693000000000,R GREGORIO PEREZ,,BOLETIM,1,0,0,1,0,0
P4,Corredor Av. Vicente Monteggia,polyline,6.2,50.0,sim,696682,20220607,18:20,TERCA-FEIRA,-30.105252680000000,-51.222631999999997,AV VICENTE MONTEGGIA,,ATENDIMENTO,1,0,0,1,0,0
P4,Corredor Av. Vicente Monteggia,polyline,6.5,50.0,sim,696980,20220607,19:50,TERCA-FEIRA,-30.113307370000001,-51.213003000000000,ESTR JOAO PASSUELO,AV VICENTE MONTEGGIA,BOLETIM,0,0,0,1,0,0
P4,Corredor Av. Vicente Monteggia,polyline,4.8,50.0,sim,696823,20220609,09:45,QUINTA-FEIRA,-30.111796170000002,-51.217785999999997,AV VICENTE MONTEGGIA,,BOLETIM,0,0,0,1,0,0
P4,Corredor Av. Vicente Monteggia,polyline,0.0,50.0,sim,696648,20220613,00:30,SEGUNDA-FEIRA,-30.100758610000000,-51.224733000000001,AV VICENTE MONTEGGIA,,BOLETIM,2,1,0,1,0,0
P7,Estr. 3 Meninas x Estr. Costa Gama,point,24.1,100.0,sim,696645,20220613,14:45,SEGUNDA-FEIRA,-30.133514779999999,-51.175767000000000,ESTR TRES MENINAS,ESTR COSTA GAMA,BOLETIM,1,0,0,1,0,0
P9,Entroncamento Rua Santuario x Av. Oscar Pereira,point,64.8,100.0,sim,696854,20220618,11:20,SABADO,-30.096214849999999,-51.177835999999999,AV PROF OSCAR PEREIRA,,BOLETIM,1,1,0,1,0,0
P4,Corredor Av. Vicente Monteggia,polyline,6.8,50.0,sim,696895,20220619,15:30,DOMINGO,-30.096130190000000,-51.225181999999997,AV VICENTE MONTEGGIA,,BOLETIM,0,0,0,0,0,0
P4,Corredor Av. Vicente Monteggia,polyline,1.2,50.0,sim,697228,20220621,12:30,TERCA-FEIRA,-30.105050110000001,-51.222745000000003,AV VICENTE MONTEGGIA,ESTR ARACAJU,BOLETIM,0,0,0,0,0,0
P9,Entroncamento Rua Santuario x Av. Oscar Pereira,point,64.8,100.0,sim,697282,20220624,16:20,SEXTA-FEIRA,-30.096214849999999,-51.177835999999999,AV PROF OSCAR PEREIRA,,BOLETIM,1,0,0,0,0,0
P3,Acesso Av. Vicente Monteggia via Joao Salomoni/Rodrigues,point,9.1,100.0,sim,697139,20220624,19:00,SEXTA-FEIRA,-30.115423610000001,-51.212513999999999,AV VICENTE MONTEGGIA,,BOLETIM,1,1,0,0,0,0
P4,Corredor Av. Vicente Monteggia,polyline,2.5,50.0,sim,697139,20220624,19:00,SEXTA-FEIRA,-30.115423610000001,-51.212513999999999,AV VICENTE MONTEGGIA,,BOLETIM,1,1,0,0,0,0
P4,Corredor Av. Vicente Monteggia,polyline,7.1,50.0,sim,697244,20220626,05:50,DOMINGO,-30.095172999999999,-51.225712999999999,AV CAVALHADA,R DR CAMPOS VELHO,BOLETIM,0,0,0,0,0,0
P8,Estr. Costa Gama x Estr. Afonso Lourenco Mariante,point,103.0,100.0,nao_contexto,697315,20220627,09:40,SEGUNDA-FEIRA,-30.114283199999999,-51.176803000000000,ESTR COSTA GAMA,,BOLETIM,0,0,0,0,0,0
P2,Confluencia Cristiano Kraemer x Belem Velho x Monte Cristo,point,17.1,100.0,sim,697418,20220628,18:15,TERCA-FEIRA,-30.117466929999999,-51.206218999999997,AV BELEM VELHO,ESTR CRISTIANO KRAEMER,BOLETIM,0,0,0,0,0,0
P4,Corredor Av. Vicente Monteggia,polyline,3.2,50.0,sim,697325,20220630,13:20,QUINTA-FEIRA,-30.097559159999999,-51.224617000000002,AV VICENTE MONTEGGIA,,ATENDIMENTO,1,0,0,1,0,0
P7,Estr. 3 Meninas x Estr. Costa Gama,point,47.8,100.0,sim,697560,20220701,14:00,SEXTA-FEIRA,-30.133301880000001,-51.175784999999998,ESTR COSTA GAMA,ESTR TRES MENINAS,BOLETIM,0,0,0,0,0,0
P4,Corredor Av. Vicente Monteggia,polyline,2.1,50.0,sim,697472,20220702,13:15,SABADO,-30.100792999999999,-51.224783000000002,AV OTTO NIEMEYER,AV VICENTE MONTEGGIA,BOLETIM,0,0,0,0,0,0
P4,Corredor Av. Vicente Monteggia,polyline,5.5,50.0,sim,697621,20220703,02:15,DOMINGO,-30.103728860000000,-51.223149999999997,AV VICENTE MONTEGGIA,,BOLETIM,0,0,0,0,0,0
P4,Corredor Av. Vicente Monteggia,polyline,12.5,50.0,sim,697708,20220705,12:50,TERCA-FEIRA,-30.095101199999998,-51.225453999999999,AV NONOAI,,BOLETIM,0,0,0,1,0,0
P4,Corredor Av. Vicente Monteggia,polyline,3.2,50.0,sim,697798,20220710,13:30,DOMINGO,-30.111041810000000,-51.218589999999999,AV VICENTE MONTEGGIA,,BOLETIM,1,0,0,1,0,0
P4,Corredor Av. Vicente Monteggia,polyline,6.2,50.0,sim,697842,20220712,20:00,TERCA-FEIRA,-30.105252680000000,-51.222631999999997,AV VICENTE MONTEGGIA,,BOLETIM,1,0,0,1,0,0
P4,Corredor Av. Vicente Monteggia,polyline,5.2,50.0,sim,698100,20220719,17:10,TERCA-FEIRA,-30.103334810000000,-51.223125000000003,AV VICENTE MONTEGGIA,,BOLETIM,1,0,0,1,0,0
P5,Joao Salomoni x Av. da Cavalhada,point,4.0,100.0,sim,698113,20220719,11:40,TERCA-FEIRA,-30.113088410000000,-51.226539000000002,AV CAVALHADA,,BOLETIM,1,0,0,2,0,0
P4,Corredor Av. Vicente Monteggia,polyline,2.4,50.0,sim,698136,20220720,20:16,QUARTA-FEIRA,-30.109073570000000,-51.220059999999997,AV VICENTE MONTEGGIA,,BOLETIM,1,0,0,0,0,0
P4,Corredor Av. Vicente Monteggia,polyline,7.4,50.0,sim,698171,20220720,08:00,QUARTA-FEIRA,-30.110289280000000,-51.219056000000002,AV VICENTE MONTEGGIA,,BOLETIM,1,0,0,1,0,0
P4,Corredor Av. Vicente Monteggia,polyline,7.1,50.0,sim,698444,20220722,22:50,SEXTA-FEIRA,-30.095172999999999,-51.225712999999999,AV NONOAI,AV VICENTE MONTEGGIA,BOLETIM,1,0,0,1,0,0
P4,Corredor Av. Vicente Monteggia,polyline,4.7,50.0,sim,698273,20220725,00:15,SEGUNDA-FEIRA,-30.095149280000001,-51.225779000000003,AV CAVALHADA,,BOLETIM,0,0,0,0,0,0
P4,Corredor Av. Vicente Monteggia,polyline,7.1,50.0,sim,698509,20220725,00:15,SEGUNDA-FEIRA,-30.095172999999999,-51.225712999999999,AV CAVALHADA,R DR CAMPOS VELHO,BOLETIM,0,0,0,0,0,0
P4,Corredor Av. Vicente Monteggia,polyline,7.1,50.0,sim,699243,20220729,17:00,SEXTA-FEIRA,-30.095172949999998,-51.225712999999999,AV CAVALHADA,AV VICENTE MONTEGGIA,ATENDIMENTO,1,0,0,0,0,0
P4,Corredor Av. Vicente Monteggia,polyline,8.4,50.0,sim,698624,20220729,15:00,SEXTA-FEIRA,-30.101295709999999,-51.224066999999998,AV VICENTE MONTEGGIA,,BOLETIM,0,0,0,0,0,0
P5,Joao Salomoni x Av. da Cavalhada,point,85.4,100.0,sim,698738,20220801,12:50,SEGUNDA-FEIRA,-30.112354570000001,-51.226714000000001,AV CAVALHADA,,BOLETIM,1,0,0,0,0,0
P4,Corredor Av. Vicente Monteggia,polyline,15.9,50.0,sim,698833,20220809,12:10,TERCA-FEIRA,-30.100917720000002,-51.224913999999998,AV VICENTE MONTEGGIA,AV OTTO NIEMEYER,BOLETIM,0,0,0,0,0,0
P2,Confluencia Cristiano Kraemer x Belem Velho x Monte Cristo,point,35.2,100.0,sim,698973,20220811,17:30,QUINTA-FEIRA,-30.117474309999999,-51.206007999999997,AV BELEM VELHO,,BOLETIM,0,0,0,0,0,0
P8,Estr. Costa Gama x Estr. Afonso Lourenco Mariante,point,21.7,100.0,sim,699031,20220814,21:00,DOMINGO,-30.115040459999999,-51.176912000000002,ESTR COSTA GAMA,,BOLETIM,0,0,0,0,0,0
P9,Entroncamento Rua Santuario x Av. Oscar Pereira,point,15.3,100.0,sim,699137,20220815,14:00,SEGUNDA-FEIRA,-30.096684379999999,-51.177934000000000,AV PROF OSCAR PEREIRA,,BOLETIM,0,0,0,0,0,2
P5,Joao Salomoni x Av. da Cavalhada,point,6.4,100.0,sim,699211,20220815,08:45,SEGUNDA-FEIRA,-30.113044750000000,-51.226481000000000,AV CAVALHADA,ESTR JOAO SALOMONI,BOLETIM,14,1,0,0,0,1
P5,Joao Salomoni x Av. da Cavalhada,point,178.9,100.0,nao_contexto,699458,20220817,18:40,QUARTA-FEIRA,-30.114668309999999,-51.226083000000003,AV CAVALHADA,,BOLETIM,0,0,0,1,0,0
P4,Corredor Av. Vicente Monteggia,polyline,0.5,50.0,sim,699655,20220824,15:30,QUARTA-FEIRA,-30.097041510000000,-51.224643999999998,AV VICENTE MONTEGGIA,,BOLETIM,0,0,0,0,0,0
P4,Corredor Av. Vicente Monteggia,polyline,6.2,50.0,sim,699659,20220824,18:30,QUARTA-FEIRA,-30.103105530000001,-51.223170000000003,AV VICENTE MONTEGGIA,,BOLETIM,0,0,0,0,0,0
P3,Acesso Av. Vicente Monteggia via Joao Salomoni/Rodrigues,point,154.9,100.0,nao_contexto,700939,20220827,19:00,SABADO,-30.114111630000000,-51.212612999999997,AV VICENTE MONTEGGIA,,BOLETIM,0,0,0,1,0,0
P4,Corredor Av. Vicente Monteggia,polyline,5.2,50.0,sim,700939,20220827,19:00,SABADO,-30.114111630000000,-51.212612999999997,AV VICENTE MONTEGGIA,,BOLETIM,0,0,0,1,0,0
P1,Rotula Estr. 3 Meninas x Estr. Cristiano Kraemer,point,114.0,100.0,nao_contexto,699933,20220829,16:50,SEGUNDA-FEIRA,-30.118006410000000,-51.202058000000001,ESTR TRES MENINAS,,BOLETIM,0,0,0,0,0,0
P1,Rotula Estr. 3 Meninas x Estr. Cristiano Kraemer,point,86.3,100.0,sim,699639,20220829,16:50,SEGUNDA-FEIRA,-30.118007909999999,-51.202362999999998,ESTR TRES MENINAS,,BOLETIM,0,0,0,0,0,0
P4,Corredor Av. Vicente Monteggia,polyline,5.4,50.0,sim,699728,20220830,14:00,TERCA-FEIRA,-30.103908120000000,-51.222997999999997,AV VICENTE MONTEGGIA,,BOLETIM,0,0,0,1,0,0
P4,Corredor Av. Vicente Monteggia,polyline,6.1,50.0,sim,699940,20220901,11:20,QUINTA-FEIRA,-30.106534320000002,-51.222251999999997,AV VICENTE MONTEGGIA,,BOLETIM,0,0,0,0,0,0
P5,Joao Salomoni x Av. da Cavalhada,point,153.2,100.0,nao_contexto,699968,20220903,09:20,SABADO,-30.113099479999999,-51.224907000000002,ESTR JOAO SALOMONI,,BOLETIM,0,0,0,0,0,0
P5,Joao Salomoni x Av. da Cavalhada,point,12.8,100.0,sim,698013,20220903,12:10,SABADO,-30.113179330000001,-51.226404000000002,AV CAVALHADA,,BOLETIM,0,0,0,0,0,0
P3,Acesso Av. Vicente Monteggia via Joao Salomoni/Rodrigues,point,191.0,100.0,nao_contexto,699965,20220904,15:10,DOMINGO,-30.115942000000000,-51.210560999999998,AV RODRIGUES DA FONSECA,,BOLETIM,0,0,0,0,0,0
P5,Joao Salomoni x Av. da Cavalhada,point,4.0,100.0,sim,700015,20220905,19:05,SEGUNDA-FEIRA,-30.113088410000000,-51.226539000000002,AV CAVALHADA,,BOLETIM,0,0,0,0,0,0
P4,Corredor Av. Vicente Monteggia,polyline,4.7,50.0,sim,700342,20220908,07:40,QUINTA-FEIRA,-30.111325000000001,-51.218192000000002,AV VICENTE MONTEGGIA,,BOLETIM,0,0,0,1,0,0
P1,Rotula Estr. 3 Meninas x Estr. Cristiano Kraemer,point,31.7,100.0,sim,700080,20220909,09:30,SEXTA-FEIRA,-30.118090800000001,-51.202978999999999,ESTR TRES MENINAS,,BOLETIM,1,0,0,1,0,0
P4,Corredor Av. Vicente Monteggia,polyline,65.2,50.0,nao_contexto,700150,20220910,11:00,SABADO,-30.095571050000000,-51.226318999999997,AV CAVALHADA,,ATENDIMENTO,1,0,0,0,0,0
P4,Corredor Av. Vicente Monteggia,polyline,4.3,50.0,sim,697779,20220910,13:40,SABADO,-30.111324830000001,-51.218324000000003,AV VICENTE MONTEGGIA,,ATENDIMENTO,1,0,0,1,0,0
P4,Corredor Av. Vicente Monteggia,polyline,5.9,50.0,sim,700162,20220912,12:50,SEGUNDA-FEIRA,-30.109412970000001,-51.219780000000000,AV VICENTE MONTEGGIA,,ATENDIMENTO,1,1,0,1,0,0
P7,Estr. 3 Meninas x Estr. Costa Gama,point,47.8,100.0,sim,700165,20220912,18:30,SEGUNDA-FEIRA,-30.133301880000001,-51.175784999999998,ESTR COSTA GAMA,ESTR TRES MENINAS,ATENDIMENTO,1,0,0,0,0,0
P7,Estr. 3 Meninas x Estr. Costa Gama,point,47.8,100.0,sim,700575,20220914,09:00,QUARTA-FEIRA,-30.133301880000001,-51.175784999999998,ESTR COSTA GAMA,ESTR TRES MENINAS,BOLETIM,0,0,0,0,0,0
P8,Estr. Costa Gama x Estr. Afonso Lourenco Mariante,point,121.0,100.0,nao_contexto,700911,20220918,11:50,DOMINGO,-30.115584009999999,-51.175902000000001,AL BOQUEIRAO,,BOLETIM,1,0,0,1,0,0
P1,Rotula Estr. 3 Meninas x Estr. Cristiano Kraemer,point,7.7,100.0,sim,700510,20220918,09:30,DOMINGO,-30.118299470000000,-51.203268999999999,ESTR CRISTIANO KRAEMER,ESTR TRES MENINAS,ATENDIMENTO,1,0,0,1,0,0
P4,Corredor Av. Vicente Monteggia,polyline,6.8,50.0,sim,700740,20220923,06:40,SEXTA-FEIRA,-30.101112430000001,-51.224505000000001,AV VICENTE MONTEGGIA,,BOLETIM,0,0,0,0,0,0
P3,Acesso Av. Vicente Monteggia via Joao Salomoni/Rodrigues,point,168.5,100.0,nao_contexto,700802,20220924,22:45,SABADO,-30.113992509999999,-51.212662999999999,AV VICENTE MONTEGGIA,,BOLETIM,1,1,0,0,1,0
P4,Corredor Av. Vicente Monteggia,polyline,4.9,50.0,sim,700802,20220924,22:45,SABADO,-30.113992509999999,-51.212662999999999,AV VICENTE MONTEGGIA,,BOLETIM,1,1,0,0,1,0
P3,Acesso Av. Vicente Monteggia via Joao Salomoni/Rodrigues,point,168.5,100.0,nao_contexto,700764,20220925,00:55,DOMINGO,-30.113992509999999,-51.212662999999999,AV VICENTE MONTEGGIA,,BOLETIM,1,0,0,1,0,0
P4,Corredor Av. Vicente Monteggia,polyline,4.9,50.0,sim,700764,20220925,00:55,DOMINGO,-30.113992509999999,-51.212662999999999,AV VICENTE MONTEGGIA,,BOLETIM,1,0,0,1,0,0
P4,Corredor Av. Vicente Monteggia,polyline,15.9,50.0,sim,701123,20221001,11:15,SABADO,-30.100917720000002,-51.224913999999998,AV VICENTE MONTEGGIA,AV OTTO NIEMEYER,BOLETIM,1,0,0,1,0,0
P2,Confluencia Cristiano Kraemer x Belem Velho x Monte Cristo,point,38.2,100.0,sim,701219,20221004,19:05,TERCA-FEIRA,-30.117660999999998,-51.206740000000003,AV RODRIGUES DA FONSECA,,ATENDIMENTO,1,0,0,0,0,0
P4,Corredor Av. Vicente Monteggia,polyline,3.6,50.0,sim,701593,20221006,17:00,QUINTA-FEIRA,-30.107367910000001,-51.221922999999997,AV VICENTE MONTEGGIA,,BOLETIM,0,0,0,0,0,0
P4,Corredor Av. Vicente Monteggia,polyline,4.4,50.0,sim,701587,20221006,09:15,QUINTA-FEIRA,-30.111350850000001,-51.218294999999998,AV VICENTE MONTEGGIA,,BOLETIM,0,0,0,1,0,0
P2,Confluencia Cristiano Kraemer x Belem Velho x Monte Cristo,point,23.1,100.0,sim,701820,20221007,09:55,SEXTA-FEIRA,-30.117736940000000,-51.206485000000001,ESTR CRISTIANO KRAEMER,,BOLETIM,0,0,0,0,0,0
P4,Corredor Av. Vicente Monteggia,polyline,38.2,50.0,sim,701414,20221008,22:57,SABADO,-30.100662848891101,-51.225348653398200,AV OTTO NIEMEYER,,BOLETIM,0,0,0,0,0,0
P5,Joao Salomoni x Av. da Cavalhada,point,6.4,100.0,sim,701491,20221011,13:45,TERCA-FEIRA,-30.113044750000000,-51.226481000000000,AV CAVALHADA,ESTR JOAO SALOMONI,ATENDIMENTO,1,0,0,0,0,0
P5,Joao Salomoni x Av. da Cavalhada,point,52.5,100.0,sim,701548,20221011,16:00,TERCA-FEIRA,-30.113095770000001,-51.225954000000002,ESTR JOAO SALOMONI,,BOLETIM,1,0,0,0,0,0
P4,Corredor Av. Vicente Monteggia,polyline,4.8,50.0,sim,702144,20221017,16:30,SEGUNDA-FEIRA,-30.110718989999999,-51.218857000000000,AV VICENTE MONTEGGIA,,BOLETIM,0,0,0,0,0,0
P5,Joao Salomoni x Av. da Cavalhada,point,6.4,100.0,sim,702143,20221017,08:40,SEGUNDA-FEIRA,-30.113044750000000,-51.226481000000000,ESTR JOAO SALOMONI,AV CAVALHADA,BOLETIM,0,0,0,0,0,0
P4,Corredor Av. Vicente Monteggia,polyline,26.5,50.0,sim,701746,20221018,18:56,TERCA-FEIRA,-30.094951540000000,-51.225459000000001,AV NONOAI,,BOLETIM,1,0,0,2,0,0
P2,Confluencia Cristiano Kraemer x Belem Velho x Monte Cristo,point,35.0,100.0,sim,701847,20221021,18:15,SEXTA-FEIRA,-30.117643409999999,-51.206009000000002,ESTR CRISTIANO KRAEMER,,BOLETIM,0,0,0,0,0,0
P4,Corredor Av. Vicente Monteggia,polyline,6.9,50.0,sim,701893,20221022,14:50,SABADO,-30.107165999999999,-51.222200999999998,AV VICENTE MONTEGGIA,,ATENDIMENTO,1,0,0,1,0,0
P5,Joao Salomoni x Av. da Cavalhada,point,8.5,100.0,sim,702004,20221024,10:00,SEGUNDA-FEIRA,-30.113078399999999,-51.226415000000003,AV CAVALHADA,,BOLETIM,0,0,0,0,0,0
P3,Acesso Av. Vicente Monteggia via Joao Salomoni/Rodrigues,point,62.2,100.0,sim,702097,20221024,08:20,SEGUNDA-FEIRA,-30.115639869999999,-51.211854000000002,AV RODRIGUES DA FONSECA,R ATILIO SUPERTTI,BOLETIM,0,0,0,0,0,0
P4,Corredor Av. Vicente Monteggia,polyline,55.8,50.0,nao_contexto,702097,20221024,08:20,SEGUNDA-FEIRA,-30.115639869999999,-51.211854000000002,AV RODRIGUES DA FONSECA,R ATILIO SUPERTTI,BOLETIM,0,0,0,0,0,0
P3,Acesso Av. Vicente Monteggia via Joao Salomoni/Rodrigues,point,101.2,100.0,nao_contexto,702090,20221024,09:40,SEGUNDA-FEIRA,-30.115691999999999,-51.211450999999997,AV RODRIGUES DA FONSECA,,BOLETIM,0,0,0,0,0,0
P4,Corredor Av. Vicente Monteggia,polyline,95.0,50.0,nao_contexto,702090,20221024,09:40,SEGUNDA-FEIRA,-30.115691999999999,-51.211450999999997,AV RODRIGUES DA FONSECA,,BOLETIM,0,0,0,0,0,0
P4,Corredor Av. Vicente Monteggia,polyline,15.9,50.0,sim,702326,20221027,16:00,QUINTA-FEIRA,-30.100917720000002,-51.224913999999998,AV VICENTE MONTEGGIA,AV OTTO NIEMEYER,BOLETIM,0,0,0,0,0,0
P4,Corredor Av. Vicente Monteggia,polyline,7.1,50.0,sim,702543,20221102,13:41,QUARTA-FEIRA,-30.095172999999999,-51.225712999999999,AV CAVALHADA,AV NONOAI,BOLETIM,1,0,0,0,0,0
P4,Corredor Av. Vicente Monteggia,polyline,7.1,50.0,sim,702441,20221102,13:40,QUARTA-FEIRA,-30.095172999999999,-51.225712999999999,AV VICENTE MONTEGGIA,AV NONOAI,ATENDIMENTO,1,0,0,0,0,0
P4,Corredor Av. Vicente Monteggia,polyline,5.0,50.0,sim,703505,20221103,17:45,QUINTA-FEIRA,-30.100862880000001,-51.224601999999997,AV VICENTE MONTEGGIA,,BOLETIM,0,0,0,0,0,0
P4,Corredor Av. Vicente Monteggia,polyline,5.3,50.0,sim,702717,20221103,19:40,QUINTA-FEIRA,-30.103354599999999,-51.223118999999997,AV VICENTE MONTEGGIA,,BOLETIM,1,0,0,1,0,0
P4,Corredor Av. Vicente Monteggia,polyline,5.3,50.0,sim,702421,20221104,08:10,SEXTA-FEIRA,-30.103694090000001,-51.223154999999998,AV VICENTE MONTEGGIA,,BOLETIM,1,0,0,1,0,0
P7,Estr. 3 Meninas x Estr. Costa Gama,point,151.8,100.0,nao_contexto,702584,20221107,14:00,SEGUNDA-FEIRA,-30.135058010000002,-51.175373999999998,ESTR COSTA GAMA,,BOLETIM,0,0,0,0,0,0
P3,Acesso Av. Vicente Monteggia via Joao Salomoni/Rodrigues,point,72.0,100.0,sim,702681,20221110,16:30,QUINTA-FEIRA,-30.115414040000001,-51.213222000000002,ESTR JOAO SALOMONI,,BOLETIM,1,0,0,1,0,0
P4,Corredor Av. Vicente Monteggia,polyline,67.4,50.0,nao_contexto,702681,20221110,16:30,QUINTA-FEIRA,-30.115414040000001,-51.213222000000002,ESTR JOAO SALOMONI,,BOLETIM,1,0,0,1,0,0
P5,Joao Salomoni x Av. da Cavalhada,point,6.4,100.0,sim,703034,20221114,19:45,SEGUNDA-FEIRA,-30.113044750000000,-51.226481000000000,AV CAVALHADA,ESTR JOAO SALOMONI,BOLETIM,0,0,0,1,0,0
P4,Corredor Av. Vicente Monteggia,polyline,6.9,50.0,sim,703243,20221115,12:15,TERCA-FEIRA,-30.108006719999999,-51.221350000000001,AV VICENTE MONTEGGIA,,BOLETIM,0,0,0,0,0,0
P5,Joao Salomoni x Av. da Cavalhada,point,6.4,100.0,sim,702911,20221116,21:20,QUARTA-FEIRA,-30.113044750000000,-51.226481000000000,AV CAVALHADA,ESTR JOAO SALOMONI,ATENDIMENTO,1,0,0,1,0,0
P5,Joao Salomoni x Av. da Cavalhada,point,4.0,100.0,sim,703109,20221116,21:30,QUARTA-FEIRA,-30.113088410000000,-51.226539000000002,AV CAVALHADA,,BOLETIM,1,1,0,1,0,0
P8,Estr. Costa Gama x Estr. Afonso Lourenco Mariante,point,35.4,100.0,sim,703060,20221121,09:00,SEGUNDA-FEIRA,-30.115487410000000,-51.177166999999997,ESTR COSTA GAMA,,ATENDIMENTO,1,0,0,1,0,0
P8,Estr. Costa Gama x Estr. Afonso Lourenco Mariante,point,45.3,100.0,sim,702976,20221121,08:45,SEGUNDA-FEIRA,-30.115575209999999,-51.177185999999999,ESTR COSTA GAMA,,BOLETIM,1,1,0,1,0,0
P4,Corredor Av. Vicente Monteggia,polyline,61.5,50.0,nao_contexto,703529,20221122,10:40,TERCA-FEIRA,-30.094788999999999,-51.225093999999999,AV NONOAI,,BOLETIM,0,0,0,0,0,0
P8,Estr. Costa Gama x Estr. Afonso Lourenco Mariante,point,13.8,100.0,sim,703102,20221123,15:47,QUARTA-FEIRA,-30.115303740000002,-51.177058000000002,ESTR COSTA GAMA,,BOLETIM,0,0,0,0,0,0
P4,Corredor Av. Vicente Monteggia,polyline,10.2,50.0,sim,703435,20221126,07:05,SABADO,-30.103934700000000,-51.222940999999999,AV VICENTE MONTEGGIA,,ATENDIMENTO,1,0,0,1,0,0
P4,Corredor Av. Vicente Monteggia,polyline,5.1,50.0,sim,703724,20221129,06:30,TERCA-FEIRA,-30.100995820000001,-51.224463999999998,AV VICENTE MONTEGGIA,,BOLETIM,0,0,0,0,0,0
P5,Joao Salomoni x Av. da Cavalhada,point,6.4,100.0,sim,703726,20221129,13:13,TERCA-FEIRA,-30.113044750000000,-51.226481000000000,AV CAVALHADA,ESTR JOAO SALOMONI,BOLETIM,0,0,0,0,0,0
P4,Corredor Av. Vicente Monteggia,polyline,7.1,50.0,sim,704285,20221202,17:20,SEXTA-FEIRA,-30.095172949999998,-51.225712999999999,AV CAVALHADA,AV VICENTE MONTEGGIA,BOLETIM,0,0,0,0,0,0
P4,Corredor Av. Vicente Monteggia,polyline,6.8,50.0,sim,703688,20221204,18:40,DOMINGO,-30.096130190000000,-51.225181999999997,AV VICENTE MONTEGGIA,,BOLETIM,2,0,0,0,0,0
P4,Corredor Av. Vicente Monteggia,polyline,16.3,50.0,sim,703999,20221207,21:25,QUARTA-FEIRA,-30.107217660000000,-51.221907000000002,AV VICENTE MONTEGGIA,R AMAPA,BOLETIM,0,0,0,0,0,0
P4,Corredor Av. Vicente Monteggia,polyline,6.7,50.0,sim,703955,20221208,16:00,QUINTA-FEIRA,-30.103685760000001,-51.223030000000001,AV VICENTE MONTEGGIA,,BOLETIM,0,0,0,0,0,0
P1,Rotula Estr. 3 Meninas x Estr. Cristiano Kraemer,point,63.8,100.0,sim,704456,20221214,18:40,QUARTA-FEIRA,-30.118832999999999,-51.202916999999999,R CEL FREDERICO CARLOS GOMES,ESTR CRISTIANO KRAEMER,BOLETIM,0,0,0,0,0,0
P4,Corredor Av. Vicente Monteggia,polyline,69.2,50.0,nao_contexto,704606,20221217,08:40,SABADO,-30.094843120000000,-51.224941999999999,AV NONOAI,,BOLETIM,0,0,0,0,0,0
P4,Corredor Av. Vicente Monteggia,polyline,0.6,50.0,sim,704622,20221218,,DOMINGO,-30.110429109999998,-51.219022000000002,AV VICENTE MONTEGGIA,ESTR JOAO VEDANA,BOLETIM,0,0,0,0,0,0
P5,Joao Salomoni x Av. da Cavalhada,point,4.0,100.0,sim,704616,20221219,19:45,SEGUNDA-FEIRA,-30.113088410000000,-51.226539000000002,AV CAVALHADA,,BOLETIM,0,0,0,0,0,0
P2,Confluencia Cristiano Kraemer x Belem Velho x Monte Cristo,point,30.0,100.0,sim,704641,20221220,14:20,TERCA-FEIRA,-30.117768880000000,-51.206558000000001,ESTR CRISTIANO KRAEMER,,BOLETIM,0,0,0,0,0,0
P4,Corredor Av. Vicente Monteggia,polyline,7.1,50.0,sim,704476,20221222,18:15,QUINTA-FEIRA,-30.095172949999998,-51.225712999999999,AV CAVALHADA,AV VICENTE MONTEGGIA,BOLETIM,0,0,0,0,0,0
P4,Corredor Av. Vicente Monteggia,polyline,10.2,50.0,sim,704841,20221223,08:00,SEXTA-FEIRA,-30.103934700000000,-51.222940999999999,AV VICENTE MONTEGGIA,,BOLETIM,0,0,0,1,0,0
P4,Corredor Av. Vicente Monteggia,polyline,6.2,50.0,sim,704551,20221223,13:15,SEXTA-FEIRA,-30.105252680000000,-51.222631999999997,AV VICENTE MONTEGGIA,,BOLETIM,1,0,0,1,0,0
P4,Corredor Av. Vicente Monteggia,polyline,5.6,50.0,sim,704989,20230101,23:42,DOMINGO,-30.112520960000001,-51.214900000000000,AV VICENTE MONTEGGIA,,BOLETIM,1,0,0,1,0,0
P1,Rotula Estr. 3 Meninas x Estr. Cristiano Kraemer,point,7.7,100.0,sim,704952,20230101,22:40,DOMINGO,-30.118299470000000,-51.203268999999999,ESTR CRISTIANO KRAEMER,ESTR TRES MENINAS,BOLETIM,0,0,0,0,0,0
P4,Corredor Av. Vicente Monteggia,polyline,2.1,50.0,sim,715456,20230104,21:45,QUARTA-FEIRA,-30.100792999999999,-51.224783000000002,AV OTTO NIEMEYER,AV VICENTE MONTEGGIA,BOLETIM,0,0,0,0,0,0
P5,Joao Salomoni x Av. da Cavalhada,point,113.9,100.0,nao_contexto,716071,20230104,13:35,QUARTA-FEIRA,-30.113132430000000,-51.225315999999999,ESTR JOAO SALOMONI,,ATENDIMENTO,1,0,0,0,0,0
P9,Entroncamento Rua Santuario x Av. Oscar Pereira,point,18.4,100.0,sim,705197,20230106,07:15,SEXTA-FEIRA,-30.096655980000001,-51.177919000000003,AV PROF OSCAR PEREIRA,,BOLETIM,0,0,0,0,0,1
P2,Confluencia Cristiano Kraemer x Belem Velho x Monte Cristo,point,17.1,100.0,sim,705208,20230107,07:30,SABADO,-30.117466929999999,-51.206218999999997,AV BELEM VELHO,ESTR CRISTIANO KRAEMER,BOLETIM,0,0,0,0,0,0
P5,Joao Salomoni x Av. da Cavalhada,point,137.4,100.0,nao_contexto,705193,20230108,03:40,DOMINGO,-30.114303230000001,-51.226176000000002,AV CAVALHADA,AV FAMILIA GONCALVES CARNEIRO,BOLETIM,0,0,0,0,0,0
P8,Estr. Costa Gama x Estr. Afonso Lourenco Mariante,point,192.8,100.0,nao_contexto,705166,20230109,18:30,SEGUNDA-FEIRA,-30.113449729999999,-51.176948000000003,R DR SARMENTO BARATA,,BOLETIM,1,0,0,1,0,0
P1,Rotula Estr. 3 Meninas x Estr. Cristiano Kraemer,point,103.7,100.0,nao_contexto,705320,20230110,09:30,TERCA-FEIRA,-30.119215069999999,-51.202931000000000,ESTR CRISTIANO KRAEMER,,BOLETIM,1,0,0,1,0,0
P4,Corredor Av. Vicente Monteggia,polyline,69.2,50.0,nao_contexto,715484,20230114,07:50,SABADO,-30.094843120000000,-51.224941999999999,AV NONOAI,,BOLETIM,0,0,0,0,0,0
P7,Estr. 3 Meninas x Estr. Costa Gama,point,24.1,100.0,sim,715537,20230119,09:15,QUINTA-FEIRA,-30.133514779999999,-51.175767000000000,ESTR TRES MENINAS,ESTR COSTA GAMA,BOLETIM,0,0,0,0,0,0
P4,Corredor Av. Vicente Monteggia,polyline,3.6,50.0,sim,715730,20230121,12:15,SABADO,-30.106065640000001,-51.222419000000002,AV VICENTE MONTEGGIA,,BOLETIM,1,0,0,0,0,0
P4,Corredor Av. Vicente Monteggia,polyline,6.6,50.0,sim,715687,20230122,13:00,DOMINGO,-30.110532200000002,-51.218859000000002,AV VICENTE MONTEGGIA,,BOLETIM,1,0,0,1,0,0
P4,Corredor Av. Vicente Monteggia,polyline,6.6,50.0,sim,715582,20230122,12:29,DOMINGO,-30.110532200000002,-51.218859000000002,AV VICENTE MONTEGGIA,,ATENDIMENTO,1,0,0,1,0,0
P7,Estr. 3 Meninas x Estr. Costa Gama,point,24.1,100.0,sim,715884,20230123,21:20,SEGUNDA-FEIRA,-30.133514779999999,-51.175767000000000,ESTR TRES MENINAS,ESTR COSTA GAMA,BOLETIM,0,0,0,0,0,0
P4,Corredor Av. Vicente Monteggia,polyline,12.8,50.0,sim,715816,20230125,17:10,QUARTA-FEIRA,-30.095068009999999,-51.225766999999998,R DR CAMPOS VELHO,,ATENDIMENTO,1,0,0,0,1,0
P4,Corredor Av. Vicente Monteggia,polyline,8.9,50.0,sim,716786,20230127,18:50,SEXTA-FEIRA,-30.106607589999999,-51.222391000000002,AV VICENTE MONTEGGIA,,BOLETIM,1,0,0,1,0,0
P3,Acesso Av. Vicente Monteggia via Joao Salomoni/Rodrigues,point,95.4,100.0,sim,715849,20230128,10:40,SABADO,-30.115254889999999,-51.213430000000002,ESTR JOAO SALOMONI,,ATENDIMENTO,1,0,0,1,0,0
P4,Corredor Av. Vicente Monteggia,polyline,91.5,50.0,nao_contexto,715849,20230128,10:40,SABADO,-30.115254889999999,-51.213430000000002,ESTR JOAO SALOMONI,,ATENDIMENTO,1,0,0,1,0,0
P4,Corredor Av. Vicente Monteggia,polyline,12.5,50.0,sim,716105,20230201,19:20,QUARTA-FEIRA,-30.095101199999998,-51.225453999999999,AV NONOAI,,BOLETIM,2,0,0,0,0,0
P2,Confluencia Cristiano Kraemer x Belem Velho x Monte Cristo,point,34.8,100.0,sim,699813,20230201,07:50,QUARTA-FEIRA,-30.117731150000001,-51.206662999999999,ESTR CRISTIANO KRAEMER,,BOLETIM,1,0,0,1,0,0
P1,Rotula Estr. 3 Meninas x Estr. Cristiano Kraemer,point,120.5,100.0,nao_contexto,716132,20230202,04:25,QUINTA-FEIRA,-30.119366450000001,-51.202911000000000,ESTR CRISTIANO KRAEMER,,BOLETIM,0,0,0,0,0,0
P8,Estr. Costa Gama x Estr. Afonso Lourenco Mariante,point,0.6,100.0,sim,716539,20230210,20:23,SEXTA-FEIRA,-30.115180840000001,-51.177064000000001,ESTR COSTA GAMA,ESTR AFONSO LOURENCO MARIANTE,BOLETIM,2,1,0,1,0,0
P7,Estr. 3 Meninas x Estr. Costa Gama,point,47.8,100.0,sim,716549,20230210,18:40,SEXTA-FEIRA,-30.133301880000001,-51.175784999999998,ESTR COSTA GAMA,ESTR TRES MENINAS,BOLETIM,0,0,0,0,0,0
P9,Entroncamento Rua Santuario x Av. Oscar Pereira,point,64.8,100.0,sim,727694,20230214,07:57,TERCA-FEIRA,-30.096214849999999,-51.177835999999999,AV PROF OSCAR PEREIRA,,BOLETIM,1,0,0,1,0,0
P8,Estr. Costa Gama x Estr. Afonso Lourenco Mariante,point,12.4,100.0,sim,716657,20230221,12:30,TERCA-FEIRA,-30.115291379999999,-51.177064000000001,ESTR COSTA GAMA,,BOLETIM,1,0,0,0,0,0
P4,Corredor Av. Vicente Monteggia,polyline,10.3,50.0,sim,716848,20230224,13:40,SEXTA-FEIRA,-30.103309729999999,-51.223295000000000,AV VICENTE MONTEGGIA,,BOLETIM,0,0,0,0,0,0
P4,Corredor Av. Vicente Monteggia,polyline,6.9,50.0,sim,716860,20230224,20:20,SEXTA-FEIRA,-30.107165999999999,-51.222200999999998,AV VICENTE MONTEGGIA,,BOLETIM,0,0,0,0,0,0
P3,Acesso Av. Vicente Monteggia via Joao Salomoni/Rodrigues,point,62.2,100.0,sim,716855,20230224,16:50,SEXTA-FEIRA,-30.115639869999999,-51.211854000000002,AV RODRIGUES DA FONSECA,R ATILIO SUPERTTI,BOLETIM,0,0,0,0,0,0
P4,Corredor Av. Vicente Monteggia,polyline,55.8,50.0,nao_contexto,716855,20230224,16:50,SEXTA-FEIRA,-30.115639869999999,-51.211854000000002,AV RODRIGUES DA FONSECA,R ATILIO SUPERTTI,BOLETIM,0,0,0,0,0,0
P4,Corredor Av. Vicente Monteggia,polyline,8.4,50.0,sim,716977,20230225,07:10,SABADO,-30.102858059999999,-51.223384000000003,AV VICENTE MONTEGGIA,,ATENDIMENTO,1,0,0,1,0,0
P8,Estr. Costa Gama x Estr. Afonso Lourenco Mariante,point,0.6,100.0,sim,717117,20230303,06:40,SEXTA-FEIRA,-30.115180840000001,-51.177064000000001,ESTR COSTA GAMA,ESTR AFONSO LOURENCO MARIANTE,BOLETIM,0,0,0,1,0,0
P4,Corredor Av. Vicente Monteggia,polyline,2.1,50.0,sim,727362,20230306,11:00,SEGUNDA-FEIRA,-30.100792999999999,-51.224783000000002,AV OTTO NIEMEYER,AV VICENTE MONTEGGIA,BOLETIM,0,0,0,0,0,0
P5,Joao Salomoni x Av. da Cavalhada,point,6.4,100.0,sim,728780,20230308,09:05,QUARTA-FEIRA,-30.113044750000000,-51.226481000000000,ESTR JOAO SALOMONI,AV CAVALHADA,BOLETIM,0,0,0,0,0,0
P4,Corredor Av. Vicente Monteggia,polyline,5.9,50.0,sim,727364,20230309,14:40,QUINTA-FEIRA,-30.109412970000001,-51.219780000000000,AV VICENTE MONTEGGIA,,ATENDIMENTO,1,0,0,1,0,0
P4,Corredor Av. Vicente Monteggia,polyline,5.9,50.0,sim,727338,20230309,14:40,QUINTA-FEIRA,-30.109412970000001,-51.219780000000000,AV VICENTE MONTEGGIA,,BOLETIM,1,0,0,1,0,0
P4,Corredor Av. Vicente Monteggia,polyline,7.2,50.0,sim,727463,20230309,06:40,QUINTA-FEIRA,-30.111982380000001,-51.217604999999999,AV VICENTE MONTEGGIA,,BOLETIM,0,0,0,0,0,0
P4,Corredor Av. Vicente Monteggia,polyline,7.1,50.0,sim,727568,20230314,13:50,TERCA-FEIRA,-30.095172999999999,-51.225712999999999,AV VICENTE MONTEGGIA,AV NONOAI,BOLETIM,0,0,0,0,0,0
P2,Confluencia Cristiano Kraemer x Belem Velho x Monte Cristo,point,80.1,100.0,sim,727796,20230320,04:30,SEGUNDA-FEIRA,-30.117442530000002,-51.207182000000003,AV RODRIGUES DA FONSECA,,BOLETIM,1,0,0,1,0,0
P4,Corredor Av. Vicente Monteggia,polyline,9.0,50.0,sim,727830,20230321,14:34,TERCA-FEIRA,-30.107761520000000,-51.221663999999997,AV VICENTE MONTEGGIA,,BOLETIM,0,0,0,0,0,1
P5,Joao Salomoni x Av. da Cavalhada,point,8.5,100.0,sim,728218,20230328,13:30,TERCA-FEIRA,-30.113078399999999,-51.226415000000003,AV CAVALHADA,,BOLETIM,0,0,0,0,0,0
P4,Corredor Av. Vicente Monteggia,polyline,8.5,50.0,sim,728359,20230331,12:20,SEXTA-FEIRA,-30.109044330000000,-51.220238000000002,AV VICENTE MONTEGGIA,,BOLETIM,1,0,0,1,0,0
P4,Corredor Av. Vicente Monteggia,polyline,5.5,50.0,sim,728450,20230331,20:38,SEXTA-FEIRA,-30.112529400000000,-51.216087000000002,AV VICENTE MONTEGGIA,,BOLETIM,2,0,0,0,0,0
P5,Joao Salomoni x Av. da Cavalhada,point,153.2,100.0,nao_contexto,728407,20230331,09:00,SEXTA-FEIRA,-30.113099479999999,-51.224907000000002,ESTR JOAO SALOMONI,,BOLETIM,0,0,0,0,0,1
P4,Corredor Av. Vicente Monteggia,polyline,4.7,50.0,sim,728427,20230401,08:30,SABADO,-30.111325000000001,-51.218192000000002,AV VICENTE MONTEGGIA,,ATENDIMENTO,1,0,0,1,0,0
P4,Corredor Av. Vicente Monteggia,polyline,8.9,50.0,sim,728428,20230402,16:50,DOMINGO,-30.106607589999999,-51.222391000000002,AV VICENTE MONTEGGIA,,ATENDIMENTO,2,0,0,1,0,0
P4,Corredor Av. Vicente Monteggia,polyline,7.1,50.0,sim,728580,20230403,12:30,SEGUNDA-FEIRA,-30.095172999999999,-51.225712999999999,R DR CAMPOS VELHO,AV CAVALHADA,BOLETIM,0,0,0,0,0,0
P8,Estr. Costa Gama x Estr. Afonso Lourenco Mariante,point,192.8,100.0,nao_contexto,728727,20230406,20:00,QUINTA-FEIRA,-30.113449729999999,-51.176948000000003,R DR SARMENTO BARATA,,BOLETIM,1,0,0,1,0,0
P4,Corredor Av. Vicente Monteggia,polyline,12.8,50.0,sim,728624,20230407,05:30,SEXTA-FEIRA,-30.095068009999999,-51.225766999999998,R DR CAMPOS VELHO,,BOLETIM,2,0,0,2,0,0
P2,Confluencia Cristiano Kraemer x Belem Velho x Monte Cristo,point,30.0,100.0,sim,728939,20230408,10:55,SABADO,-30.117675999999999,-51.206642000000002,AV RODRIGUES DA FONSECA,AV MONTE CRISTO,BOLETIM,0,0,0,0,0,0
P4,Corredor Av. Vicente Monteggia,polyline,7.1,50.0,sim,728937,20230409,06:30,DOMINGO,-30.095172999999999,-51.225712999999999,AV VICENTE MONTEGGIA,AV NONOAI,BOLETIM,0,0,0,0,0,0
P5,Joao Salomoni x Av. da Cavalhada,point,6.4,100.0,sim,728934,20230413,18:50,QUINTA-FEIRA,-30.113044750000000,-51.226481000000000,AV CAVALHADA,ESTR JOAO SALOMONI,BOLETIM,0,0,0,0,0,0
P9,Entroncamento Rua Santuario x Av. Oscar Pereira,point,68.8,100.0,sim,728951,20230414,14:00,SEXTA-FEIRA,-30.096188999999999,-51.177799000000000,AV PROF OSCAR PEREIRA,,ATENDIMENTO,1,0,0,0,0,0
P4,Corredor Av. Vicente Monteggia,polyline,0.7,50.0,sim,729224,20230414,13:35,SEXTA-FEIRA,-30.103885890000001,-51.223067999999998,ESTR ARACAJU,AV VICENTE MONTEGGIA,BOLETIM,0,0,0,0,0,0
P3,Acesso Av. Vicente Monteggia via Joao Salomoni/Rodrigues,point,150.2,100.0,nao_contexto,729235,20230415,15:30,SABADO,-30.115853000000001,-51.210973000000003,AV RODRIGUES DA FONSECA,,BOLETIM,0,0,0,0,0,0
P6,Rota Florestan Fernandes / Estrada Kanazawa,polyline,44.4,50.0,sim,729215,20230417,08:20,SEGUNDA-FEIRA,-30.120489440000000,-51.196931999999997,ESTR TRES MENINAS,,BOLETIM,0,0,0,0,0,0
P4,Corredor Av. Vicente Monteggia,polyline,1.8,50.0,sim,729376,20230420,14:00,QUINTA-FEIRA,-30.102280720000000,-51.223416000000000,AV VICENTE MONTEGGIA,,BOLETIM,0,0,0,0,0,0
P2,Confluencia Cristiano Kraemer x Belem Velho x Monte Cristo,point,64.7,100.0,sim,732079,20230423,16:10,DOMINGO,-30.117743604265200,-51.206998574486697,ESTR CRISTIANO KRAEMER,,BOLETIM,1,0,0,2,0,0
P4,Corredor Av. Vicente Monteggia,polyline,7.1,50.0,sim,729720,20230427,18:00,QUINTA-FEIRA,-30.095172999999999,-51.225712999999999,R DR CAMPOS VELHO,AV NONOAI,BOLETIM,0,0,0,0,0,0
P4,Corredor Av. Vicente Monteggia,polyline,7.0,50.0,sim,729471,20230427,13:40,QUINTA-FEIRA,-30.112408299999998,-51.215980000000002,AV VICENTE MONTEGGIA,,ATENDIMENTO,1,0,0,0,0,0
P5,Joao Salomoni x Av. da Cavalhada,point,4.0,100.0,sim,729840,20230428,19:00,SEXTA-FEIRA,-30.113088410000000,-51.226539000000002,AV CAVALHADA,,BOLETIM,0,0,0,0,0,0
P5,Joao Salomoni x Av. da Cavalhada,point,4.0,100.0,sim,729837,20230428,19:00,SEXTA-FEIRA,-30.113088410000000,-51.226539000000002,AV CAVALHADA,,BOLETIM,0,0,0,0,0,0
P3,Acesso Av. Vicente Monteggia via Joao Salomoni/Rodrigues,point,62.2,100.0,sim,729831,20230429,14:30,SABADO,-30.115639869999999,-51.211854000000002,R ATILIO SUPERTTI,AV RODRIGUES DA FONSECA,BOLETIM,0,0,0,0,0,0
P4,Corredor Av. Vicente Monteggia,polyline,55.8,50.0,nao_contexto,729831,20230429,14:30,SABADO,-30.115639869999999,-51.211854000000002,R ATILIO SUPERTTI,AV RODRIGUES DA FONSECA,BOLETIM,0,0,0,0,0,0
P1,Rotula Estr. 3 Meninas x Estr. Cristiano Kraemer,point,68.6,100.0,sim,729847,20230505,13:00,SEXTA-FEIRA,-30.118008910000000,-51.202567000000002,ESTR TRES MENINAS,,BOLETIM,0,0,0,0,0,0
P4,Corredor Av. Vicente Monteggia,polyline,0.0,50.0,sim,729969,20230508,16:00,SEGUNDA-FEIRA,-30.100758610000000,-51.224733000000001,AV VICENTE MONTEGGIA,,BOLETIM,0,0,0,0,0,0
P4,Corredor Av. Vicente Monteggia,polyline,6.4,50.0,sim,729955,20230508,07:30,SEGUNDA-FEIRA,-30.108132999999999,-51.221196999999997,AV VICENTE MONTEGGIA,,BOLETIM,0,0,0,0,0,0
P2,Confluencia Cristiano Kraemer x Belem Velho x Monte Cristo,point,16.8,100.0,sim,730089,20230512,16:00,SEXTA-FEIRA,-30.117503230000001,-51.206522000000000,AV BELEM VELHO,AV RODRIGUES DA FONSECA,ATENDIMENTO,2,1,0,1,0,0
P5,Joao Salomoni x Av. da Cavalhada,point,111.8,100.0,nao_contexto,730344,20230518,22:30,QUINTA-FEIRA,-30.114095769999999,-51.226337000000001,AV CAVALHADA,,BOLETIM,1,1,0,0,0,0
P7,Estr. 3 Meninas x Estr. Costa Gama,point,151.8,100.0,nao_contexto,730534,20230521,19:15,DOMINGO,-30.135058010000002,-51.175373999999998,ESTR COSTA GAMA,,BOLETIM,4,1,0,0,0,0
P5,Joao Salomoni x Av. da Cavalhada,point,101.2,100.0,nao_contexto,730623,20230522,17:30,SEGUNDA-FEIRA,-30.112214099999999,-51.226742000000002,AV CAVALHADA,,BOLETIM,1,1,0,1,0,0
P4,Corredor Av. Vicente Monteggia,polyline,16.3,50.0,sim,730735,20230525,18:30,QUINTA-FEIRA,-30.107217660000000,-51.221907000000002,AV VICENTE MONTEGGIA,R AMAPA,BOLETIM,0,0,0,0,0,0
P1,Rotula Estr. 3 Meninas x Estr. Cristiano Kraemer,point,198.6,100.0,nao_contexto,730748,20230527,10:00,SABADO,-30.117321100000002,-51.204909999999998,ESTR CRISTIANO KRAEMER,,ATENDIMENTO,1,0,0,1,0,0
P2,Confluencia Cristiano Kraemer x Belem Velho x Monte Cristo,point,142.0,100.0,nao_contexto,730748,20230527,10:00,SABADO,-30.117321100000002,-51.204909999999998,ESTR CRISTIANO KRAEMER,,ATENDIMENTO,1,0,0,1,0,0
P1,Rotula Estr. 3 Meninas x Estr. Cristiano Kraemer,point,114.0,100.0,nao_contexto,730934,20230527,09:57,SABADO,-30.118006410000000,-51.202058000000001,ESTR TRES MENINAS,,BOLETIM,1,0,0,1,0,0
P7,Estr. 3 Meninas x Estr. Costa Gama,point,59.0,100.0,sim,731255,20230602,08:00,SEXTA-FEIRA,-30.133199229999999,-51.175727000000002,ESTR COSTA GAMA,,BOLETIM,0,0,0,1,0,0
P4,Corredor Av. Vicente Monteggia,polyline,16.3,50.0,sim,731245,20230604,22:20,DOMINGO,-30.107217660000000,-51.221907000000002,AV VICENTE MONTEGGIA,R AMAPA,BOLETIM,1,1,0,1,0,0
P4,Corredor Av. Vicente Monteggia,polyline,79.9,50.0,nao_contexto,731098,20230605,12:55,SEGUNDA-FEIRA,-30.094882750000000,-51.226581000000003,R DR CAMPOS VELHO,,BOLETIM,0,0,0,0,0,0
P9,Entroncamento Rua Santuario x Av. Oscar Pereira,point,11.0,100.0,sim,731824,20230605,10:30,SEGUNDA-FEIRA,-30.096681449999998,-51.177999999999997,R SANTUARIO,AV PROF OSCAR PEREIRA,BOLETIM,1,0,0,1,0,0
P4,Corredor Av. Vicente Monteggia,polyline,7.1,50.0,sim,731533,20230608,00:20,QUINTA-FEIRA,-30.095172999999999,-51.225712999999999,R DR CAMPOS VELHO,AV CAVALHADA,BOLETIM,0,0,0,0,0,0
P5,Joao Salomoni x Av. da Cavalhada,point,4.0,100.0,sim,731653,20230610,08:30,SABADO,-30.113088410000000,-51.226539000000002,AV CAVALHADA,,BOLETIM,0,0,0,0,0,0
P4,Corredor Av. Vicente Monteggia,polyline,4.1,50.0,sim,731922,20230612,16:40,SEGUNDA-FEIRA,-30.104833719999998,-51.222869000000003,AV VICENTE MONTEGGIA,,BOLETIM,0,0,0,0,0,0
P4,Corredor Av. Vicente Monteggia,polyline,13.7,50.0,sim,732017,20230625,14:20,DOMINGO,-30.095102950000001,-51.225700000000003,AV NONOAI,,BOLETIM,0,0,0,1,0,0
P4,Corredor Av. Vicente Monteggia,polyline,4.7,50.0,sim,732039,20230626,19:05,SEGUNDA-FEIRA,-30.111325000000001,-51.218192000000002,AV VICENTE MONTEGGIA,,BOLETIM,1,0,0,1,0,0
P4,Corredor Av. Vicente Monteggia,polyline,8.2,50.0,sim,732233,20230627,17:13,TERCA-FEIRA,-30.107505990000000,-51.221941000000001,AV VICENTE MONTEGGIA,,BOLETIM,0,0,0,0,0,0
P4,Corredor Av. Vicente Monteggia,polyline,7.1,50.0,sim,732223,20230628,17:00,QUARTA-FEIRA,-30.095172999999999,-51.225712999999999,AV CAVALHADA,R DR CAMPOS VELHO,ATENDIMENTO,1,0,0,1,0,1
P8,Estr. Costa Gama x Estr. Afonso Lourenco Mariante,point,11.2,100.0,sim,732330,20230702,20:00,DOMINGO,-30.115079229999999,-51.177073999999998,ESTR COSTA GAMA,,BOLETIM,0,0,0,0,0,0
P8,Estr. Costa Gama x Estr. Afonso Lourenco Mariante,point,91.8,100.0,sim,732381,20230703,13:03,SEGUNDA-FEIRA,-30.114426399999999,-51.176679000000000,ESTR COSTA GAMA,,BOLETIM,1,0,0,0,1,0
P8,Estr. Costa Gama x Estr. Afonso Lourenco Mariante,point,0.6,100.0,sim,732568,20230704,08:30,TERCA-FEIRA,-30.115180840000001,-51.177064000000001,ESTR COSTA GAMA,ESTR AFONSO LOURENCO MARIANTE,BOLETIM,0,0,0,0,0,0
P4,Corredor Av. Vicente Monteggia,polyline,15.9,50.0,sim,732718,20230706,17:00,QUINTA-FEIRA,-30.100917720000002,-51.224913999999998,AV VICENTE MONTEGGIA,AV OTTO NIEMEYER,BOLETIM,0,0,0,0,0,0
P5,Joao Salomoni x Av. da Cavalhada,point,70.6,100.0,sim,732526,20230707,20:16,SEXTA-FEIRA,-30.112467179999999,-51.226565000000001,AV CAVALHADA,,BOLETIM,1,0,0,0,0,0
P2,Confluencia Cristiano Kraemer x Belem Velho x Monte Cristo,point,30.0,100.0,sim,732762,20230707,23:00,SEXTA-FEIRA,-30.117675999999999,-51.206642000000002,AV RODRIGUES DA FONSECA,AV MONTE CRISTO,BOLETIM,0,0,0,0,0,0
P4,Corredor Av. Vicente Monteggia,polyline,3.2,50.0,sim,733002,20230715,13:29,SABADO,-30.111024520000001,-51.218603000000002,AV VICENTE MONTEGGIA,,BOLETIM,1,1,0,1,0,0
P2,Confluencia Cristiano Kraemer x Belem Velho x Monte Cristo,point,38.2,100.0,sim,733091,20230715,12:00,SABADO,-30.117660999999998,-51.206740000000003,AV RODRIGUES DA FONSECA,,BOLETIM,0,0,0,0,0,0
P4,Corredor Av. Vicente Monteggia,polyline,0.0,50.0,sim,732866,20230716,20:00,DOMINGO,-30.100758610000000,-51.224733000000001,AV VICENTE MONTEGGIA,,BOLETIM,1,0,0,0,0,0
P4,Corredor Av. Vicente Monteggia,polyline,12.8,50.0,sim,732911,20230717,13:10,SEGUNDA-FEIRA,-30.095068009999999,-51.225766999999998,R DR CAMPOS VELHO,,BOLETIM,1,0,0,1,0,0
P3,Acesso Av. Vicente Monteggia via Joao Salomoni/Rodrigues,point,72.0,100.0,sim,732914,20230717,10:45,SEGUNDA-FEIRA,-30.115414040000001,-51.213222000000002,ESTR JOAO SALOMONI,,BOLETIM,2,0,0,0,0,0
P4,Corredor Av. Vicente Monteggia,polyline,67.4,50.0,nao_contexto,732914,20230717,10:45,SEGUNDA-FEIRA,-30.115414040000001,-51.213222000000002,ESTR JOAO SALOMONI,,BOLETIM,2,0,0,0,0,0
P5,Joao Salomoni x Av. da Cavalhada,point,163.8,100.0,nao_contexto,733444,20230718,17:00,TERCA-FEIRA,-30.114505340000001,-51.225990000000003,AV CAVALHADA,,ATENDIMENTO,1,0,0,1,0,0
P5,Joao Salomoni x Av. da Cavalhada,point,100.8,100.0,nao_contexto,734465,20230726,03:00,QUARTA-FEIRA,-30.113999700000001,-51.226374000000000,AV CAVALHADA,,ATENDIMENTO,1,0,0,1,0,0
P4,Corredor Av. Vicente Monteggia,polyline,55.5,50.0,nao_contexto,733414,20230727,10:17,QUINTA-FEIRA,-30.095584440000000,-51.226157000000001,AV CAVALHADA,,BOLETIM,0,0,0,0,0,0
P3,Acesso Av. Vicente Monteggia via Joao Salomoni/Rodrigues,point,78.6,100.0,sim,734201,20230727,17:17,QUINTA-FEIRA,-30.114793580000001,-51.212468000000001,AV VICENTE MONTEGGIA,,BOLETIM,0,0,0,0,0,0
P4,Corredor Av. Vicente Monteggia,polyline,5.5,50.0,sim,734201,20230727,17:17,QUINTA-FEIRA,-30.114793580000001,-51.212468000000001,AV VICENTE MONTEGGIA,,BOLETIM,0,0,0,0,0,0
P1,Rotula Estr. 3 Meninas x Estr. Cristiano Kraemer,point,70.8,100.0,sim,733423,20230728,17:30,SEXTA-FEIRA,-30.117892779999998,-51.203746000000002,ESTR CRISTIANO KRAEMER,,BOLETIM,0,0,0,0,0,0
P4,Corredor Av. Vicente Monteggia,polyline,79.9,50.0,nao_contexto,733489,20230731,09:40,SEGUNDA-FEIRA,-30.094882750000000,-51.226581000000003,R DR CAMPOS VELHO,,BOLETIM,0,0,0,0,0,0
P8,Estr. Costa Gama x Estr. Afonso Lourenco Mariante,point,11.2,100.0,sim,733593,20230801,07:00,TERCA-FEIRA,-30.115079229999999,-51.177073999999998,ESTR COSTA GAMA,,BOLETIM,1,1,0,1,0,0
P1,Rotula Estr. 3 Meninas x Estr. Cristiano Kraemer,point,7.7,100.0,sim,733964,20230809,09:21,QUARTA-FEIRA,-30.118299470000000,-51.203268999999999,ESTR TRES MENINAS,ESTR CRISTIANO KRAEMER,ATENDIMENTO,1,0,0,0,0,0
P4,Corredor Av. Vicente Monteggia,polyline,4.5,50.0,sim,733989,20230810,17:45,QUINTA-FEIRA,-30.112504439999999,-51.215846999999997,AV VICENTE MONTEGGIA,,ATENDIMENTO,1,0,0,1,0,0
P4,Corredor Av. Vicente Monteggia,polyline,4.5,50.0,sim,733904,20230810,18:00,QUINTA-FEIRA,-30.112504439999999,-51.215846999999997,AV VICENTE MONTEGGIA,,BOLETIM,1,0,0,1,0,0
P1,Rotula Estr. 3 Meninas x Estr. Cristiano Kraemer,point,25.6,100.0,sim,733934,20230810,10:50,QUINTA-FEIRA,-30.118244940000000,-51.203445000000002,ESTR CRISTIANO KRAEMER,,BOLETIM,1,0,0,0,0,0
P4,Corredor Av. Vicente Monteggia,polyline,6.8,50.0,sim,734001,20230811,19:00,SEXTA-FEIRA,-30.105111390000001,-51.222667000000001,AV VICENTE MONTEGGIA,,ATENDIMENTO,1,0,0,1,0,0
P4,Corredor Av. Vicente Monteggia,polyline,7.1,50.0,sim,734111,20230812,19:50,SABADO,-30.095172949999998,-51.225712999999999,AV VICENTE MONTEGGIA,AV CAVALHADA,BOLETIM,0,0,0,0,0,0
P9,Entroncamento Rua Santuario x Av. Oscar Pereira,point,11.0,100.0,sim,734680,20230817,12:00,QUINTA-FEIRA,-30.096681449999998,-51.177999999999997,AV PROF OSCAR PEREIRA,R SANTUARIO,BOLETIM,0,0,0,0,0,0
P5,Joao Salomoni x Av. da Cavalhada,point,6.4,100.0,sim,734959,20230821,16:50,SEGUNDA-FEIRA,-30.113044750000000,-51.226481000000000,AV CAVALHADA,ESTR JOAO SALOMONI,BOLETIM,0,0,0,0,0,0
P7,Estr. 3 Meninas x Estr. Costa Gama,point,47.8,100.0,sim,734546,20230821,07:55,SEGUNDA-FEIRA,-30.133301880000001,-51.175784999999998,ESTR COSTA GAMA,ESTR TRES MENINAS,ATENDIMENTO,1,0,0,1,0,0
P4,Corredor Av. Vicente Monteggia,polyline,26.5,50.0,sim,734911,20230822,18:00,TERCA-FEIRA,-30.094951540000000,-51.225459000000001,AV NONOAI,,BOLETIM,0,0,0,0,0,0
P8,Estr. Costa Gama x Estr. Afonso Lourenco Mariante,point,0.6,100.0,sim,735177,20230830,06:40,QUARTA-FEIRA,-30.115180840000001,-51.177064000000001,ESTR AFONSO LOURENCO MARIANTE,ESTR COSTA GAMA,BOLETIM,0,0,0,0,0,0
P5,Joao Salomoni x Av. da Cavalhada,point,4.0,100.0,sim,735185,20230831,09:00,QUINTA-FEIRA,-30.113088410000000,-51.226539000000002,AV CAVALHADA,,BOLETIM,0,0,0,0,0,0
P5,Joao Salomoni x Av. da Cavalhada,point,4.0,100.0,sim,734854,20230831,11:22,QUINTA-FEIRA,-30.113088410000000,-51.226539000000002,AV CAVALHADA,,BOLETIM,1,0,0,0,0,0
P4,Corredor Av. Vicente Monteggia,polyline,5.9,50.0,sim,735190,20230901,03:45,SEXTA-FEIRA,-30.109412970000001,-51.219780000000000,AV VICENTE MONTEGGIA,,BOLETIM,1,0,0,1,0,0
P5,Joao Salomoni x Av. da Cavalhada,point,6.4,100.0,sim,735245,20230901,13:00,SEXTA-FEIRA,-30.113044750000000,-51.226481000000000,AV CAVALHADA,ESTR JOAO SALOMONI,BOLETIM,0,0,0,0,0,0
P4,Corredor Av. Vicente Monteggia,polyline,6.5,50.0,sim,735233,20230901,16:30,SEXTA-FEIRA,-30.113307370000001,-51.213003000000000,ESTR JOAO PASSUELO,AV VICENTE MONTEGGIA,BOLETIM,0,0,0,0,0,0
P4,Corredor Av. Vicente Monteggia,polyline,4.7,50.0,sim,735259,20230902,08:05,SABADO,-30.095149280000001,-51.225779000000003,AV CAVALHADA,,BOLETIM,0,0,0,0,0,0
P8,Estr. Costa Gama x Estr. Afonso Lourenco Mariante,point,52.9,100.0,sim,735159,20230902,,SABADO,-30.115644110000002,-51.177188999999998,ESTR COSTA GAMA,,BOLETIM,0,0,0,0,0,0
P2,Confluencia Cristiano Kraemer x Belem Velho x Monte Cristo,point,113.5,100.0,nao_contexto,735562,20230903,21:50,DOMINGO,-30.117822459999999,-51.207500000000003,AV MONTE CRISTO,,BOLETIM,0,0,0,1,0,0
P4,Corredor Av. Vicente Monteggia,polyline,8.9,50.0,sim,735359,20230905,18:30,TERCA-FEIRA,-30.106607589999999,-51.222391000000002,AV VICENTE MONTEGGIA,,ATENDIMENTO,1,0,0,1,0,0
P4,Corredor Av. Vicente Monteggia,polyline,2.9,50.0,sim,735238,20230905,19:00,TERCA-FEIRA,-30.106612999999999,-51.222324999999998,AV JOSE CORREA DA SILVA,AV VICENTE MONTEGGIA,BOLETIM,1,0,0,1,0,0
P5,Joao Salomoni x Av. da Cavalhada,point,6.4,100.0,sim,735501,20230909,15:35,SABADO,-30.113044750000000,-51.226481000000000,AV CAVALHADA,ESTR JOAO SALOMONI,BOLETIM,0,0,0,0,0,0
P4,Corredor Av. Vicente Monteggia,polyline,16.3,50.0,sim,735368,20230910,19:45,DOMINGO,-30.107217660000000,-51.221907000000002,AV VICENTE MONTEGGIA,R AMAPA,BOLETIM,0,0,0,0,0,0
P2,Confluencia Cristiano Kraemer x Belem Velho x Monte Cristo,point,64.7,100.0,sim,735825,20230920,04:55,QUARTA-FEIRA,-30.117743604265200,-51.206998574486697,ESTR CRISTIANO KRAEMER,AV BAHIA,BOLETIM,1,1,0,1,0,0
P5,Joao Salomoni x Av. da Cavalhada,point,6.4,100.0,sim,735971,20230921,18:10,QUINTA-FEIRA,-30.113044750000000,-51.226481000000000,AV CAVALHADA,ESTR JOAO SALOMONI,ATENDIMENTO,1,0,0,1,0,0
P2,Confluencia Cristiano Kraemer x Belem Velho x Monte Cristo,point,97.7,100.0,sim,736194,20230926,07:20,TERCA-FEIRA,-30.117249950000001,-51.207310000000000,AV RODRIGUES DA FONSECA,,BOLETIM,0,0,0,0,0,0
P4,Corredor Av. Vicente Monteggia,polyline,7.1,50.0,sim,736246,20230927,10:15,QUARTA-FEIRA,-30.095172999999999,-51.225712999999999,AV VICENTE MONTEGGIA,AV NONOAI,BOLETIM,0,0,0,0,0,0
P1,Rotula Estr. 3 Meninas x Estr. Cristiano Kraemer,point,7.7,100.0,sim,736272,20230928,18:45,QUINTA-FEIRA,-30.118299470000000,-51.203268999999999,ESTR CRISTIANO KRAEMER,ESTR TRES MENINAS,BOLETIM,0,0,0,0,0,0
P4,Corredor Av. Vicente Monteggia,polyline,6.9,50.0,sim,736150,20230929,09:15,SEXTA-FEIRA,-30.107165999999999,-51.222200999999998,AV VICENTE MONTEGGIA,,BOLETIM,0,0,0,1,0,0
P6,Rota Florestan Fernandes / Estrada Kanazawa,polyline,78.7,50.0,nao_contexto,736596,20231003,18:00,TERCA-FEIRA,-30.122034970000001,-51.194806999999997,ESTR TRES MENINAS,,BOLETIM,0,0,0,0,0,0
P5,Joao Salomoni x Av. da Cavalhada,point,16.7,100.0,sim,736395,20231005,19:20,QUINTA-FEIRA,-30.113090329999999,-51.226326999999998,ESTR JOAO SALOMONI,,BOLETIM,0,0,0,0,0,0
P4,Corredor Av. Vicente Monteggia,polyline,6.9,50.0,sim,736766,20231009,20:00,SEGUNDA-FEIRA,-30.107058450000000,-51.222237999999997,AV VICENTE MONTEGGIA,,ATENDIMENTO,1,0,0,0,0,0
P2,Confluencia Cristiano Kraemer x Belem Velho x Monte Cristo,point,38.2,100.0,sim,736767,20231012,18:00,QUINTA-FEIRA,-30.117660999999998,-51.206740000000003,AV RODRIGUES DA FONSECA,,BOLETIM,1,0,0,1,0,0
P1,Rotula Estr. 3 Meninas x Estr. Cristiano Kraemer,point,186.6,100.0,nao_contexto,737086,20231016,17:15,SEGUNDA-FEIRA,-30.117323490000000,-51.204759000000003,ESTR CRISTIANO KRAEMER,,BOLETIM,0,0,0,0,0,0
P2,Confluencia Cristiano Kraemer x Belem Velho x Monte Cristo,point,156.2,100.0,nao_contexto,737086,20231016,17:15,SEGUNDA-FEIRA,-30.117323490000000,-51.204759000000003,ESTR CRISTIANO KRAEMER,,BOLETIM,0,0,0,0,0,0
P4,Corredor Av. Vicente Monteggia,polyline,65.2,50.0,nao_contexto,737146,20231018,13:05,QUARTA-FEIRA,-30.095571050000000,-51.226318999999997,AV CAVALHADA,,BOLETIM,0,0,0,0,0,0
P4,Corredor Av. Vicente Monteggia,polyline,6.8,50.0,sim,737199,20231019,18:00,QUINTA-FEIRA,-30.096130190000000,-51.225181999999997,AV VICENTE MONTEGGIA,,BOLETIM,0,0,0,1,0,0
P4,Corredor Av. Vicente Monteggia,polyline,79.9,50.0,nao_contexto,737243,20231021,13:15,SABADO,-30.094882750000000,-51.226581000000003,R DR CAMPOS VELHO,,BOLETIM,0,0,0,0,0,0
P5,Joao Salomoni x Av. da Cavalhada,point,85.0,100.0,sim,737290,20231021,11:00,SABADO,-30.113011920000002,-51.225622000000001,ESTR JOAO SALOMONI,,BOLETIM,0,0,0,0,0,0
P4,Corredor Av. Vicente Monteggia,polyline,6.2,50.0,sim,737191,20231023,18:44,SEGUNDA-FEIRA,-30.103822990000001,-51.223139000000003,AV VICENTE MONTEGGIA,,BOLETIM,1,0,0,1,0,0
P5,Joao Salomoni x Av. da Cavalhada,point,178.9,100.0,nao_contexto,737356,20231025,12:20,QUARTA-FEIRA,-30.114668309999999,-51.226083000000003,AV CAVALHADA,,ATENDIMENTO,1,1,0,0,0,1
P8,Estr. Costa Gama x Estr. Afonso Lourenco Mariante,point,180.8,100.0,nao_contexto,737687,20231027,08:45,SEXTA-FEIRA,-30.115191790000001,-51.178950000000000,R MAJOR TITO,,BOLETIM,0,0,0,0,0,0
P7,Estr. 3 Meninas x Estr. Costa Gama,point,47.8,100.0,sim,737433,20231028,18:00,SABADO,-30.133301880000001,-51.175784999999998,ESTR COSTA GAMA,ESTR TRES MENINAS,BOLETIM,0,0,0,0,0,0
P4,Corredor Av. Vicente Monteggia,polyline,5.3,50.0,sim,737432,20231029,,DOMINGO,-30.103354599999999,-51.223118999999997,AV VICENTE MONTEGGIA,,BOLETIM,0,0,0,0,0,0
P5,Joao Salomoni x Av. da Cavalhada,point,178.9,100.0,nao_contexto,737777,20231031,15:35,TERCA-FEIRA,-30.114668309999999,-51.226083000000003,AV CAVALHADA,,BOLETIM,0,0,0,0,0,0
P9,Entroncamento Rua Santuario x Av. Oscar Pereira,point,94.4,100.0,sim,737754,20231104,16:15,SABADO,-30.097484000000001,-51.177546999999997,AV PROF OSCAR PEREIRA,,BOLETIM,1,1,0,1,0,0
P4,Corredor Av. Vicente Monteggia,polyline,2.3,50.0,sim,737662,20231106,08:00,SEGUNDA-FEIRA,-30.105989810000001,-51.222504999999998,AV VICENTE MONTEGGIA,R MODESTO PEREIRA PINTO,BOLETIM,0,0,1,1,0,0
P4,Corredor Av. Vicente Monteggia,polyline,0.7,50.0,sim,737884,20231108,08:32,QUARTA-FEIRA,-30.109517830000001,-51.219769999999997,AV VICENTE MONTEGGIA,R JORGE NAPOLEAO SILVA SOUZA,BOLETIM,1,0,0,0,0,0
P5,Joao Salomoni x Av. da Cavalhada,point,101.2,100.0,nao_contexto,737890,20231110,13:50,SEXTA-FEIRA,-30.112214099999999,-51.226742000000002,AV CAVALHADA,,BOLETIM,1,0,0,0,0,0
P6,Rota Florestan Fernandes / Estrada Kanazawa,polyline,25.4,50.0,sim,737975,20231112,01:45,DOMINGO,-30.117423859999999,-51.184896000000002,AV BELEM VELHO,,BOLETIM,4,0,0,2,0,0
P4,Corredor Av. Vicente Monteggia,polyline,5.2,50.0,sim,738068,20231114,14:45,TERCA-FEIRA,-30.097857000000001,-51.224758999999999,AV VICENTE MONTEGGIA,,BOLETIM,0,0,0,0,0,0
P4,Corredor Av. Vicente Monteggia,polyline,7.1,50.0,sim,738117,20231115,13:12,QUARTA-FEIRA,-30.095172999999999,-51.225712999999999,AV VICENTE MONTEGGIA,AV NONOAI,BOLETIM,1,0,0,0,0,0
P4,Corredor Av. Vicente Monteggia,polyline,7.1,50.0,sim,738549,20231116,23:35,QUINTA-FEIRA,-30.095172949999998,-51.225712999999999,AV VICENTE MONTEGGIA,AV CAVALHADA,BOLETIM,0,0,0,0,0,0
P2,Confluencia Cristiano Kraemer x Belem Velho x Monte Cristo,point,125.0,100.0,nao_contexto,738210,20231116,07:55,QUINTA-FEIRA,-30.117372100000001,-51.205078999999998,ESTR CRISTIANO KRAEMER,,BOLETIM,1,1,0,2,0,0
P5,Joao Salomoni x Av. da Cavalhada,point,4.0,100.0,sim,738812,20231122,08:00,QUARTA-FEIRA,-30.113088410000000,-51.226539000000002,AV CAVALHADA,,BOLETIM,0,0,0,0,0,0
P8,Estr. Costa Gama x Estr. Afonso Lourenco Mariante,point,83.3,100.0,sim,738811,20231122,12:22,QUARTA-FEIRA,-30.115902349999999,-51.177300000000002,ESTR COSTA GAMA,,BOLETIM,0,0,0,0,0,0
P3,Acesso Av. Vicente Monteggia via Joao Salomoni/Rodrigues,point,104.7,100.0,nao_contexto,739099,20231130,15:45,QUINTA-FEIRA,-30.115778880000001,-51.211440000000003,AV RODRIGUES DA FONSECA,,BOLETIM,0,0,0,0,0,0
P4,Corredor Av. Vicente Monteggia,polyline,98.0,50.0,nao_contexto,739099,20231130,15:45,QUINTA-FEIRA,-30.115778880000001,-51.211440000000003,AV RODRIGUES DA FONSECA,,BOLETIM,0,0,0,0,0,0
P6,Rota Florestan Fernandes / Estrada Kanazawa,polyline,64.0,50.0,nao_contexto,739508,20231130,00:30,QUINTA-FEIRA,-30.121990449999998,-51.194637000000000,ESTR TRES MENINAS,,BOLETIM,2,0,0,1,0,0
P4,Corredor Av. Vicente Monteggia,polyline,3.3,50.0,sim,739042,20231205,11:00,TERCA-FEIRA,-30.095254749999999,-51.225557999999999,AV VICENTE MONTEGGIA,,BOLETIM,1,0,0,1,0,0
P4,Corredor Av. Vicente Monteggia,polyline,7.2,50.0,sim,739243,20231206,09:00,QUARTA-FEIRA,-30.111754330000000,-51.217658000000000,AV VICENTE MONTEGGIA,,ATENDIMENTO,1,0,0,0,0,0
P5,Joao Salomoni x Av. da Cavalhada,point,78.4,100.0,sim,739530,20231206,17:20,QUARTA-FEIRA,-30.112398670000001,-51.226579000000001,AV CAVALHADA,,BOLETIM,1,0,0,1,0,0
P4,Corredor Av. Vicente Monteggia,polyline,8.0,50.0,sim,739251,20231207,14:10,QUINTA-FEIRA,-30.102964320000002,-51.223354999999998,AV VICENTE MONTEGGIA,,ATENDIMENTO,1,0,0,1,0,0
P4,Corredor Av. Vicente Monteggia,polyline,6.1,50.0,sim,740078,20231211,15:09,SEGUNDA-FEIRA,-30.100397019999999,-51.224930000000001,AV VICENTE MONTEGGIA,,BOLETIM,1,0,0,1,0,0
P1,Rotula Estr. 3 Meninas x Estr. Cristiano Kraemer,point,63.9,100.0,sim,739603,20231212,08:10,TERCA-FEIRA,-30.118834960000001,-51.202919000000001,ESTR CRISTIANO KRAEMER,R CEL FREDERICO CARLOS GOMES,BOLETIM,0,0,0,0,0,0
P4,Corredor Av. Vicente Monteggia,polyline,5.9,50.0,sim,739705,20231213,07:15,QUARTA-FEIRA,-30.109412970000001,-51.219780000000000,AV VICENTE MONTEGGIA,,BOLETIM,0,0,0,0,0,0
P4,Corredor Av. Vicente Monteggia,polyline,0.6,50.0,sim,739707,20231213,10:50,QUARTA-FEIRA,-30.110429109999998,-51.219022000000002,AV VICENTE MONTEGGIA,ESTR JOAO VEDANA,BOLETIM,0,0,0,0,0,0
P4,Corredor Av. Vicente Monteggia,polyline,6.1,50.0,sim,739588,20231214,07:45,QUINTA-FEIRA,-30.100397019999999,-51.224930000000001,AV VICENTE MONTEGGIA,,ATENDIMENTO,2,0,0,1,0,0
P4,Corredor Av. Vicente Monteggia,polyline,8.3,50.0,sim,740383,20231215,21:20,SEXTA-FEIRA,-30.104987200000000,-51.222687999999998,AV VICENTE MONTEGGIA,,BOLETIM,0,0,0,0,0,0
P4,Corredor Av. Vicente Monteggia,polyline,63.6,50.0,nao_contexto,740300,20231219,17:30,TERCA-FEIRA,-30.094943709999999,-51.226427000000001,R DR CAMPOS VELHO,,BOLETIM,0,0,0,0,0,0
P4,Corredor Av. Vicente Monteggia,polyline,9.4,50.0,sim,740302,20231219,18:00,TERCA-FEIRA,-30.107832840000000,-51.221587000000000,AV VICENTE MONTEGGIA,,BOLETIM,0,0,0,0,0,0
P4,Corredor Av. Vicente Monteggia,polyline,8.6,50.0,sim,739978,20231223,09:00,SABADO,-30.106394529999999,-51.222451999999997,AV VICENTE MONTEGGIA,,BOLETIM,1,0,0,1,0,0
P4,Corredor Av. Vicente Monteggia,polyline,91.3,50.0,nao_contexto,740355,20231227,17:45,QUARTA-FEIRA,-30.094719189999999,-51.224761999999998,AV NONOAI,,BOLETIM,0,0,0,0,0,0
P5,Joao Salomoni x Av. da Cavalhada,point,8.5,100.0,sim,740239,20231228,19:06,QUINTA-FEIRA,-30.113078399999999,-51.226415000000003,AV CAVALHADA,,BOLETIM,1,0,0,1,0,0
P5,Joao Salomoni x Av. da Cavalhada,point,6.4,100.0,sim,740590,20240101,20:50,SEGUNDA-FEIRA,-30.113044750000000,-51.226481000000000,AV CAVALHADA,ESTR JOAO SALOMONI,BOLETIM,0,0,0,0,0,0
P4,Corredor Av. Vicente Monteggia,polyline,10.9,50.0,sim,740832,20240111,12:00,QUINTA-FEIRA,-30.103117520000001,-51.223348000000001,AV VICENTE MONTEGGIA,,BOLETIM,0,0,0,0,0,0
P4,Corredor Av. Vicente Monteggia,polyline,0.0,50.0,sim,740853,20240112,18:00,SEXTA-FEIRA,-30.102615000000000,-51.223354000000000,AV VICENTE MONTEGGIA,,BOLETIM,0,0,0,1,0,0
P5,Joao Salomoni x Av. da Cavalhada,point,6.4,100.0,sim,740863,20240113,16:15,SABADO,-30.113044750000000,-51.226481000000000,AV CAVALHADA,ESTR JOAO SALOMONI,BOLETIM,0,0,0,2,0,0
P2,Confluencia Cristiano Kraemer x Belem Velho x Monte Cristo,point,100.7,100.0,nao_contexto,740975,20240113,09:00,SABADO,-30.117260000000002,-51.207348000000003,AV RODRIGUES DA FONSECA,,BOLETIM,1,0,0,0,0,0
P5,Joao Salomoni x Av. da Cavalhada,point,4.0,100.0,sim,741016,20240119,16:08,SEXTA-FEIRA,-30.113088410000000,-51.226539000000002,AV CAVALHADA,,BOLETIM,0,0,0,0,0,0
P8,Estr. Costa Gama x Estr. Afonso Lourenco Mariante,point,0.6,100.0,sim,741060,20240122,20:38,SEGUNDA-FEIRA,-30.115180840000001,-51.177064000000001,ESTR COSTA GAMA,ESTR AFONSO LOURENCO MARIANTE,BOLETIM,0,0,0,1,0,0
P5,Joao Salomoni x Av. da Cavalhada,point,109.6,100.0,nao_contexto,741318,20240124,10:32,QUARTA-FEIRA,-30.112139700000000,-51.226754999999997,AV CAVALHADA,,BOLETIM,1,0,0,1,0,0
P5,Joao Salomoni x Av. da Cavalhada,point,109.6,100.0,nao_contexto,741205,20240124,10:20,QUARTA-FEIRA,-30.112139700000000,-51.226754999999997,AV CAVALHADA,,ATENDIMENTO,1,0,0,1,0,0
P3,Acesso Av. Vicente Monteggia via Joao Salomoni/Rodrigues,point,74.1,100.0,sim,741084,20240124,14:55,QUARTA-FEIRA,-30.115609960000000,-51.211720000000000,AV RODRIGUES DA FONSECA,,BOLETIM,0,0,0,1,0,0
P4,Corredor Av. Vicente Monteggia,polyline,68.1,50.0,nao_contexto,741084,20240124,14:55,QUARTA-FEIRA,-30.115609960000000,-51.211720000000000,AV RODRIGUES DA FONSECA,,BOLETIM,0,0,0,1,0,0
P8,Estr. Costa Gama x Estr. Afonso Lourenco Mariante,point,0.6,100.0,sim,741697,20240126,13:20,SEXTA-FEIRA,-30.115180840000001,-51.177064000000001,ESTR COSTA GAMA,ESTR AFONSO LOURENCO MARIANTE,BOLETIM,0,0,0,0,0,0
P1,Rotula Estr. 3 Meninas x Estr. Cristiano Kraemer,point,68.6,100.0,sim,741240,20240129,16:04,SEGUNDA-FEIRA,-30.118924000000000,-51.203254999999999,R CEL FREDERICO CARLOS GOMES,,BOLETIM,1,0,0,0,0,0
P3,Acesso Av. Vicente Monteggia via Joao Salomoni/Rodrigues,point,81.3,100.0,sim,741335,20240130,18:45,TERCA-FEIRA,-30.114771260000001,-51.212406000000001,AV VICENTE MONTEGGIA,,BOLETIM,1,0,0,1,0,0
P4,Corredor Av. Vicente Monteggia,polyline,0.8,50.0,sim,741335,20240130,18:45,TERCA-FEIRA,-30.114771260000001,-51.212406000000001,AV VICENTE MONTEGGIA,,BOLETIM,1,0,0,1,0,0
P4,Corredor Av. Vicente Monteggia,polyline,3.5,50.0,sim,741511,20240201,16:45,QUINTA-FEIRA,-30.100151000000000,-51.225121000000001,AV VICENTE MONTEGGIA,,BOLETIM,1,0,0,1,0,0
P2,Confluencia Cristiano Kraemer x Belem Velho x Monte Cristo,point,23.1,100.0,sim,741581,20240206,17:40,TERCA-FEIRA,-30.117736940000000,-51.206485000000001,ESTR CRISTIANO KRAEMER,,BOLETIM,0,0,0,0,0,0
P4,Corredor Av. Vicente Monteggia,polyline,4.2,50.0,sim,741608,20240208,10:40,QUINTA-FEIRA,-30.110638999999999,-51.218806999999998,AV VICENTE MONTEGGIA,,BOLETIM,0,0,0,1,0,0
P4,Corredor Av. Vicente Monteggia,polyline,13.7,50.0,sim,741820,20240209,11:30,SEXTA-FEIRA,-30.095102950000001,-51.225700000000003,AV NONOAI,,BOLETIM,0,0,0,0,0,0
P2,Confluencia Cristiano Kraemer x Belem Velho x Monte Cristo,point,88.7,100.0,sim,741788,20240209,11:26,SEXTA-FEIRA,-30.117350840000000,-51.207250000000002,R MIGUEL ASCOLEZE,AV RODRIGUES DA FONSECA,BOLETIM,0,0,0,1,0,0
P3,Acesso Av. Vicente Monteggia via Joao Salomoni/Rodrigues,point,168.5,100.0,nao_contexto,741917,20240215,22:57,QUINTA-FEIRA,-30.113992509999999,-51.212662999999999,AV VICENTE MONTEGGIA,,BOLETIM,1,0,0,0,0,0
P4,Corredor Av. Vicente Monteggia,polyline,4.9,50.0,sim,741917,20240215,22:57,QUINTA-FEIRA,-30.113992509999999,-51.212662999999999,AV VICENTE MONTEGGIA,,BOLETIM,1,0,0,0,0,0
P7,Estr. 3 Meninas x Estr. Costa Gama,point,151.8,100.0,nao_contexto,742320,20240221,16:14,QUARTA-FEIRA,-30.135058010000002,-51.175373999999998,ESTR COSTA GAMA,,BOLETIM,0,0,0,1,0,0
P2,Confluencia Cristiano Kraemer x Belem Velho x Monte Cristo,point,88.7,100.0,sim,742341,20240222,13:35,QUINTA-FEIRA,-30.117350840000000,-51.207250000000002,AV RODRIGUES DA FONSECA,R MIGUEL ASCOLEZE,BOLETIM,0,0,0,0,0,0
P4,Corredor Av. Vicente Monteggia,polyline,6.2,50.0,sim,742432,20240223,07:00,SEXTA-FEIRA,-30.105252680000000,-51.222631999999997,AV VICENTE MONTEGGIA,,BOLETIM,0,0,0,0,0,0
P4,Corredor Av. Vicente Monteggia,polyline,6.8,50.0,sim,742531,20240228,18:00,QUARTA-FEIRA,-30.096130190000000,-51.225181999999997,AV VICENTE MONTEGGIA,,BOLETIM,0,0,0,1,0,0
P4,Corredor Av. Vicente Monteggia,polyline,5.9,50.0,sim,743566,20240228,08:35,QUARTA-FEIRA,-30.109412970000001,-51.219780000000000,AV VICENTE MONTEGGIA,,ATENDIMENTO,1,0,0,1,0,0
P1,Rotula Estr. 3 Meninas x Estr. Cristiano Kraemer,point,7.7,100.0,sim,742533,20240228,12:30,QUARTA-FEIRA,-30.118299470000000,-51.203268999999999,ESTR TRES MENINAS,ESTR CRISTIANO KRAEMER,BOLETIM,0,0,0,0,0,0
P4,Corredor Av. Vicente Monteggia,polyline,0.7,50.0,sim,742628,20240302,11:35,SABADO,-30.095183989999999,-51.225797000000000,R DR CAMPOS VELHO,,BOLETIM,0,0,0,0,0,0
P2,Confluencia Cristiano Kraemer x Belem Velho x Monte Cristo,point,23.1,100.0,sim,742684,20240302,16:00,SABADO,-30.117736940000000,-51.206485000000001,ESTR CRISTIANO KRAEMER,,BOLETIM,1,1,0,0,0,0
P4,Corredor Av. Vicente Monteggia,polyline,7.2,50.0,sim,742661,20240304,07:22,SEGUNDA-FEIRA,-30.107187509999999,-51.222192999999997,AV VICENTE MONTEGGIA,,BOLETIM,0,0,0,0,0,0
P4,Corredor Av. Vicente Monteggia,polyline,7.1,50.0,sim,742936,20240312,17:20,TERCA-FEIRA,-30.095172999999999,-51.225712999999999,AV VICENTE MONTEGGIA,R DR CAMPOS VELHO,BOLETIM,1,0,0,1,0,0
P4,Corredor Av. Vicente Monteggia,polyline,6.5,50.0,sim,742958,20240313,17:00,QUARTA-FEIRA,-30.113506520000001,-51.212857999999997,AV VICENTE MONTEGGIA,,BOLETIM,1,0,0,0,0,0
P4,Corredor Av. Vicente Monteggia,polyline,16.3,50.0,sim,743102,20240314,10:35,QUINTA-FEIRA,-30.107217660000000,-51.221907000000002,AV VICENTE MONTEGGIA,R AMAPA,BOLETIM,0,0,0,0,0,0
P1,Rotula Estr. 3 Meninas x Estr. Cristiano Kraemer,point,135.9,100.0,nao_contexto,743512,20240318,14:00,SEGUNDA-FEIRA,-30.119175460000001,-51.204188000000002,AC NELSON SILVA,R CEL FREDERICO CARLOS GOMES,BOLETIM,0,0,0,0,0,0
P1,Rotula Estr. 3 Meninas x Estr. Cristiano Kraemer,point,120.5,100.0,nao_contexto,743649,20240320,20:14,QUARTA-FEIRA,-30.119366450000001,-51.202911000000000,ESTR CRISTIANO KRAEMER,,BOLETIM,1,1,0,1,0,0
P6,Rota Florestan Fernandes / Estrada Kanazawa,polyline,32.2,50.0,sim,743292,20240322,20:57,SEXTA-FEIRA,-30.119828949999999,-51.197167999999998,ESTR TRES MENINAS,,BOLETIM,1,0,0,1,0,0
P4,Corredor Av. Vicente Monteggia,polyline,4.7,50.0,sim,743359,20240324,20:42,DOMINGO,-30.095149280000001,-51.225779000000003,AV CAVALHADA,,BOLETIM,1,0,0,1,0,0
P6,Rota Florestan Fernandes / Estrada Kanazawa,polyline,2.8,50.0,sim,743380,20240324,04:05,DOMINGO,-30.117521390000000,-51.184162000000001,AV BELEM VELHO,,BOLETIM,1,0,0,0,0,0
P1,Rotula Estr. 3 Meninas x Estr. Cristiano Kraemer,point,25.6,100.0,sim,743677,20240325,09:30,SEGUNDA-FEIRA,-30.118244940000000,-51.203445000000002,ESTR CRISTIANO KRAEMER,,BOLETIM,0,0,0,0,0,0
P7,Estr. 3 Meninas x Estr. Costa Gama,point,47.8,100.0,sim,743393,20240325,18:00,SEGUNDA-FEIRA,-30.133301880000001,-51.175784999999998,ESTR COSTA GAMA,ESTR TRES MENINAS,BOLETIM,1,1,0,1,0,0
P7,Estr. 3 Meninas x Estr. Costa Gama,point,169.7,100.0,nao_contexto,745053,20240326,14:00,TERCA-FEIRA,-30.135200900000001,-51.175271000000002,ESTR COSTA GAMA,,BOLETIM,0,0,0,0,0,0
P4,Corredor Av. Vicente Monteggia,polyline,7.1,50.0,sim,743636,20240327,21:30,QUARTA-FEIRA,-30.095172949999998,-51.225712999999999,AV CAVALHADA,AV VICENTE MONTEGGIA,BOLETIM,0,0,0,0,0,0
P4,Corredor Av. Vicente Monteggia,polyline,6.2,50.0,sim,743998,20240328,20:20,QUINTA-FEIRA,-30.105252680000000,-51.222631999999997,AV VICENTE MONTEGGIA,,BOLETIM,0,0,0,0,0,0
P4,Corredor Av. Vicente Monteggia,polyline,15.9,50.0,sim,743727,20240329,12:30,SEXTA-FEIRA,-30.100917720000002,-51.224913999999998,AV VICENTE MONTEGGIA,AV OTTO NIEMEYER,BOLETIM,3,0,0,2,0,0
P6,Rota Florestan Fernandes / Estrada Kanazawa,polyline,16.7,50.0,sim,743621,20240330,07:50,SABADO,-30.117455000000000,-51.184666999999997,AV BELEM VELHO,,BOLETIM,0,0,0,0,0,0
P9,Entroncamento Rua Santuario x Av. Oscar Pereira,point,94.4,100.0,sim,744162,20240402,16:45,TERCA-FEIRA,-30.097484000000001,-51.177546999999997,AV PROF OSCAR PEREIRA,,BOLETIM,0,0,0,1,0,0
P2,Confluencia Cristiano Kraemer x Belem Velho x Monte Cristo,point,188.6,100.0,nao_contexto,744119,20240405,19:30,SEXTA-FEIRA,-30.115953980000000,-51.206989000000000,R MIGUEL ASCOLEZE,,BOLETIM,2,0,0,2,0,0
P5,Joao Salomoni x Av. da Cavalhada,point,8.5,100.0,sim,744028,20240406,10:10,SABADO,-30.113078399999999,-51.226415000000003,AV CAVALHADA,,BOLETIM,1,0,0,0,0,0
P2,Confluencia Cristiano Kraemer x Belem Velho x Monte Cristo,point,112.1,100.0,nao_contexto,769750,20240407,08:10,DOMINGO,-30.117712650000001,-51.207512000000001,AV MONTE CRISTO,,BOLETIM,0,0,0,0,0,0
P4,Corredor Av. Vicente Monteggia,polyline,29.4,50.0,sim,744207,20240409,19:30,TERCA-FEIRA,-30.095367000000000,-51.226028999999997,AV CAVALHADA,,BOLETIM,0,0,0,0,0,0
P4,Corredor Av. Vicente Monteggia,polyline,63.0,50.0,nao_contexto,744253,20240410,09:50,QUARTA-FEIRA,-30.107330510000001,-51.221102999999999,R AMAPA,,BOLETIM,2,0,0,0,0,0
P2,Confluencia Cristiano Kraemer x Belem Velho x Monte Cristo,point,156.5,100.0,nao_contexto,744531,20240411,21:00,QUINTA-FEIRA,-30.116945789999999,-51.207824000000002,AV RODRIGUES DA FONSECA,,BOLETIM,0,0,0,0,0,0
P2,Confluencia Cristiano Kraemer x Belem Velho x Monte Cristo,point,16.8,100.0,sim,744828,20240412,19:50,SEXTA-FEIRA,-30.117503230000001,-51.206522000000000,AV RODRIGUES DA FONSECA,AV BELEM VELHO,BOLETIM,0,0,0,0,0,0
P4,Corredor Av. Vicente Monteggia,polyline,8.5,50.0,sim,744883,20240417,19:00,QUARTA-FEIRA,-30.107402130000001,-51.222059999999999,AV VICENTE MONTEGGIA,,BOLETIM,1,0,0,0,0,0
P2,Confluencia Cristiano Kraemer x Belem Velho x Monte Cristo,point,158.9,100.0,nao_contexto,744728,20240417,15:00,QUARTA-FEIRA,-30.116579999999999,-51.205157000000000,AV BELEM VELHO,,BOLETIM,0,0,0,0,0,0
P4,Corredor Av. Vicente Monteggia,polyline,5.4,50.0,sim,744779,20240418,11:20,QUINTA-FEIRA,-30.095460920000001,-51.225383999999998,AV VICENTE MONTEGGIA,,BOLETIM,0,0,0,0,0,0
P4,Corredor Av. Vicente Monteggia,polyline,5.4,50.0,sim,744586,20240418,11:35,QUINTA-FEIRA,-30.095460920000001,-51.225383999999998,AV VICENTE MONTEGGIA,,BOLETIM,0,0,0,0,0,0
P4,Corredor Av. Vicente Monteggia,polyline,2.8,50.0,sim,744945,20240418,08:20,QUINTA-FEIRA,-30.113257160000000,-51.213177000000002,AV VICENTE MONTEGGIA,,BOLETIM,1,0,0,1,0,0
P1,Rotula Estr. 3 Meninas x Estr. Cristiano Kraemer,point,68.6,100.0,sim,744610,20240420,02:52,SABADO,-30.118008910000000,-51.202567000000002,ESTR TRES MENINAS,,BOLETIM,1,0,0,1,0,0
P2,Confluencia Cristiano Kraemer x Belem Velho x Monte Cristo,point,98.3,100.0,sim,745050,20240422,13:55,SEGUNDA-FEIRA,-30.117327000000000,-51.207346000000001,AV RODRIGUES DA FONSECA,,BOLETIM,0,0,0,0,0,0
P4,Corredor Av. Vicente Monteggia,polyline,0.3,50.0,sim,745222,20240428,16:25,DOMINGO,-30.096827999999999,-51.224724000000002,AV VICENTE MONTEGGIA,AV FABIO ARAUJO SANTOS,BOLETIM,0,0,0,0,0,0
P4,Corredor Av. Vicente Monteggia,polyline,4.3,50.0,sim,745359,20240505,20:38,DOMINGO,-30.113217880000001,-51.213234999999997,AV VICENTE MONTEGGIA,,BOLETIM,3,0,0,0,0,0
P4,Corredor Av. Vicente Monteggia,polyline,9.5,50.0,sim,745845,20240507,08:30,TERCA-FEIRA,-30.102496760000001,-51.223483999999999,AV VICENTE MONTEGGIA,,ATENDIMENTO,1,0,0,1,0,0
P4,Corredor Av. Vicente Monteggia,polyline,4.9,50.0,sim,745402,20240509,10:30,QUINTA-FEIRA,-30.113164000000001,-51.213161999999997,AV VICENTE MONTEGGIA,,BOLETIM,3,0,0,0,0,0
P4,Corredor Av. Vicente Monteggia,polyline,12.7,50.0,sim,745457,20240514,11:23,TERCA-FEIRA,-30.095061999999999,-51.225558999999997,AV NONOAI,,BOLETIM,0,0,0,0,0,0
P4,Corredor Av. Vicente Monteggia,polyline,87.3,50.0,nao_contexto,745546,20240515,08:15,QUARTA-FEIRA,-30.106205500000002,-51.223353000000003,R MODESTO PEREIRA PINTO,,BOLETIM,2,0,0,0,0,0
P4,Corredor Av. Vicente Monteggia,polyline,3.8,50.0,sim,746376,20240528,09:10,TERCA-FEIRA,-30.105124000000000,-51.222695000000002,AV VICENTE MONTEGGIA,,ATENDIMENTO,1,0,0,1,0,0
P5,Joao Salomoni x Av. da Cavalhada,point,111.8,100.0,nao_contexto,748520,20240530,18:25,QUINTA-FEIRA,-30.114095769999999,-51.226337000000001,AV CAVALHADA,,BOLETIM,0,0,0,1,0,0
P7,Estr. 3 Meninas x Estr. Costa Gama,point,78.3,100.0,sim,745958,20240601,,SABADO,-30.134391879999999,-51.175462000000003,ESTR COSTA GAMA,,BOLETIM,0,0,0,0,0,0
P8,Estr. Costa Gama x Estr. Afonso Lourenco Mariante,point,123.9,100.0,nao_contexto,746071,20240604,17:35,TERCA-FEIRA,-30.114090180000002,-51.176803999999997,ESTR COSTA GAMA,,BOLETIM,1,0,0,1,0,0
P1,Rotula Estr. 3 Meninas x Estr. Cristiano Kraemer,point,114.0,100.0,nao_contexto,746514,20240604,16:23,TERCA-FEIRA,-30.118006410000000,-51.202058000000001,ESTR TRES MENINAS,,BOLETIM,0,0,0,0,0,0
P5,Joao Salomoni x Av. da Cavalhada,point,178.9,100.0,nao_contexto,746197,20240606,17:02,QUINTA-FEIRA,-30.114668309999999,-51.226083000000003,AV CAVALHADA,,BOLETIM,1,0,0,0,0,0
P5,Joao Salomoni x Av. da Cavalhada,point,178.9,100.0,nao_contexto,746000,20240610,07:30,SEGUNDA-FEIRA,-30.114668309999999,-51.226083000000003,AV CAVALHADA,,BOLETIM,1,0,0,1,0,0
P4,Corredor Av. Vicente Monteggia,polyline,0.6,50.0,sim,746679,20240620,12:35,QUINTA-FEIRA,-30.110429109999998,-51.219022000000002,ESTR JOAO VEDANA,AV VICENTE MONTEGGIA,BOLETIM,1,0,0,1,0,0
P4,Corredor Av. Vicente Monteggia,polyline,2.5,50.0,sim,746574,20240623,06:20,DOMINGO,-30.108785999999998,-51.220340000000000,AV VICENTE MONTEGGIA,,BOLETIM,1,0,0,0,0,0
P1,Rotula Estr. 3 Meninas x Estr. Cristiano Kraemer,point,68.6,100.0,sim,746863,20240701,20:34,SEGUNDA-FEIRA,-30.118008910000000,-51.202567000000002,ESTR TRES MENINAS,,BOLETIM,2,2,0,0,0,0
P5,Joao Salomoni x Av. da Cavalhada,point,4.0,100.0,sim,747105,20240703,20:02,QUARTA-FEIRA,-30.113088410000000,-51.226539000000002,AV CAVALHADA,,BOLETIM,0,0,0,1,0,0
P4,Corredor Av. Vicente Monteggia,polyline,2.0,50.0,sim,746961,20240705,18:00,SEXTA-FEIRA,-30.100793329999998,-51.224783000000002,AV VICENTE MONTEGGIA,,BOLETIM,1,0,0,1,0,0
P4,Corredor Av. Vicente Monteggia,polyline,15.9,50.0,sim,747127,20240705,07:03,SEXTA-FEIRA,-30.100917720000002,-51.224913999999998,AV VICENTE MONTEGGIA,AV OTTO NIEMEYER,BOLETIM,1,0,0,1,0,0
P8,Estr. Costa Gama x Estr. Afonso Lourenco Mariante,point,125.0,100.0,nao_contexto,747137,20240706,15:45,SABADO,-30.115819909999999,-51.176001999999997,ESTR AFONSO LOURENCO MARIANTE,,BOLETIM,0,0,0,0,0,1
P2,Confluencia Cristiano Kraemer x Belem Velho x Monte Cristo,point,44.9,100.0,sim,746983,20240706,18:30,SABADO,-30.117683020000001,-51.205914999999997,ESTR CRISTIANO KRAEMER,,BOLETIM,1,1,0,1,0,0
P4,Corredor Av. Vicente Monteggia,polyline,3.8,50.0,sim,747268,20240713,09:10,SABADO,-30.097792999999999,-51.224826000000000,AV VICENTE MONTEGGIA,,BOLETIM,1,1,0,1,0,0
P4,Corredor Av. Vicente Monteggia,polyline,8.3,50.0,sim,747578,20240719,08:42,SEXTA-FEIRA,-30.106021680000001,-51.222560000000001,AV VICENTE MONTEGGIA,,BOLETIM,1,0,0,0,0,0
P4,Corredor Av. Vicente Monteggia,polyline,0.6,50.0,sim,747555,20240722,16:55,SEGUNDA-FEIRA,-30.107095000000001,-51.222160000000002,AV VICENTE MONTEGGIA,,BOLETIM,0,0,0,1,0,0
P2,Confluencia Cristiano Kraemer x Belem Velho x Monte Cristo,point,23.1,100.0,sim,747553,20240722,15:13,SEGUNDA-FEIRA,-30.117736940000000,-51.206485000000001,ESTR CRISTIANO KRAEMER,,BOLETIM,1,0,0,1,0,0
P4,Corredor Av. Vicente Monteggia,polyline,2.7,50.0,sim,747811,20240724,07:20,QUARTA-FEIRA,-30.098483000000002,-51.225245999999999,AV VICENTE MONTEGGIA,,BOLETIM,0,0,0,0,0,0
P3,Acesso Av. Vicente Monteggia via Joao Salomoni/Rodrigues,point,78.6,100.0,sim,748080,20240725,18:15,QUINTA-FEIRA,-30.114793580000001,-51.212468000000001,AV VICENTE MONTEGGIA,,BOLETIM,0,0,0,0,0,0
P4,Corredor Av. Vicente Monteggia,polyline,5.5,50.0,sim,748080,20240725,18:15,QUINTA-FEIRA,-30.114793580000001,-51.212468000000001,AV VICENTE MONTEGGIA,,BOLETIM,0,0,0,0,0,0
P5,Joao Salomoni x Av. da Cavalhada,point,198.0,100.0,nao_contexto,748148,20240727,12:55,SABADO,-30.114757220000001,-51.227254000000002,AV FAMILIA GONCALVES CARNEIRO,,BOLETIM,0,0,0,0,0,0
P4,Corredor Av. Vicente Monteggia,polyline,0.3,50.0,sim,748000,20240729,18:22,SEGUNDA-FEIRA,-30.096827999999999,-51.224724000000002,AV VICENTE MONTEGGIA,AV FABIO ARAUJO SANTOS,BOLETIM,1,0,0,1,0,0
P7,Estr. 3 Meninas x Estr. Costa Gama,point,185.1,100.0,nao_contexto,748528,20240729,22:00,SEGUNDA-FEIRA,-30.135313000000000,-51.175144000000003,ESTR COSTA GAMA,,BOLETIM,0,0,0,0,0,0
P4,Corredor Av. Vicente Monteggia,polyline,7.1,50.0,sim,748184,20240805,19:25,SEGUNDA-FEIRA,-30.095172999999999,-51.225712999999999,AV CAVALHADA,R DR CAMPOS VELHO,BOLETIM,1,1,0,1,0,0
P9,Entroncamento Rua Santuario x Av. Oscar Pereira,point,68.8,100.0,sim,748464,20240805,14:10,SEGUNDA-FEIRA,-30.096188999999999,-51.177799000000000,AV PROF OSCAR PEREIRA,,BOLETIM,0,0,0,0,0,0
P9,Entroncamento Rua Santuario x Av. Oscar Pereira,point,44.3,100.0,sim,748176,20240805,17:00,SEGUNDA-FEIRA,-30.096419000000001,-51.177832000000002,AV PROF OSCAR PEREIRA,,BOLETIM,1,0,0,1,0,0
P4,Corredor Av. Vicente Monteggia,polyline,15.9,50.0,sim,748477,20240807,09:30,QUARTA-FEIRA,-30.100917720000002,-51.224913999999998,AV VICENTE MONTEGGIA,AV OTTO NIEMEYER,BOLETIM,0,0,0,1,0,0
P4,Corredor Av. Vicente Monteggia,polyline,6.2,50.0,sim,748256,20240807,07:18,QUARTA-FEIRA,-30.110460650000000,-51.218919000000000,AV VICENTE MONTEGGIA,,BOLETIM,1,0,0,1,0,0
P1,Rotula Estr. 3 Meninas x Estr. Cristiano Kraemer,point,114.0,100.0,nao_contexto,748285,20240808,11:40,QUINTA-FEIRA,-30.118006410000000,-51.202058000000001,ESTR TRES MENINAS,,BOLETIM,1,0,0,1,0,0
P7,Estr. 3 Meninas x Estr. Costa Gama,point,47.8,100.0,sim,748327,20240809,20:00,SEXTA-FEIRA,-30.133301880000001,-51.175784999999998,ESTR COSTA GAMA,ESTR TRES MENINAS,BOLETIM,0,0,0,0,0,0
P4,Corredor Av. Vicente Monteggia,polyline,1.3,50.0,sim,748511,20240810,20:33,SABADO,-30.105681619999999,-51.222586000000000,AV VICENTE MONTEGGIA,,BOLETIM,1,0,0,1,0,0
P4,Corredor Av. Vicente Monteggia,polyline,0.7,50.0,sim,748451,20240813,13:30,TERCA-FEIRA,-30.113249000000000,-51.213138000000001,AV VICENTE MONTEGGIA,,BOLETIM,0,0,0,0,0,0
P7,Estr. 3 Meninas x Estr. Costa Gama,point,28.3,100.0,sim,748759,20240815,19:34,QUINTA-FEIRA,-30.133490510000001,-51.175840999999998,ESTR TRES MENINAS,,BOLETIM,1,0,0,0,0,0
P4,Corredor Av. Vicente Monteggia,polyline,3.4,50.0,sim,749226,20240819,07:25,SEGUNDA-FEIRA,-30.098381000000000,-51.225245000000001,AV VICENTE MONTEGGIA,,BOLETIM,0,0,0,0,0,1
P2,Confluencia Cristiano Kraemer x Belem Velho x Monte Cristo,point,151.3,100.0,nao_contexto,749336,20240820,13:45,TERCA-FEIRA,-30.118710521309900,-51.207200384842302,R CATARINO ANDREATTA,,BOLETIM,0,0,0,0,0,0
P5,Joao Salomoni x Av. da Cavalhada,point,178.9,100.0,nao_contexto,749388,20240821,16:00,QUARTA-FEIRA,-30.114668309999999,-51.226083000000003,AV CAVALHADA,,BOLETIM,0,0,0,0,0,1
P8,Estr. Costa Gama x Estr. Afonso Lourenco Mariante,point,85.7,100.0,sim,748824,20240821,19:00,QUARTA-FEIRA,-30.115586000000000,-51.176313000000000,ESTR AFONSO LOURENCO MARIANTE,,BOLETIM,0,0,0,1,0,0
P4,Corredor Av. Vicente Monteggia,polyline,2.0,50.0,sim,760445,20240822,07:00,QUINTA-FEIRA,-30.096814999999999,-51.224710000000002,AV FABIO ARAUJO SANTOS,AV VICENTE MONTEGGIA,BOLETIM,0,0,0,0,0,0
P4,Corredor Av. Vicente Monteggia,polyline,0.5,50.0,sim,749115,20240825,21:00,DOMINGO,-30.097041510000000,-51.224643999999998,AV VICENTE MONTEGGIA,,BOLETIM,1,1,0,1,0,0
P4,Corredor Av. Vicente Monteggia,polyline,5.0,50.0,sim,749759,20240830,19:45,SEXTA-FEIRA,-30.100862880000001,-51.224601999999997,AV VICENTE MONTEGGIA,,BOLETIM,0,0,0,0,0,1
P3,Acesso Av. Vicente Monteggia via Joao Salomoni/Rodrigues,point,198.4,100.0,nao_contexto,749342,20240901,21:45,DOMINGO,-30.113846717447899,-51.211704210493799,ESTR JOAO PASSUELO,,BOLETIM,1,1,0,0,0,0
P4,Corredor Av. Vicente Monteggia,polyline,97.4,50.0,nao_contexto,749342,20240901,21:45,DOMINGO,-30.113846717447899,-51.211704210493799,ESTR JOAO PASSUELO,,BOLETIM,1,1,0,0,0,0
P4,Corredor Av. Vicente Monteggia,polyline,7.1,50.0,sim,749358,20240902,18:52,SEGUNDA-FEIRA,-30.095172999999999,-51.225712999999999,R DR CAMPOS VELHO,AV CAVALHADA,BOLETIM,1,0,0,0,0,0
P5,Joao Salomoni x Av. da Cavalhada,point,6.4,100.0,sim,749939,20240902,13:50,SEGUNDA-FEIRA,-30.113044750000000,-51.226481000000000,AV CAVALHADA,ESTR JOAO SALOMONI,BOLETIM,0,0,0,0,0,0
P5,Joao Salomoni x Av. da Cavalhada,point,6.4,100.0,sim,749901,20240902,13:40,SEGUNDA-FEIRA,-30.113044750000000,-51.226481000000000,ESTR JOAO SALOMONI,AV CAVALHADA,BOLETIM,0,0,0,0,0,0
P8,Estr. Costa Gama x Estr. Afonso Lourenco Mariante,point,35.1,100.0,sim,760061,20240904,,QUARTA-FEIRA,-30.115437770000000,-51.177280000000003,ESTR COSTA GAMA,,BOLETIM,0,0,0,0,0,0
P4,Corredor Av. Vicente Monteggia,polyline,7.1,50.0,sim,760146,20240906,20:35,SEXTA-FEIRA,-30.095172999999999,-51.225712999999999,AV NONOAI,R DR CAMPOS VELHO,ATENDIMENTO,1,0,0,1,0,0
P4,Corredor Av. Vicente Monteggia,polyline,65.2,50.0,nao_contexto,749674,20240906,21:02,SEXTA-FEIRA,-30.095571050000000,-51.226318999999997,AV CAVALHADA,,BOLETIM,1,0,0,1,0,0
P3,Acesso Av. Vicente Monteggia via Joao Salomoni/Rodrigues,point,9.1,100.0,sim,749708,20240906,17:50,SEXTA-FEIRA,-30.115423610000001,-51.212513999999999,AV VICENTE MONTEGGIA,,BOLETIM,1,0,0,0,0,0
P4,Corredor Av. Vicente Monteggia,polyline,2.5,50.0,sim,749708,20240906,17:50,SEXTA-FEIRA,-30.115423610000001,-51.212513999999999,AV VICENTE MONTEGGIA,,BOLETIM,1,0,0,0,0,0
P2,Confluencia Cristiano Kraemer x Belem Velho x Monte Cristo,point,16.8,100.0,sim,760096,20240906,,SEXTA-FEIRA,-30.117503230000001,-51.206522000000000,AV RODRIGUES DA FONSECA,AV BELEM VELHO,BOLETIM,0,0,0,0,0,0
P4,Corredor Av. Vicente Monteggia,polyline,13.7,50.0,sim,749722,20240907,03:20,SABADO,-30.095102950000001,-51.225700000000003,AV NONOAI,,BOLETIM,1,1,0,1,0,0
P4,Corredor Av. Vicente Monteggia,polyline,0.0,50.0,sim,749974,20240909,00:05,SEGUNDA-FEIRA,-30.100758610000000,-51.224733000000001,AV VICENTE MONTEGGIA,,BOLETIM,1,0,0,0,0,0
P5,Joao Salomoni x Av. da Cavalhada,point,6.4,100.0,sim,760174,20240910,13:40,TERCA-FEIRA,-30.113044750000000,-51.226481000000000,ESTR JOAO SALOMONI,AV CAVALHADA,BOLETIM,0,0,0,0,0,0
P4,Corredor Av. Vicente Monteggia,polyline,10.3,50.0,sim,761427,20240911,22:50,QUARTA-FEIRA,-30.103214980000001,-51.223317999999999,AV VICENTE MONTEGGIA,,BOLETIM,0,0,0,0,0,0
P4,Corredor Av. Vicente Monteggia,polyline,12.7,50.0,sim,760241,20240912,14:43,QUINTA-FEIRA,-30.095061999999999,-51.225558999999997,AV NONOAI,,BOLETIM,0,0,0,0,0,0
P5,Joao Salomoni x Av. da Cavalhada,point,6.4,100.0,sim,760210,20240913,13:40,SEXTA-FEIRA,-30.113044750000000,-51.226481000000000,ESTR JOAO SALOMONI,AV CAVALHADA,BOLETIM,0,0,0,0,0,0
P2,Confluencia Cristiano Kraemer x Belem Velho x Monte Cristo,point,62.0,100.0,sim,760300,20240915,23:51,DOMINGO,-30.117715000000000,-51.206978999999997,ESTR CRISTIANO KRAEMER,,BOLETIM,0,0,0,0,0,0
P4,Corredor Av. Vicente Monteggia,polyline,6.2,50.0,sim,760342,20240916,15:40,SEGUNDA-FEIRA,-30.105252680000000,-51.222631999999997,AV VICENTE MONTEGGIA,,BOLETIM,0,0,0,0,0,0
P4,Corredor Av. Vicente Monteggia,polyline,2.8,50.0,sim,760008,20240918,16:45,QUARTA-FEIRA,-30.112967000000001,-51.213549000000000,AV VICENTE MONTEGGIA,,BOLETIM,1,0,0,0,0,0
P2,Confluencia Cristiano Kraemer x Belem Velho x Monte Cristo,point,17.1,100.0,sim,750036,20240918,09:15,QUARTA-FEIRA,-30.117466929999999,-51.206218999999997,AV BELEM VELHO,ESTR CRISTIANO KRAEMER,BOLETIM,2,0,0,0,0,1
P5,Joao Salomoni x Av. da Cavalhada,point,55.7,100.0,sim,760716,20240924,18:34,TERCA-FEIRA,-30.113578250000000,-51.226326684788397,AV CAVALHADA,,BOLETIM,1,0,0,1,0,0
P2,Confluencia Cristiano Kraemer x Belem Velho x Monte Cristo,point,30.0,100.0,sim,760695,20240924,09:25,TERCA-FEIRA,-30.117675999999999,-51.206642000000002,AV RODRIGUES DA FONSECA,ESTR CRISTIANO KRAEMER,BOLETIM,0,0,0,0,0,0
P2,Confluencia Cristiano Kraemer x Belem Velho x Monte Cristo,point,23.1,100.0,sim,760707,20240924,19:00,TERCA-FEIRA,-30.117736940000000,-51.206485000000001,ESTR CRISTIANO KRAEMER,,BOLETIM,0,0,0,0,0,0
P7,Estr. 3 Meninas x Estr. Costa Gama,point,147.8,100.0,nao_contexto,760388,20240924,08:15,TERCA-FEIRA,-30.135025154519301,-51.175392592549201,ESTR COSTA GAMA,,BOLETIM,0,0,0,0,0,0
P9,Entroncamento Rua Santuario x Av. Oscar Pereira,point,44.3,100.0,sim,761311,20240930,09:00,SEGUNDA-FEIRA,-30.096419000000001,-51.177832000000002,AV PROF OSCAR PEREIRA,,BOLETIM,0,0,0,0,0,0
P4,Corredor Av. Vicente Monteggia,polyline,5.5,50.0,sim,760553,20240930,18:20,SEGUNDA-FEIRA,-30.103728860000000,-51.223149999999997,AV VICENTE MONTEGGIA,,BOLETIM,1,1,0,1,0,0
P2,Confluencia Cristiano Kraemer x Belem Velho x Monte Cristo,point,123.7,100.0,nao_contexto,761365,20241002,17:55,QUARTA-FEIRA,-30.117114170000001,-51.207538000000000,AV RODRIGUES DA FONSECA,,BOLETIM,0,0,0,1,0,0
P3,Acesso Av. Vicente Monteggia via Joao Salomoni/Rodrigues,point,95.4,100.0,sim,760907,20241005,15:45,SABADO,-30.115254889999999,-51.213430000000002,ESTR JOAO SALOMONI,,BOLETIM,1,0,0,0,0,0
P4,Corredor Av. Vicente Monteggia,polyline,91.5,50.0,nao_contexto,760907,20241005,15:45,SABADO,-30.115254889999999,-51.213430000000002,ESTR JOAO SALOMONI,,BOLETIM,1,0,0,0,0,0
P2,Confluencia Cristiano Kraemer x Belem Velho x Monte Cristo,point,17.2,100.0,sim,760934,20241006,19:47,DOMINGO,-30.117466000000000,-51.206218000000000,AV BELEM VELHO,,BOLETIM,0,0,0,1,0,1
P3,Acesso Av. Vicente Monteggia via Joao Salomoni/Rodrigues,point,63.2,100.0,sim,760994,20241007,08:29,SEGUNDA-FEIRA,-30.115756999999999,-51.211894000000001,R ATILIO SUPERTTI,,BOLETIM,0,0,0,0,0,0
P4,Corredor Av. Vicente Monteggia,polyline,55.8,50.0,nao_contexto,760994,20241007,08:29,SEGUNDA-FEIRA,-30.115756999999999,-51.211894000000001,R ATILIO SUPERTTI,,BOLETIM,0,0,0,0,0,0
P4,Corredor Av. Vicente Monteggia,polyline,96.0,50.0,nao_contexto,761287,20241009,12:00,QUARTA-FEIRA,-30.094805999999998,-51.226725000000002,R DR CAMPOS VELHO,,BOLETIM,0,0,0,0,0,0
P4,Corredor Av. Vicente Monteggia,polyline,2.7,50.0,sim,761761,20241015,09:50,TERCA-FEIRA,-30.098483000000002,-51.225245999999999,AV VICENTE MONTEGGIA,,BOLETIM,0,0,0,0,0,0
P2,Confluencia Cristiano Kraemer x Belem Velho x Monte Cristo,point,97.7,100.0,sim,761826,20241016,08:10,QUARTA-FEIRA,-30.117249950000001,-51.207310000000000,AV RODRIGUES DA FONSECA,,BOLETIM,0,0,0,1,0,0
P4,Corredor Av. Vicente Monteggia,polyline,0.5,50.0,sim,761488,20241019,10:30,SABADO,-30.097041510000000,-51.224643999999998,AV VICENTE MONTEGGIA,,BOLETIM,1,0,0,1,0,0
P4,Corredor Av. Vicente Monteggia,polyline,7.7,50.0,sim,761562,20241020,11:18,DOMINGO,-30.095153329999999,-51.225474884402303,AV NONOAI,,BOLETIM,1,0,0,1,0,0
P4,Corredor Av. Vicente Monteggia,polyline,0.4,50.0,sim,762262,20241023,16:15,QUARTA-FEIRA,-30.095352080000001,-51.225490000000001,AV VICENTE MONTEGGIA,,BOLETIM,0,0,0,0,0,0
P5,Joao Salomoni x Av. da Cavalhada,point,8.5,100.0,sim,762000,20241023,18:00,QUARTA-FEIRA,-30.113078399999999,-51.226415000000003,AV CAVALHADA,,BOLETIM,1,0,0,1,0,0
P9,Entroncamento Rua Santuario x Av. Oscar Pereira,point,11.0,100.0,sim,762224,20241024,11:30,QUINTA-FEIRA,-30.096681449999998,-51.177999999999997,AV PROF OSCAR PEREIRA,R SANTUARIO,BOLETIM,0,0,0,0,0,0
P6,Rota Florestan Fernandes / Estrada Kanazawa,polyline,84.6,50.0,nao_contexto,762229,20241024,13:30,QUINTA-FEIRA,-30.120790993965699,-51.196680974225401,ESTR TRES MENINAS,,BOLETIM,0,0,0,0,0,0
P4,Corredor Av. Vicente Monteggia,polyline,6.5,50.0,sim,761860,20241028,07:56,SEGUNDA-FEIRA,-30.110417720000001,-51.218955000000001,AV VICENTE MONTEGGIA,,BOLETIM,2,1,0,1,0,0
P4,Corredor Av. Vicente Monteggia,polyline,0.6,50.0,sim,761829,20241029,17:30,TERCA-FEIRA,-30.110429109999998,-51.219022000000002,AV VICENTE MONTEGGIA,ESTR JOAO VEDANA,BOLETIM,0,0,1,2,0,0
P8,Estr. Costa Gama x Estr. Afonso Lourenco Mariante,point,26.5,100.0,sim,762322,20241029,11:00,TERCA-FEIRA,-30.115379999999998,-51.177219000000001,ESTR COSTA GAMA,,ATENDIMENTO,2,0,0,2,0,0
P4,Corredor Av. Vicente Monteggia,polyline,65.2,50.0,nao_contexto,762590,20241031,18:50,QUINTA-FEIRA,-30.095571050000000,-51.226318999999997,AV CAVALHADA,,BOLETIM,0,0,0,0,0,0
P7,Estr. 3 Meninas x Estr. Costa Gama,point,27.9,100.0,sim,762349,20241103,20:24,DOMINGO,-30.133479159895199,-51.175722376004600,ESTR COSTA GAMA,,BOLETIM,2,2,0,0,0,0
P4,Corredor Av. Vicente Monteggia,polyline,2.5,50.0,sim,764547,20241104,07:30,SEGUNDA-FEIRA,-30.101089999999999,-51.224392999999999,AV VICENTE MONTEGGIA,,BOLETIM,1,0,0,0,0,0
P4,Corredor Av. Vicente Monteggia,polyline,10.2,50.0,sim,762532,20241104,11:00,SEGUNDA-FEIRA,-30.112562057367199,-51.214969970790101,AV VICENTE MONTEGGIA,,BOLETIM,1,0,0,1,0,0
P4,Corredor Av. Vicente Monteggia,polyline,3.8,50.0,sim,762702,20241105,14:06,TERCA-FEIRA,-30.112438999999998,-51.216749000000000,AV VICENTE MONTEGGIA,,BOLETIM,2,0,0,1,0,0
P4,Corredor Av. Vicente Monteggia,polyline,3.1,50.0,sim,763134,20241109,10:00,SABADO,-30.107299999999999,-51.222088999999997,R AMAPA,AV VICENTE MONTEGGIA,BOLETIM,0,0,0,0,0,0
P4,Corredor Av. Vicente Monteggia,polyline,2.4,50.0,sim,762584,20241110,18:10,DOMINGO,-30.109073570000000,-51.220059999999997,AV VICENTE MONTEGGIA,,BOLETIM,0,0,0,1,0,0
P5,Joao Salomoni x Av. da Cavalhada,point,6.4,100.0,sim,763316,20241110,18:20,DOMINGO,-30.113044750000000,-51.226481000000000,ESTR JOAO SALOMONI,AV CAVALHADA,BOLETIM,0,0,0,0,0,0
P5,Joao Salomoni x Av. da Cavalhada,point,4.0,100.0,sim,762612,20241110,16:00,DOMINGO,-30.113088410000000,-51.226539000000002,AV CAVALHADA,,BOLETIM,1,0,0,1,0,0
P8,Estr. Costa Gama x Estr. Afonso Lourenco Mariante,point,37.7,100.0,sim,763387,20241111,19:40,SEGUNDA-FEIRA,-30.115476999999998,-51.177258999999999,ESTR COSTA GAMA,,ATENDIMENTO,1,0,0,1,0,0
P3,Acesso Av. Vicente Monteggia via Joao Salomoni/Rodrigues,point,78.6,100.0,sim,762976,20241119,18:45,TERCA-FEIRA,-30.114793580000001,-51.212468000000001,AV VICENTE MONTEGGIA,,BOLETIM,1,0,0,1,0,0
P4,Corredor Av. Vicente Monteggia,polyline,5.5,50.0,sim,762976,20241119,18:45,TERCA-FEIRA,-30.114793580000001,-51.212468000000001,AV VICENTE MONTEGGIA,,BOLETIM,1,0,0,1,0,0
P8,Estr. Costa Gama x Estr. Afonso Lourenco Mariante,point,0.6,100.0,sim,763702,20241127,10:40,QUARTA-FEIRA,-30.115180840000001,-51.177064000000001,ESTR AFONSO LOURENCO MARIANTE,ESTR COSTA GAMA,BOLETIM,0,0,0,0,0,0
P8,Estr. Costa Gama x Estr. Afonso Lourenco Mariante,point,35.4,100.0,sim,763756,20241128,16:00,QUINTA-FEIRA,-30.115487410000000,-51.177166999999997,ESTR COSTA GAMA,,BOLETIM,0,0,0,0,0,0
P4,Corredor Av. Vicente Monteggia,polyline,10.2,50.0,sim,763626,20241129,07:31,SEXTA-FEIRA,-30.110935000000001,-51.218505000000000,AV VICENTE MONTEGGIA,,BOLETIM,1,1,0,1,0,0
P4,Corredor Av. Vicente Monteggia,polyline,3.7,50.0,sim,763846,20241130,15:30,SABADO,-30.107172703053500,-51.222077104744898,R AMAPA,,BOLETIM,1,0,0,0,0,0
P4,Corredor Av. Vicente Monteggia,polyline,12.5,50.0,sim,764000,20241203,16:00,TERCA-FEIRA,-30.095101199999998,-51.225453999999999,AV NONOAI,,BOLETIM,0,0,0,0,0,0
P2,Confluencia Cristiano Kraemer x Belem Velho x Monte Cristo,point,123.7,100.0,nao_contexto,763997,20241203,12:15,TERCA-FEIRA,-30.117114170000001,-51.207538000000000,AV RODRIGUES DA FONSECA,,BOLETIM,0,0,0,0,0,0
P6,Rota Florestan Fernandes / Estrada Kanazawa,polyline,43.8,50.0,sim,764258,20241205,14:15,QUINTA-FEIRA,-30.119748969839101,-51.197262647071497,ESTR TRES MENINAS,,BOLETIM,2,0,0,1,0,0
P5,Joao Salomoni x Av. da Cavalhada,point,6.4,100.0,sim,764489,20241207,13:50,SABADO,-30.113044750000000,-51.226481000000000,AV CAVALHADA,ESTR JOAO SALOMONI,BOLETIM,1,0,0,1,0,0
P2,Confluencia Cristiano Kraemer x Belem Velho x Monte Cristo,point,40.5,100.0,sim,764189,20241212,17:10,QUINTA-FEIRA,-30.117717186600299,-51.206739662417000,AV MONTE CRISTO,,BOLETIM,0,0,0,0,0,0
P4,Corredor Av. Vicente Monteggia,polyline,4.1,50.0,sim,765225,20241213,17:45,SEXTA-FEIRA,-30.097698999999999,-51.224773999999996,AV VICENTE MONTEGGIA,,BOLETIM,0,0,0,1,0,0
P4,Corredor Av. Vicente Monteggia,polyline,6.4,50.0,sim,764982,20241213,07:20,SEXTA-FEIRA,-30.108132999999999,-51.221196999999997,AV VICENTE MONTEGGIA,,BOLETIM,0,0,0,1,0,0
P4,Corredor Av. Vicente Monteggia,polyline,12.7,50.0,sim,764287,20241215,19:40,DOMINGO,-30.095061999999999,-51.225558999999997,AV NONOAI,,BOLETIM,1,1,0,0,0,0
P4,Corredor Av. Vicente Monteggia,polyline,5.2,50.0,sim,764280,20241215,11:40,DOMINGO,-30.103334810000000,-51.223125000000003,AV VICENTE MONTEGGIA,,BOLETIM,1,0,0,1,0,0
P4,Corredor Av. Vicente Monteggia,polyline,0.0,50.0,sim,764357,20241216,08:00,SEGUNDA-FEIRA,-30.100758610000000,-51.224733000000001,AV VICENTE MONTEGGIA,,BOLETIM,0,0,0,1,0,0
P1,Rotula Estr. 3 Meninas x Estr. Cristiano Kraemer,point,63.1,100.0,sim,765036,20241217,07:40,TERCA-FEIRA,-30.117963000000000,-51.202671000000002,ESTR TRES MENINAS,,BOLETIM,0,0,0,0,0,0
P4,Corredor Av. Vicente Monteggia,polyline,5.7,50.0,sim,764654,20241219,16:25,QUINTA-FEIRA,-30.103743955061500,-51.223148648446198,AV VICENTE MONTEGGIA,,BOLETIM,1,0,0,1,0,0
P5,Joao Salomoni x Av. da Cavalhada,point,108.0,100.0,nao_contexto,765082,20241219,14:15,QUINTA-FEIRA,-30.113009079630899,-51.225382536595099,ESTR JOAO SALOMONI,,BOLETIM,0,0,0,0,0,0
P5,Joao Salomoni x Av. da Cavalhada,point,195.6,100.0,nao_contexto,765113,20241220,11:30,SEXTA-FEIRA,-30.114701000000000,-51.227342999999998,AV FAMILIA GONCALVES CARNEIRO,,BOLETIM,0,0,0,0,0,0
P7,Estr. 3 Meninas x Estr. Costa Gama,point,47.8,100.0,sim,765111,20241220,16:30,SEXTA-FEIRA,-30.133301880000001,-51.175784999999998,ESTR COSTA GAMA,ESTR TRES MENINAS,BOLETIM,0,0,0,0,0,0
P7,Estr. 3 Meninas x Estr. Costa Gama,point,47.8,100.0,sim,765109,20241220,15:30,SEXTA-FEIRA,-30.133301880000001,-51.175784999999998,ESTR COSTA GAMA,ESTR TRES MENINAS,BOLETIM,0,0,0,0,0,0
P4,Corredor Av. Vicente Monteggia,polyline,17.6,50.0,sim,765187,20241225,10:59,QUARTA-FEIRA,-30.095018327681700,-51.225536768544302,AV NONOAI,,BOLETIM,0,0,0,0,0,0
P2,Confluencia Cristiano Kraemer x Belem Velho x Monte Cristo,point,30.0,100.0,sim,765266,20250104,16:09,SABADO,-30.117675999999999,-51.206642000000002,ESTR CRISTIANO KRAEMER,AV RODRIGUES DA FONSECA,BOLETIM,1,0,0,1,0,0
P4,Corredor Av. Vicente Monteggia,polyline,6.9,50.0,sim,765579,20250109,18:30,QUINTA-FEIRA,-30.108006719999999,-51.221350000000001,AV VICENTE MONTEGGIA,,BOLETIM,1,0,0,1,0,0
P4,Corredor Av. Vicente Monteggia,polyline,4.7,50.0,sim,765697,20250113,08:35,SEGUNDA-FEIRA,-30.095149280000001,-51.225779000000003,AV CAVALHADA,,BOLETIM,0,0,0,0,0,0
P5,Joao Salomoni x Av. da Cavalhada,point,6.4,100.0,sim,766690,20250118,21:40,SABADO,-30.113044750000000,-51.226481000000000,AV CAVALHADA,ESTR JOAO SALOMONI,BOLETIM,0,0,0,1,0,0
P4,Corredor Av. Vicente Monteggia,polyline,0.0,50.0,sim,765984,20250121,06:30,TERCA-FEIRA,-30.100758610000000,-51.224733000000001,AV VICENTE MONTEGGIA,,BOLETIM,0,0,0,0,0,0
P9,Entroncamento Rua Santuario x Av. Oscar Pereira,point,94.4,100.0,sim,766323,20250122,11:30,QUARTA-FEIRA,-30.097484000000001,-51.177546999999997,AV PROF OSCAR PEREIRA,,ATENDIMENTO,1,0,0,1,0,0
P4,Corredor Av. Vicente Monteggia,polyline,7.0,50.0,sim,766344,20250123,14:30,QUINTA-FEIRA,-30.112408299999998,-51.215980000000002,AV VICENTE MONTEGGIA,,ATENDIMENTO,1,0,0,0,1,0
P4,Corredor Av. Vicente Monteggia,polyline,5.9,50.0,sim,766224,20250124,14:15,SEXTA-FEIRA,-30.109412970000001,-51.219780000000000,AV VICENTE MONTEGGIA,,BOLETIM,2,0,0,1,0,0
P4,Corredor Av. Vicente Monteggia,polyline,7.4,50.0,sim,766685,20250128,13:03,TERCA-FEIRA,-30.110289280000000,-51.219056000000002,AV VICENTE MONTEGGIA,,BOLETIM,1,0,0,1,0,0
P5,Joao Salomoni x Av. da Cavalhada,point,6.4,100.0,sim,766646,20250131,14:20,SEXTA-FEIRA,-30.113044750000000,-51.226481000000000,AV CAVALHADA,ESTR JOAO SALOMONI,BOLETIM,0,0,0,0,0,0
P3,Acesso Av. Vicente Monteggia via Joao Salomoni/Rodrigues,point,27.2,100.0,sim,766424,20250131,18:20,SEXTA-FEIRA,-30.115447589999999,-51.212755999999999,ESTR JOAO SALOMONI,,BOLETIM,0,0,0,0,0,0
P4,Corredor Av. Vicente Monteggia,polyline,23.3,50.0,sim,766424,20250131,18:20,SEXTA-FEIRA,-30.115447589999999,-51.212755999999999,ESTR JOAO SALOMONI,,BOLETIM,0,0,0,0,0,0
P4,Corredor Av. Vicente Monteggia,polyline,7.1,50.0,sim,767005,20250207,16:40,SEXTA-FEIRA,-30.095172999999999,-51.225712999999999,AV NONOAI,R DR CAMPOS VELHO,BOLETIM,0,0,0,0,0,0
P3,Acesso Av. Vicente Monteggia via Joao Salomoni/Rodrigues,point,108.8,100.0,nao_contexto,767509,20250210,14:44,SEGUNDA-FEIRA,-30.115734560411202,-51.211381533580699,AV RODRIGUES DA FONSECA,,ATENDIMENTO,2,0,0,1,0,0
P8,Estr. Costa Gama x Estr. Afonso Lourenco Mariante,point,0.6,100.0,sim,767382,20250211,18:00,TERCA-FEIRA,-30.115180840000001,-51.177064000000001,ESTR COSTA GAMA,ESTR AFONSO LOURENCO MARIANTE,BOLETIM,0,0,0,0,0,0
P4,Corredor Av. Vicente Monteggia,polyline,3.7,50.0,sim,767130,20250214,14:00,SEXTA-FEIRA,-30.096128000000000,-51.225147999999997,AV VICENTE MONTEGGIA,,BOLETIM,1,0,0,1,0,0
P4,Corredor Av. Vicente Monteggia,polyline,8.6,50.0,sim,767662,20250218,18:00,TERCA-FEIRA,-30.110891120000002,-51.218558999999999,AV VICENTE MONTEGGIA,,BOLETIM,0,0,0,0,0,0
P7,Estr. 3 Meninas x Estr. Costa Gama,point,78.3,100.0,sim,767888,20250223,09:20,DOMINGO,-30.134391879999999,-51.175462000000003,ESTR COSTA GAMA,,BOLETIM,1,0,0,0,0,0
P4,Corredor Av. Vicente Monteggia,polyline,4.5,50.0,sim,774660,20250225,14:12,TERCA-FEIRA,-30.097662000000000,-51.224755999999999,AV VICENTE MONTEGGIA,,BOLETIM,1,0,0,1,0,0
P4,Corredor Av. Vicente Monteggia,polyline,4.5,50.0,sim,767756,20250225,13:50,TERCA-FEIRA,-30.097662000000000,-51.224755999999999,AV VICENTE MONTEGGIA,,BOLETIM,1,1,0,1,0,0
P4,Corredor Av. Vicente Monteggia,polyline,4.5,50.0,sim,767657,20250225,17:35,TERCA-FEIRA,-30.110713000000001,-51.218746000000003,AV VICENTE MONTEGGIA,,BOLETIM,0,0,0,0,0,0
P4,Corredor Av. Vicente Monteggia,polyline,4.7,50.0,sim,767936,20250226,07:55,QUARTA-FEIRA,-30.095149280000001,-51.225779000000003,AV CAVALHADA,,BOLETIM,0,0,0,0,0,0
P4,Corredor Av. Vicente Monteggia,polyline,14.8,50.0,sim,769409,20250226,20:00,QUARTA-FEIRA,-30.104962000000000,-51.222943999999998,AV VICENTE MONTEGGIA,,BOLETIM,0,0,0,0,0,0
P2,Confluencia Cristiano Kraemer x Belem Velho x Monte Cristo,point,167.5,100.0,nao_contexto,767931,20250226,10:10,QUARTA-FEIRA,-30.116485999136000,-51.205138603593703,AV BELEM VELHO,,BOLETIM,0,0,0,0,0,0
P4,Corredor Av. Vicente Monteggia,polyline,7.6,50.0,sim,768085,20250227,12:00,QUINTA-FEIRA,-30.108334000734700,-51.220760345504502,AV VICENTE MONTEGGIA,,BOLETIM,0,0,0,0,0,0
P8,Estr. Costa Gama x Estr. Afonso Lourenco Mariante,point,103.0,100.0,nao_contexto,768099,20250227,08:30,QUINTA-FEIRA,-30.114283199999999,-51.176803000000000,ESTR COSTA GAMA,,BOLETIM,0,0,0,1,0,0
P5,Joao Salomoni x Av. da Cavalhada,point,6.4,100.0,sim,769530,20250228,20:45,SEXTA-FEIRA,-30.113044750000000,-51.226481000000000,AV CAVALHADA,ESTR JOAO SALOMONI,BOLETIM,0,0,0,0,0,0
P4,Corredor Av. Vicente Monteggia,polyline,4.7,50.0,sim,767808,20250304,11:25,TERCA-FEIRA,-30.095149280000001,-51.225779000000003,AV CAVALHADA,,BOLETIM,3,0,0,0,0,0
P8,Estr. Costa Gama x Estr. Afonso Lourenco Mariante,point,192.8,100.0,nao_contexto,768896,20250304,07:30,TERCA-FEIRA,-30.113449729999999,-51.176948000000003,R DR SARMENTO BARATA,,BOLETIM,1,0,0,0,0,0
P4,Corredor Av. Vicente Monteggia,polyline,74.7,50.0,nao_contexto,767817,20250305,19:29,QUARTA-FEIRA,-30.095631006132699,-51.226389149001399,AV CAVALHADA,,BOLETIM,0,0,0,0,0,0
P4,Corredor Av. Vicente Monteggia,polyline,0.4,50.0,sim,768339,20250307,18:30,SEXTA-FEIRA,-30.095352080000001,-51.225490000000001,AV VICENTE MONTEGGIA,,BOLETIM,1,0,0,1,0,1
P4,Corredor Av. Vicente Monteggia,polyline,6.9,50.0,sim,768397,20250309,11:50,DOMINGO,-30.107165999999999,-51.222200999999998,AV VICENTE MONTEGGIA,,BOLETIM,0,0,0,0,0,0
P4,Corredor Av. Vicente Monteggia,polyline,8.6,50.0,sim,768344,20250310,19:10,SEGUNDA-FEIRA,-30.106394529999999,-51.222451999999997,AV VICENTE MONTEGGIA,,BOLETIM,1,0,0,1,0,0
P4,Corredor Av. Vicente Monteggia,polyline,16.3,50.0,sim,768412,20250310,17:30,SEGUNDA-FEIRA,-30.107217660000000,-51.221907000000002,AV VICENTE MONTEGGIA,R AMAPA,BOLETIM,0,0,0,0,0,0
P4,Corredor Av. Vicente Monteggia,polyline,4.9,50.0,sim,768523,20250312,18:35,QUARTA-FEIRA,-30.113164000000001,-51.213161999999997,AV VICENTE MONTEGGIA,,BOLETIM,2,1,0,1,0,0
P4,Corredor Av. Vicente Monteggia,polyline,5.1,50.0,sim,768527,20250318,13:40,TERCA-FEIRA,-30.107507999999999,-51.221893999999999,AV VICENTE MONTEGGIA,,BOLETIM,2,0,0,1,0,0
P5,Joao Salomoni x Av. da Cavalhada,point,42.2,100.0,sim,769403,20250319,08:40,QUARTA-FEIRA,-30.112721501931201,-51.226463168877700,AV CAVALHADA,,BOLETIM,0,0,0,0,0,0
P4,Corredor Av. Vicente Monteggia,polyline,3.1,50.0,sim,768750,20250320,05:40,QUINTA-FEIRA,-30.107299999999999,-51.222088999999997,R AMAPA,AV VICENTE MONTEGGIA,BOLETIM,0,0,0,0,0,0
P1,Rotula Estr. 3 Meninas x Estr. Cristiano Kraemer,point,28.4,100.0,sim,768725,20250320,06:20,QUINTA-FEIRA,-30.118538493247399,-51.203057095479302,ESTR CRISTIANO KRAEMER,,BOLETIM,0,0,0,0,0,0
P4,Corredor Av. Vicente Monteggia,polyline,4.7,50.0,sim,769127,20250322,17:24,SABADO,-30.111325000000001,-51.218192000000002,AV VICENTE MONTEGGIA,,BOLETIM,1,0,0,1,0,0
P9,Entroncamento Rua Santuario x Av. Oscar Pereira,point,11.0,100.0,sim,769015,20250323,02:30,DOMINGO,-30.096681449999998,-51.177999999999997,AV PROF OSCAR PEREIRA,R SANTUARIO,BOLETIM,0,0,0,0,0,0
P6,Rota Florestan Fernandes / Estrada Kanazawa,polyline,71.1,50.0,nao_contexto,769260,20250324,12:40,SEGUNDA-FEIRA,-30.122201497939500,-51.193245943247703,ESTR TRES MENINAS,,BOLETIM,1,0,0,1,0,0
P5,Joao Salomoni x Av. da Cavalhada,point,101.2,100.0,nao_contexto,769146,20250325,01:25,TERCA-FEIRA,-30.112214099999999,-51.226742000000002,AV CAVALHADA,,BOLETIM,0,0,0,0,0,0
P3,Acesso Av. Vicente Monteggia via Joao Salomoni/Rodrigues,point,27.2,100.0,sim,769303,20250326,09:35,QUARTA-FEIRA,-30.115447589999999,-51.212755999999999,ESTR JOAO SALOMONI,,BOLETIM,0,0,0,0,0,0
P4,Corredor Av. Vicente Monteggia,polyline,23.3,50.0,sim,769303,20250326,09:35,QUARTA-FEIRA,-30.115447589999999,-51.212755999999999,ESTR JOAO SALOMONI,,BOLETIM,0,0,0,0,0,0
P2,Confluencia Cristiano Kraemer x Belem Velho x Monte Cristo,point,34.8,100.0,sim,769495,20250327,14:01,QUINTA-FEIRA,-30.117731150000001,-51.206662999999999,ESTR CRISTIANO KRAEMER,,BOLETIM,1,0,0,1,0,0
P4,Corredor Av. Vicente Monteggia,polyline,12.8,50.0,sim,769226,20250328,12:40,SEXTA-FEIRA,-30.095068009999999,-51.225766999999998,R DR CAMPOS VELHO,,BOLETIM,0,0,0,0,0,0
P3,Acesso Av. Vicente Monteggia via Joao Salomoni/Rodrigues,point,0.9,100.0,sim,768827,20250328,13:10,SEXTA-FEIRA,-30.115501999999999,-51.212471000000001,AV VICENTE MONTEGGIA,ESTR JOAO SALOMONI,BOLETIM,0,0,0,0,0,0
P4,Corredor Av. Vicente Monteggia,polyline,4.6,50.0,sim,768827,20250328,13:10,SEXTA-FEIRA,-30.115501999999999,-51.212471000000001,AV VICENTE MONTEGGIA,ESTR JOAO SALOMONI,BOLETIM,0,0,0,0,0,0
P1,Rotula Estr. 3 Meninas x Estr. Cristiano Kraemer,point,163.0,100.0,nao_contexto,769596,20250328,15:40,SEXTA-FEIRA,-30.119747000000000,-51.202855000000000,ESTR CRISTIANO KRAEMER,,BOLETIM,1,0,0,1,0,0
P4,Corredor Av. Vicente Monteggia,polyline,21.5,50.0,sim,770234,20250329,04:13,SABADO,-30.095056039999999,-51.225375000000000,AV NONOAI,,BOLETIM,1,1,0,1,0,0
P2,Confluencia Cristiano Kraemer x Belem Velho x Monte Cristo,point,77.6,100.0,sim,768831,20250329,11:00,SABADO,-30.117370999999999,-51.207137000000003,AV RODRIGUES DA FONSECA,,BOLETIM,0,0,0,0,0,0
P5,Joao Salomoni x Av. da Cavalhada,point,4.0,100.0,sim,769739,20250331,07:20,SEGUNDA-FEIRA,-30.113088410000000,-51.226539000000002,AV CAVALHADA,,BOLETIM,0,0,0,0,0,0
P5,Joao Salomoni x Av. da Cavalhada,point,4.0,100.0,sim,769897,20250403,16:50,QUINTA-FEIRA,-30.113088410000000,-51.226539000000002,AV CAVALHADA,,BOLETIM,0,0,0,0,0,0
P3,Acesso Av. Vicente Monteggia via Joao Salomoni/Rodrigues,point,78.6,100.0,sim,770284,20250404,18:10,SEXTA-FEIRA,-30.114793580000001,-51.212468000000001,AV VICENTE MONTEGGIA,,BOLETIM,1,0,0,1,0,0
P4,Corredor Av. Vicente Monteggia,polyline,5.5,50.0,sim,770284,20250404,18:10,SEXTA-FEIRA,-30.114793580000001,-51.212468000000001,AV VICENTE MONTEGGIA,,BOLETIM,1,0,0,1,0,0
P4,Corredor Av. Vicente Monteggia,polyline,7.1,50.0,sim,770197,20250405,01:20,SABADO,-30.095172999999999,-51.225712999999999,AV CAVALHADA,AV NONOAI,BOLETIM,0,0,0,0,0,0
P2,Confluencia Cristiano Kraemer x Belem Velho x Monte Cristo,point,39.2,100.0,sim,770570,20250405,18:40,SABADO,-30.117431300000000,-51.206738999999999,AV RODRIGUES DA FONSECA,,BOLETIM,0,0,0,0,0,0
P3,Acesso Av. Vicente Monteggia via Joao Salomoni/Rodrigues,point,191.0,100.0,nao_contexto,770927,20250407,13:00,SEGUNDA-FEIRA,-30.115942000000000,-51.210560999999998,AV RODRIGUES DA FONSECA,,BOLETIM,0,0,0,0,0,0
P4,Corredor Av. Vicente Monteggia,polyline,1.6,50.0,sim,770313,20250408,10:00,TERCA-FEIRA,-30.103107999999999,-51.223218000000003,AV VICENTE MONTEGGIA,,BOLETIM,1,0,0,1,0,0
P7,Estr. 3 Meninas x Estr. Costa Gama,point,40.2,100.0,sim,770380,20250408,08:43,TERCA-FEIRA,-30.134053080000001,-51.175552000000003,ESTR COSTA GAMA,,BOLETIM,1,0,0,1,0,0
P4,Corredor Av. Vicente Monteggia,polyline,7.0,50.0,sim,770410,20250409,13:20,QUARTA-FEIRA,-30.097930630000000,-51.224950999999997,AV VICENTE MONTEGGIA,,BOLETIM,0,0,0,0,0,0
P4,Corredor Av. Vicente Monteggia,polyline,7.1,50.0,sim,770323,20250414,08:06,SEGUNDA-FEIRA,-30.095172999999999,-51.225712999999999,AV NONOAI,AV VICENTE MONTEGGIA,BOLETIM,0,0,0,0,0,0
P5,Joao Salomoni x Av. da Cavalhada,point,4.0,100.0,sim,770259,20250415,15:50,TERCA-FEIRA,-30.113088410000000,-51.226539000000002,AV CAVALHADA,,BOLETIM,0,0,0,0,0,0
P5,Joao Salomoni x Av. da Cavalhada,point,128.2,100.0,nao_contexto,768549,20250417,01:50,QUINTA-FEIRA,-30.111953377775698,-51.226640939712503,AV CAVALHADA,,BOLETIM,3,0,1,0,0,0
P3,Acesso Av. Vicente Monteggia via Joao Salomoni/Rodrigues,point,108.8,100.0,nao_contexto,769676,20250417,10:40,QUINTA-FEIRA,-30.115734560411202,-51.211381533580699,AV RODRIGUES DA FONSECA,,BOLETIM,0,0,0,0,0,0
P4,Corredor Av. Vicente Monteggia,polyline,1.0,50.0,sim,769919,20250418,15:33,SEXTA-FEIRA,-30.096041675470399,-51.225163278227498,AV VICENTE MONTEGGIA,,BOLETIM,1,1,0,1,0,0
P4,Corredor Av. Vicente Monteggia,polyline,18.6,50.0,sim,770757,20250418,17:45,SEXTA-FEIRA,-30.107187000000000,-51.221899999999998,R AMAPA,,BOLETIM,0,0,0,0,0,0
P4,Corredor Av. Vicente Monteggia,polyline,6.2,50.0,sim,770852,20250418,15:30,SEXTA-FEIRA,-30.113199999999999,-51.213110000000000,AV VICENTE MONTEGGIA,,BOLETIM,1,0,0,1,0,0
P4,Corredor Av. Vicente Monteggia,polyline,12.5,50.0,sim,770838,20250421,19:40,SEGUNDA-FEIRA,-30.112582312806399,-51.214942025865497,AV VICENTE MONTEGGIA,,BOLETIM,1,0,0,1,0,0
P2,Confluencia Cristiano Kraemer x Belem Velho x Monte Cristo,point,92.4,100.0,sim,770924,20250425,14:30,SEXTA-FEIRA,-30.117615000000001,-51.205401000000002,ESTR CRISTIANO KRAEMER,,BOLETIM,0,0,0,0,0,0
P4,Corredor Av. Vicente Monteggia,polyline,10.6,50.0,sim,770945,20250426,07:14,SABADO,-30.112549999999999,-51.216836999999998,AV VICENTE MONTEGGIA,,BOLETIM,0,0,0,1,0,0
P4,Corredor Av. Vicente Monteggia,polyline,4.7,50.0,sim,770586,20250429,16:40,TERCA-FEIRA,-30.111325000000001,-51.218192000000002,AV VICENTE MONTEGGIA,,BOLETIM,1,0,0,1,0,0
P8,Estr. Costa Gama x Estr. Afonso Lourenco Mariante,point,192.8,100.0,nao_contexto,769202,20250429,20:45,TERCA-FEIRA,-30.113449729999999,-51.176948000000003,R DR SARMENTO BARATA,,BOLETIM,2,1,0,1,0,0
P4,Corredor Av. Vicente Monteggia,polyline,0.6,50.0,sim,772115,20250430,11:10,QUARTA-FEIRA,-30.110429109999998,-51.219022000000002,AV VICENTE MONTEGGIA,ESTR JOAO VEDANA,BOLETIM,0,0,0,0,0,0
P7,Estr. 3 Meninas x Estr. Costa Gama,point,24.1,100.0,sim,771145,20250430,13:10,QUARTA-FEIRA,-30.133514779999999,-51.175767000000000,ESTR TRES MENINAS,ESTR COSTA GAMA,BOLETIM,0,0,0,0,0,0
P5,Joao Salomoni x Av. da Cavalhada,point,85.4,100.0,sim,771141,20250501,17:00,QUINTA-FEIRA,-30.112354570000001,-51.226714000000001,AV CAVALHADA,,BOLETIM,1,0,0,0,1,0
P4,Corredor Av. Vicente Monteggia,polyline,1.3,50.0,sim,771138,20250501,18:45,QUINTA-FEIRA,-30.112575730000000,-51.214081000000000,AV VICENTE MONTEGGIA,R ANGELO PASSUELO,BOLETIM,1,0,0,1,0,0
P3,Acesso Av. Vicente Monteggia via Joao Salomoni/Rodrigues,point,9.1,100.0,sim,769207,20250502,12:38,SEXTA-FEIRA,-30.115423610000001,-51.212513999999999,AV VICENTE MONTEGGIA,,BOLETIM,1,1,0,1,0,0
P4,Corredor Av. Vicente Monteggia,polyline,2.5,50.0,sim,769207,20250502,12:38,SEXTA-FEIRA,-30.115423610000001,-51.212513999999999,AV VICENTE MONTEGGIA,,BOLETIM,1,1,0,1,0,0
P8,Estr. Costa Gama x Estr. Afonso Lourenco Mariante,point,21.7,100.0,sim,771304,20250503,23:00,SABADO,-30.115040459999999,-51.176912000000002,ESTR COSTA GAMA,,BOLETIM,0,0,0,0,0,0
P3,Acesso Av. Vicente Monteggia via Joao Salomoni/Rodrigues,point,0.9,100.0,sim,771484,20250503,22:00,SABADO,-30.115501999999999,-51.212471000000001,AV VICENTE MONTEGGIA,AV RODRIGUES DA FONSECA,BOLETIM,0,0,0,0,0,0
P4,Corredor Av. Vicente Monteggia,polyline,4.6,50.0,sim,771484,20250503,22:00,SABADO,-30.115501999999999,-51.212471000000001,AV VICENTE MONTEGGIA,AV RODRIGUES DA FONSECA,BOLETIM,0,0,0,0,0,0
P3,Acesso Av. Vicente Monteggia via Joao Salomoni/Rodrigues,point,0.9,100.0,sim,793796,20250504,19:00,DOMINGO,-30.115501999999999,-51.212471000000001,ESTR JOAO SALOMONI,AV VICENTE MONTEGGIA,ATENDIMENTO,1,0,0,1,0,0
P4,Corredor Av. Vicente Monteggia,polyline,4.6,50.0,sim,793796,20250504,19:00,DOMINGO,-30.115501999999999,-51.212471000000001,ESTR JOAO SALOMONI,AV VICENTE MONTEGGIA,ATENDIMENTO,1,0,0,1,0,0
P2,Confluencia Cristiano Kraemer x Belem Velho x Monte Cristo,point,64.7,100.0,sim,771449,20250504,21:40,DOMINGO,-30.117743604265200,-51.206998574486697,ESTR CRISTIANO KRAEMER,,BOLETIM,0,0,0,0,0,0
P4,Corredor Av. Vicente Monteggia,polyline,0.4,50.0,sim,771353,20250506,09:48,TERCA-FEIRA,-30.095352080000001,-51.225490000000001,AV VICENTE MONTEGGIA,,BOLETIM,0,0,0,0,0,0
P5,Joao Salomoni x Av. da Cavalhada,point,6.4,100.0,sim,771420,20250507,08:00,QUARTA-FEIRA,-30.113044750000000,-51.226481000000000,AV CAVALHADA,ESTR JOAO SALOMONI,BOLETIM,0,0,0,0,0,0
P3,Acesso Av. Vicente Monteggia via Joao Salomoni/Rodrigues,point,58.0,100.0,sim,770789,20250507,16:10,QUARTA-FEIRA,-30.114982000000001,-51.212408000000003,AV VICENTE MONTEGGIA,,BOLETIM,1,0,0,1,0,0
P4,Corredor Av. Vicente Monteggia,polyline,2.3,50.0,sim,770789,20250507,16:10,QUARTA-FEIRA,-30.114982000000001,-51.212408000000003,AV VICENTE MONTEGGIA,,BOLETIM,1,0,0,1,0,0
P1,Rotula Estr. 3 Meninas x Estr. Cristiano Kraemer,point,187.7,100.0,nao_contexto,793885,20250511,17:00,DOMINGO,-30.118342999999999,-51.201239000000001,ESTR TRES MENINAS,,ATENDIMENTO,1,0,0,1,0,0
P5,Joao Salomoni x Av. da Cavalhada,point,6.4,100.0,sim,771692,20250512,12:55,SEGUNDA-FEIRA,-30.113044750000000,-51.226481000000000,ESTR JOAO SALOMONI,AV CAVALHADA,BOLETIM,0,0,0,0,0,0
P5,Joao Salomoni x Av. da Cavalhada,point,6.4,100.0,sim,771656,20250512,13:00,SEGUNDA-FEIRA,-30.113044750000000,-51.226481000000000,ESTR JOAO SALOMONI,AV CAVALHADA,BOLETIM,0,0,0,0,0,0
P2,Confluencia Cristiano Kraemer x Belem Velho x Monte Cristo,point,92.4,100.0,sim,772235,20250515,18:47,QUINTA-FEIRA,-30.117615000000001,-51.205401000000002,ESTR CRISTIANO KRAEMER,,BOLETIM,0,0,0,0,0,0
P4,Corredor Av. Vicente Monteggia,polyline,3.7,50.0,sim,772171,20250516,18:00,SEXTA-FEIRA,-30.096128000000000,-51.225147999999997,AV VICENTE MONTEGGIA,,BOLETIM,1,0,0,1,0,0
P4,Corredor Av. Vicente Monteggia,polyline,5.0,50.0,sim,772226,20250517,14:17,SABADO,-30.100862880000001,-51.224601999999997,AV VICENTE MONTEGGIA,,BOLETIM,1,0,0,1,0,0
P3,Acesso Av. Vicente Monteggia via Joao Salomoni/Rodrigues,point,81.3,100.0,sim,772280,20250517,20:20,SABADO,-30.114771260000001,-51.212406000000001,AV VICENTE MONTEGGIA,,BOLETIM,1,0,0,1,0,0
P4,Corredor Av. Vicente Monteggia,polyline,0.8,50.0,sim,772280,20250517,20:20,SABADO,-30.114771260000001,-51.212406000000001,AV VICENTE MONTEGGIA,,BOLETIM,1,0,0,1,0,0
P3,Acesso Av. Vicente Monteggia via Joao Salomoni/Rodrigues,point,81.3,100.0,sim,771566,20250517,21:00,SABADO,-30.114771260000001,-51.212406000000001,AV VICENTE MONTEGGIA,,BOLETIM,0,0,0,1,0,0
P4,Corredor Av. Vicente Monteggia,polyline,0.8,50.0,sim,771566,20250517,21:00,SABADO,-30.114771260000001,-51.212406000000001,AV VICENTE MONTEGGIA,,BOLETIM,0,0,0,1,0,0
P4,Corredor Av. Vicente Monteggia,polyline,15.9,50.0,sim,772545,20250518,17:15,DOMINGO,-30.100917720000002,-51.224913999999998,AV VICENTE MONTEGGIA,AV OTTO NIEMEYER,BOLETIM,0,0,0,0,0,0
P4,Corredor Av. Vicente Monteggia,polyline,35.1,50.0,sim,772319,20250519,09:30,SEGUNDA-FEIRA,-30.095474382524500,-51.225982404495802,AV CAVALHADA,,BOLETIM,0,0,0,0,0,0
P7,Estr. 3 Meninas x Estr. Costa Gama,point,24.1,100.0,sim,772548,20250519,11:25,SEGUNDA-FEIRA,-30.133514779999999,-51.175767000000000,ESTR TRES MENINAS,ESTR COSTA GAMA,BOLETIM,0,0,0,0,0,0
P4,Corredor Av. Vicente Monteggia,polyline,0.3,50.0,sim,772379,20250522,12:20,QUINTA-FEIRA,-30.096827999999999,-51.224724000000002,AV VICENTE MONTEGGIA,AV FABIO ARAUJO SANTOS,BOLETIM,0,0,0,0,0,0
P8,Estr. Costa Gama x Estr. Afonso Lourenco Mariante,point,103.0,100.0,nao_contexto,771093,20250523,18:40,SEXTA-FEIRA,-30.114283199999999,-51.176803000000000,ESTR COSTA GAMA,,BOLETIM,0,0,0,0,0,0
P3,Acesso Av. Vicente Monteggia via Joao Salomoni/Rodrigues,point,57.5,100.0,sim,774476,20250525,12:30,DOMINGO,-30.115389846094502,-51.213063855511798,ESTR JOAO SALOMONI,,BOLETIM,0,0,0,0,0,0
P4,Corredor Av. Vicente Monteggia,polyline,53.4,50.0,nao_contexto,774476,20250525,12:30,DOMINGO,-30.115389846094502,-51.213063855511798,ESTR JOAO SALOMONI,,BOLETIM,0,0,0,0,0,0
P2,Confluencia Cristiano Kraemer x Belem Velho x Monte Cristo,point,92.4,100.0,sim,771042,20250526,09:10,SEGUNDA-FEIRA,-30.117615000000001,-51.205401000000002,ESTR CRISTIANO KRAEMER,,BOLETIM,0,0,0,0,0,0
P4,Corredor Av. Vicente Monteggia,polyline,7.1,50.0,sim,772931,20250527,10:44,TERCA-FEIRA,-30.095172999999999,-51.225712999999999,AV NONOAI,R DR CAMPOS VELHO,BOLETIM,0,0,0,0,0,0
P5,Joao Salomoni x Av. da Cavalhada,point,8.5,100.0,sim,771075,20250528,16:05,QUARTA-FEIRA,-30.113078399999999,-51.226415000000003,AV CAVALHADA,,BOLETIM,0,0,0,0,0,0
P3,Acesso Av. Vicente Monteggia via Joao Salomoni/Rodrigues,point,0.9,100.0,sim,771062,20250528,11:03,QUARTA-FEIRA,-30.115501999999999,-51.212471000000001,AV VICENTE MONTEGGIA,ESTR JOAO SALOMONI,BOLETIM,0,0,0,0,0,0
P4,Corredor Av. Vicente Monteggia,polyline,4.6,50.0,sim,771062,20250528,11:03,QUARTA-FEIRA,-30.115501999999999,-51.212471000000001,AV VICENTE MONTEGGIA,ESTR JOAO SALOMONI,BOLETIM,0,0,0,0,0,0
P9,Entroncamento Rua Santuario x Av. Oscar Pereira,point,11.0,100.0,sim,771059,20250529,12:34,QUINTA-FEIRA,-30.096681449999998,-51.177999999999997,AV PROF OSCAR PEREIRA,R SANTUARIO,BOLETIM,0,0,0,0,0,0
P1,Rotula Estr. 3 Meninas x Estr. Cristiano Kraemer,point,76.0,100.0,sim,772577,20250529,12:26,QUINTA-FEIRA,-30.117974000000000,-51.202502000000003,ESTR TRES MENINAS,,BOLETIM,0,0,0,0,0,0
P5,Joao Salomoni x Av. da Cavalhada,point,4.0,100.0,sim,772708,20250530,20:25,SEXTA-FEIRA,-30.113088410000000,-51.226539000000002,AV CAVALHADA,,BOLETIM,0,0,0,0,0,0
P7,Estr. 3 Meninas x Estr. Costa Gama,point,151.8,100.0,nao_contexto,772730,20250601,18:30,DOMINGO,-30.135058010000002,-51.175373999999998,ESTR COSTA GAMA,,BOLETIM,0,0,0,0,0,0
P4,Corredor Av. Vicente Monteggia,polyline,3.7,50.0,sim,773658,20250609,14:15,SEGUNDA-FEIRA,-30.096128000000000,-51.225147999999997,AV VICENTE MONTEGGIA,,BOLETIM,0,0,0,0,0,0
P4,Corredor Av. Vicente Monteggia,polyline,5.9,50.0,sim,773084,20250609,07:49,SEGUNDA-FEIRA,-30.109412970000001,-51.219780000000000,AV VICENTE MONTEGGIA,,BOLETIM,1,0,0,1,0,0
P8,Estr. Costa Gama x Estr. Afonso Lourenco Mariante,point,15.7,100.0,sim,773219,20250610,19:26,TERCA-FEIRA,-30.115292000000000,-51.177169999999997,ESTR COSTA GAMA,,BOLETIM,0,0,0,0,0,0
P7,Estr. 3 Meninas x Estr. Costa Gama,point,40.2,100.0,sim,772894,20250610,12:20,TERCA-FEIRA,-30.134053080000001,-51.175552000000003,ESTR COSTA GAMA,,BOLETIM,0,0,0,0,0,1
P4,Corredor Av. Vicente Monteggia,polyline,3.2,50.0,sim,773137,20250611,17:45,QUARTA-FEIRA,-30.109154228771299,-51.219993934979300,AV VICENTE MONTEGGIA,,BOLETIM,1,0,0,1,0,0
P4,Corredor Av. Vicente Monteggia,polyline,0.6,50.0,sim,772889,20250611,18:30,QUARTA-FEIRA,-30.110429109999998,-51.219022000000002,AV VICENTE MONTEGGIA,ESTR JOAO VEDANA,BOLETIM,0,0,0,0,0,0
P5,Joao Salomoni x Av. da Cavalhada,point,104.0,100.0,nao_contexto,773216,20250612,17:00,QUINTA-FEIRA,-30.112178910000001,-51.226685000000003,AV CAVALHADA,R PRUDENCIA,BOLETIM,0,0,0,1,0,0
P2,Confluencia Cristiano Kraemer x Belem Velho x Monte Cristo,point,165.1,100.0,nao_contexto,773001,20250614,04:50,SABADO,-30.116164296755599,-51.206945687704298,R MIGUEL ASCOLEZE,,BOLETIM,0,0,0,0,0,0
P4,Corredor Av. Vicente Monteggia,polyline,72.6,50.0,nao_contexto,773310,20250616,16:23,SEGUNDA-FEIRA,-30.096526273177499,-51.224055592247197,AV FABIO ARAUJO SANTOS,,BOLETIM,1,0,0,0,0,0
P4,Corredor Av. Vicente Monteggia,polyline,2.9,50.0,sim,773456,20250618,16:18,QUARTA-FEIRA,-30.099865999999999,-51.225316999999997,AV VICENTE MONTEGGIA,,BOLETIM,1,0,0,1,0,0
P4,Corredor Av. Vicente Monteggia,polyline,6.5,50.0,sim,773500,20250618,08:57,QUARTA-FEIRA,-30.113307370000001,-51.213003000000000,AV VICENTE MONTEGGIA,ESTR JOAO PASSUELO,BOLETIM,0,0,0,1,0,0
P3,Acesso Av. Vicente Monteggia via Joao Salomoni/Rodrigues,point,150.2,100.0,nao_contexto,773957,20250618,18:50,QUARTA-FEIRA,-30.115853000000001,-51.210973000000003,AV RODRIGUES DA FONSECA,,BOLETIM,0,0,0,0,0,0
P3,Acesso Av. Vicente Monteggia via Joao Salomoni/Rodrigues,point,150.2,100.0,nao_contexto,773594,20250618,18:50,QUARTA-FEIRA,-30.115853000000001,-51.210973000000003,AV RODRIGUES DA FONSECA,,BOLETIM,0,0,0,0,0,0
P4,Corredor Av. Vicente Monteggia,polyline,0.4,50.0,sim,773745,20250619,19:30,QUINTA-FEIRA,-30.095352080000001,-51.225490000000001,AV VICENTE MONTEGGIA,,BOLETIM,0,0,0,0,0,0
P5,Joao Salomoni x Av. da Cavalhada,point,6.4,100.0,sim,772908,20250625,14:00,QUARTA-FEIRA,-30.113044750000000,-51.226481000000000,AV CAVALHADA,ESTR JOAO SALOMONI,BOLETIM,0,0,0,0,0,0
P1,Rotula Estr. 3 Meninas x Estr. Cristiano Kraemer,point,63.9,100.0,sim,772850,20250625,12:00,QUARTA-FEIRA,-30.118834960000001,-51.202919000000001,ESTR CRISTIANO KRAEMER,R CEL FREDERICO CARLOS GOMES,BOLETIM,0,0,0,0,0,0
P4,Corredor Av. Vicente Monteggia,polyline,2.7,50.0,sim,773862,20250626,13:50,QUINTA-FEIRA,-30.098483000000002,-51.225245999999999,AV VICENTE MONTEGGIA,,BOLETIM,1,0,0,1,0,0
P8,Estr. Costa Gama x Estr. Afonso Lourenco Mariante,point,73.3,100.0,sim,773841,20250626,10:30,QUINTA-FEIRA,-30.115468000000000,-51.176383999999999,ESTR AFONSO LOURENCO MARIANTE,,BOLETIM,1,0,0,1,0,0
P5,Joao Salomoni x Av. da Cavalhada,point,78.9,100.0,sim,774480,20250630,18:00,SEGUNDA-FEIRA,-30.112406000000000,-51.226672000000001,AV CAVALHADA,,BOLETIM,0,0,0,0,0,0
P3,Acesso Av. Vicente Monteggia via Joao Salomoni/Rodrigues,point,0.9,100.0,sim,773264,20250630,06:28,SEGUNDA-FEIRA,-30.115501999999999,-51.212471000000001,AV VICENTE MONTEGGIA,ESTR JOAO SALOMONI,BOLETIM,0,0,0,1,0,1
P4,Corredor Av. Vicente Monteggia,polyline,4.6,50.0,sim,773264,20250630,06:28,SEGUNDA-FEIRA,-30.115501999999999,-51.212471000000001,AV VICENTE MONTEGGIA,ESTR JOAO SALOMONI,BOLETIM,0,0,0,1,0,1
P7,Estr. 3 Meninas x Estr. Costa Gama,point,27.2,100.0,sim,774518,20250702,19:00,QUARTA-FEIRA,-30.133485056063101,-51.175742134532101,ESTR COSTA GAMA,,BOLETIM,0,0,0,0,0,0
P5,Joao Salomoni x Av. da Cavalhada,point,8.5,100.0,sim,775040,20250707,17:12,SEGUNDA-FEIRA,-30.113078399999999,-51.226415000000003,AV CAVALHADA,,BOLETIM,0,0,0,0,0,0
P5,Joao Salomoni x Av. da Cavalhada,point,4.0,100.0,sim,775041,20250707,14:58,SEGUNDA-FEIRA,-30.113088410000000,-51.226539000000002,AV CAVALHADA,,BOLETIM,0,0,0,0,0,0
P4,Corredor Av. Vicente Monteggia,polyline,6.5,50.0,sim,774504,20250707,14:15,SEGUNDA-FEIRA,-30.113307370000001,-51.213003000000000,AV VICENTE MONTEGGIA,ESTR JOAO PASSUELO,BOLETIM,0,0,0,0,0,0
P1,Rotula Estr. 3 Meninas x Estr. Cristiano Kraemer,point,25.9,100.0,sim,774988,20250709,02:00,QUARTA-FEIRA,-30.118518717775899,-51.203070571503197,ESTR CRISTIANO KRAEMER,,BOLETIM,0,0,0,0,0,0
P4,Corredor Av. Vicente Monteggia,polyline,0.0,50.0,sim,774784,20250712,17:00,SABADO,-30.100758610000000,-51.224733000000001,AV VICENTE MONTEGGIA,,BOLETIM,0,0,0,0,0,0
P5,Joao Salomoni x Av. da Cavalhada,point,8.5,100.0,sim,794046,20250712,22:35,SABADO,-30.113078399999999,-51.226415000000003,AV CAVALHADA,,ATENDIMENTO,1,0,0,1,0,0
P4,Corredor Av. Vicente Monteggia,polyline,4.7,50.0,sim,772179,20250717,19:11,QUINTA-FEIRA,-30.095149280000001,-51.225779000000003,AV CAVALHADA,,BOLETIM,1,1,0,2,0,0
P2,Confluencia Cristiano Kraemer x Belem Velho x Monte Cristo,point,17.1,100.0,sim,772184,20250718,23:25,SEXTA-FEIRA,-30.117466929999999,-51.206218999999997,ESTR CRISTIANO KRAEMER,AV BELEM VELHO,BOLETIM,2,1,0,2,0,0
P5,Joao Salomoni x Av. da Cavalhada,point,4.0,100.0,sim,774607,20250719,15:30,SABADO,-30.113088410000000,-51.226539000000002,AV CAVALHADA,,BOLETIM,0,0,0,0,0,0
P4,Corredor Av. Vicente Monteggia,polyline,2.7,50.0,sim,775317,20250720,06:10,DOMINGO,-30.098398000000000,-51.225183000000001,AV VICENTE MONTEGGIA,,BOLETIM,1,0,0,0,0,0
P5,Joao Salomoni x Av. da Cavalhada,point,4.0,100.0,sim,774614,20250722,11:33,TERCA-FEIRA,-30.113088410000000,-51.226539000000002,AV CAVALHADA,,BOLETIM,0,0,0,0,0,0
P2,Confluencia Cristiano Kraemer x Belem Velho x Monte Cristo,point,149.4,100.0,nao_contexto,775116,20250725,06:00,SEXTA-FEIRA,-30.117056999999999,-51.207799999999999,AV RODRIGUES DA FONSECA,,BOLETIM,0,0,0,0,0,0
P4,Corredor Av. Vicente Monteggia,polyline,2.9,50.0,sim,773037,20250730,19:28,QUARTA-FEIRA,-30.106612999999999,-51.222324999999998,AV VICENTE MONTEGGIA,AV JOSE CORREA DA SILVA,BOLETIM,1,1,0,1,0,0
P1,Rotula Estr. 3 Meninas x Estr. Cristiano Kraemer,point,172.0,100.0,nao_contexto,775756,20250731,16:30,QUINTA-FEIRA,-30.118199719739501,-51.201406210329701,ESTR TRES MENINAS,,BOLETIM,0,0,0,0,0,0
P4,Corredor Av. Vicente Monteggia,polyline,1.8,50.0,sim,775885,20250801,07:45,SEXTA-FEIRA,-30.110292074649600,-51.219171322882197,AV VICENTE MONTEGGIA,,BOLETIM,0,0,0,0,0,0
P4,Corredor Av. Vicente Monteggia,polyline,18.6,50.0,sim,776347,20250805,22:32,TERCA-FEIRA,-30.107187000000000,-51.221899999999998,R AMAPA,,BOLETIM,1,0,0,1,0,0
P3,Acesso Av. Vicente Monteggia via Joao Salomoni/Rodrigues,point,168.5,100.0,nao_contexto,776390,20250805,07:40,TERCA-FEIRA,-30.113992509999999,-51.212662999999999,AV VICENTE MONTEGGIA,,BOLETIM,0,0,0,0,0,0
P4,Corredor Av. Vicente Monteggia,polyline,4.9,50.0,sim,776390,20250805,07:40,TERCA-FEIRA,-30.113992509999999,-51.212662999999999,AV VICENTE MONTEGGIA,,BOLETIM,0,0,0,0,0,0
P5,Joao Salomoni x Av. da Cavalhada,point,6.4,100.0,sim,776424,20250806,18:15,QUARTA-FEIRA,-30.113044750000000,-51.226481000000000,AV CAVALHADA,ESTR JOAO SALOMONI,BOLETIM,0,0,0,1,0,0
P5,Joao Salomoni x Av. da Cavalhada,point,4.0,100.0,sim,776078,20250806,22:50,QUARTA-FEIRA,-30.113088410000000,-51.226539000000002,AV CAVALHADA,,BOLETIM,1,0,0,1,0,0
P4,Corredor Av. Vicente Monteggia,polyline,53.0,50.0,nao_contexto,776280,20250807,04:03,QUINTA-FEIRA,-30.105524113746100,-51.223187184963500,R JUVENIL PEREIRA FRAGA,,BOLETIM,0,0,0,0,0,0
P4,Corredor Av. Vicente Monteggia,polyline,0.6,50.0,sim,773329,20250808,07:20,SEXTA-FEIRA,-30.110429109999998,-51.219022000000002,AV VICENTE MONTEGGIA,ESTR JOAO VEDANA,BOLETIM,1,1,0,1,0,0
P4,Corredor Av. Vicente Monteggia,polyline,0.4,50.0,sim,776072,20250810,17:30,DOMINGO,-30.109076999999999,-51.220095000000001,AV VICENTE MONTEGGIA,,BOLETIM,0,0,0,1,0,0
P2,Confluencia Cristiano Kraemer x Belem Velho x Monte Cristo,point,100.5,100.0,nao_contexto,775740,20250811,11:20,SEGUNDA-FEIRA,-30.117564150000000,-51.205314999999999,ESTR CRISTIANO KRAEMER,,BOLETIM,0,0,0,0,0,0
P4,Corredor Av. Vicente Monteggia,polyline,65.2,50.0,nao_contexto,776464,20250813,16:35,QUARTA-FEIRA,-30.095571050000000,-51.226318999999997,AV CAVALHADA,,BOLETIM,1,0,0,1,0,0
P3,Acesso Av. Vicente Monteggia via Joao Salomoni/Rodrigues,point,5.0,100.0,sim,775402,20250818,18:10,SEGUNDA-FEIRA,-30.115511395997501,-51.212429255247102,AV RODRIGUES DA FONSECA,,BOLETIM,0,0,0,0,0,0
P4,Corredor Av. Vicente Monteggia,polyline,0.9,50.0,sim,775402,20250818,18:10,SEGUNDA-FEIRA,-30.115511395997501,-51.212429255247102,AV RODRIGUES DA FONSECA,,BOLETIM,0,0,0,0,0,0
P4,Corredor Av. Vicente Monteggia,polyline,7.0,50.0,sim,774179,20250820,19:00,QUARTA-FEIRA,-30.112408299999998,-51.215980000000002,AV VICENTE MONTEGGIA,,BOLETIM,1,1,0,1,0,0
P2,Confluencia Cristiano Kraemer x Belem Velho x Monte Cristo,point,39.2,100.0,sim,775486,20250820,09:05,QUARTA-FEIRA,-30.117431300000000,-51.206738999999999,AV RODRIGUES DA FONSECA,,BOLETIM,0,0,0,0,0,0
P4,Corredor Av. Vicente Monteggia,polyline,21.5,50.0,sim,776833,20250821,08:40,QUINTA-FEIRA,-30.095056039999999,-51.225375000000000,AV NONOAI,,BOLETIM,0,0,0,0,0,0
P4,Corredor Av. Vicente Monteggia,polyline,21.5,50.0,sim,775487,20250821,08:45,QUINTA-FEIRA,-30.095056039999999,-51.225375000000000,AV NONOAI,,BOLETIM,0,0,0,0,0,0
P2,Confluencia Cristiano Kraemer x Belem Velho x Monte Cristo,point,16.8,100.0,sim,775489,20250822,16:30,SEXTA-FEIRA,-30.117503230000001,-51.206522000000000,AV RODRIGUES DA FONSECA,AV BELEM VELHO,BOLETIM,0,0,0,0,0,0
P3,Acesso Av. Vicente Monteggia via Joao Salomoni/Rodrigues,point,95.4,100.0,sim,775365,20250825,14:20,SEGUNDA-FEIRA,-30.115254889999999,-51.213430000000002,ESTR JOAO SALOMONI,,BOLETIM,0,0,0,0,0,0
P4,Corredor Av. Vicente Monteggia,polyline,91.5,50.0,nao_contexto,775365,20250825,14:20,SEGUNDA-FEIRA,-30.115254889999999,-51.213430000000002,ESTR JOAO SALOMONI,,BOLETIM,0,0,0,0,0,0
P8,Estr. Costa Gama x Estr. Afonso Lourenco Mariante,point,123.9,100.0,nao_contexto,774752,20250827,20:20,QUARTA-FEIRA,-30.114090180000002,-51.176803999999997,ESTR COSTA GAMA,,BOLETIM,1,1,0,0,0,0
P5,Joao Salomoni x Av. da Cavalhada,point,85.4,100.0,sim,777181,20250901,13:57,SEGUNDA-FEIRA,-30.112354570000001,-51.226714000000001,AV CAVALHADA,,BOLETIM,0,0,0,0,0,0
P4,Corredor Av. Vicente Monteggia,polyline,7.4,50.0,sim,777362,20250904,11:40,QUINTA-FEIRA,-30.110289280000000,-51.219056000000002,AV VICENTE MONTEGGIA,,BOLETIM,0,0,0,0,0,0
P4,Corredor Av. Vicente Monteggia,polyline,15.9,50.0,sim,777655,20250907,21:00,DOMINGO,-30.100917720000002,-51.224913999999998,AV VICENTE MONTEGGIA,AV OTTO NIEMEYER,BOLETIM,1,0,0,1,0,0
P4,Corredor Av. Vicente Monteggia,polyline,3.1,50.0,sim,777395,20250909,09:20,TERCA-FEIRA,-30.112521999999998,-51.216600999999997,AV VICENTE MONTEGGIA,,BOLETIM,0,0,0,0,0,0
P4,Corredor Av. Vicente Monteggia,polyline,0.6,50.0,sim,778239,20250910,07:15,QUARTA-FEIRA,-30.107095000000001,-51.222160000000002,AV VICENTE MONTEGGIA,,BOLETIM,0,0,0,1,0,0
P5,Joao Salomoni x Av. da Cavalhada,point,6.4,100.0,sim,778081,20250912,18:50,SEXTA-FEIRA,-30.113044750000000,-51.226481000000000,AV CAVALHADA,ESTR JOAO SALOMONI,BOLETIM,0,0,0,0,0,0
P1,Rotula Estr. 3 Meninas x Estr. Cristiano Kraemer,point,11.1,100.0,sim,777761,20250912,09:03,SEXTA-FEIRA,-30.118403380000000,-51.203149000000003,ESTR CRISTIANO KRAEMER,,BOLETIM,1,0,0,0,0,0
P5,Joao Salomoni x Av. da Cavalhada,point,6.4,100.0,sim,777899,20250914,22:03,DOMINGO,-30.113044750000000,-51.226481000000000,AV CAVALHADA,ESTR JOAO SALOMONI,BOLETIM,1,0,0,1,0,0
P4,Corredor Av. Vicente Monteggia,polyline,6.2,50.0,sim,778265,20250918,19:00,QUINTA-FEIRA,-30.103822990000001,-51.223139000000003,AV VICENTE MONTEGGIA,,BOLETIM,1,0,0,2,0,0
P6,Rota Florestan Fernandes / Estrada Kanazawa,polyline,25.4,50.0,sim,778277,20250919,13:50,SEXTA-FEIRA,-30.117423859999999,-51.184896000000002,AV BELEM VELHO,,BOLETIM,3,0,0,0,0,0
P4,Corredor Av. Vicente Monteggia,polyline,4.4,50.0,sim,777575,20250924,18:00,QUARTA-FEIRA,-30.111350850000001,-51.218294999999998,AV VICENTE MONTEGGIA,,BOLETIM,0,0,0,1,0,0
P4,Corredor Av. Vicente Monteggia,polyline,5.3,50.0,sim,778648,20250926,19:25,SEXTA-FEIRA,-30.103694090000001,-51.223154999999998,AV VICENTE MONTEGGIA,,BOLETIM,0,0,0,1,0,0
P3,Acesso Av. Vicente Monteggia via Joao Salomoni/Rodrigues,point,0.9,100.0,sim,778824,20250929,09:10,SEGUNDA-FEIRA,-30.115501999999999,-51.212471000000001,AV RODRIGUES DA FONSECA,ESTR JOAO SALOMONI,BOLETIM,1,0,0,1,0,0
P4,Corredor Av. Vicente Monteggia,polyline,4.6,50.0,sim,778824,20250929,09:10,SEGUNDA-FEIRA,-30.115501999999999,-51.212471000000001,AV RODRIGUES DA FONSECA,ESTR JOAO SALOMONI,BOLETIM,1,0,0,1,0,0
P5,Joao Salomoni x Av. da Cavalhada,point,101.2,100.0,nao_contexto,777326,20250930,10:00,TERCA-FEIRA,-30.112214099999999,-51.226742000000002,AV CAVALHADA,,BOLETIM,0,0,0,0,0,0
P5,Joao Salomoni x Av. da Cavalhada,point,6.4,100.0,sim,778860,20251001,18:00,QUARTA-FEIRA,-30.113044750000000,-51.226481000000000,ESTR JOAO SALOMONI,AV CAVALHADA,BOLETIM,0,0,0,0,0,0
P9,Entroncamento Rua Santuario x Av. Oscar Pereira,point,113.1,100.0,nao_contexto,779577,20251007,17:15,TERCA-FEIRA,-30.097586320000001,-51.177374999999998,AV PROF OSCAR PEREIRA,,BOLETIM,2,0,0,2,0,0
P4,Corredor Av. Vicente Monteggia,polyline,5.9,50.0,sim,779657,20251009,09:11,QUINTA-FEIRA,-30.109412970000001,-51.219780000000000,AV VICENTE MONTEGGIA,,BOLETIM,1,0,0,1,0,0
P4,Corredor Av. Vicente Monteggia,polyline,4.7,50.0,sim,778700,20251011,13:30,SABADO,-30.095149280000001,-51.225779000000003,AV CAVALHADA,,BOLETIM,0,0,0,0,0,0
P4,Corredor Av. Vicente Monteggia,polyline,0.5,50.0,sim,780029,20251012,01:00,DOMINGO,-30.097041510000000,-51.224643999999998,AV VICENTE MONTEGGIA,,BOLETIM,1,0,0,1,0,0
P4,Corredor Av. Vicente Monteggia,polyline,6.1,50.0,sim,778683,20251013,11:40,SEGUNDA-FEIRA,-30.100397019999999,-51.224930000000001,AV VICENTE MONTEGGIA,,BOLETIM,0,0,0,0,0,0
P4,Corredor Av. Vicente Monteggia,polyline,4.7,50.0,sim,779530,20251014,11:55,TERCA-FEIRA,-30.095149280000001,-51.225779000000003,AV CAVALHADA,,BOLETIM,0,0,0,0,0,0
P4,Corredor Av. Vicente Monteggia,polyline,16.3,50.0,sim,779144,20251016,20:40,QUINTA-FEIRA,-30.107217660000000,-51.221907000000002,AV VICENTE MONTEGGIA,R AMAPA,BOLETIM,0,0,0,0,0,0
P3,Acesso Av. Vicente Monteggia via Joao Salomoni/Rodrigues,point,154.9,100.0,nao_contexto,780063,20251017,10:08,SEXTA-FEIRA,-30.114111630000000,-51.212612999999997,AV VICENTE MONTEGGIA,,BOLETIM,1,0,0,1,0,0
P4,Corredor Av. Vicente Monteggia,polyline,5.2,50.0,sim,780063,20251017,10:08,SEXTA-FEIRA,-30.114111630000000,-51.212612999999997,AV VICENTE MONTEGGIA,,BOLETIM,1,0,0,1,0,0
P4,Corredor Av. Vicente Monteggia,polyline,4.7,50.0,sim,780353,20251018,08:40,SABADO,-30.095149280000001,-51.225779000000003,AV CAVALHADA,,BOLETIM,2,0,0,0,0,0
P4,Corredor Av. Vicente Monteggia,polyline,7.1,50.0,sim,794811,20251018,07:20,SABADO,-30.095172999999999,-51.225712999999999,AV NONOAI,R DR CAMPOS VELHO,ATENDIMENTO,2,0,0,0,0,0
P5,Joao Salomoni x Av. da Cavalhada,point,154.6,100.0,nao_contexto,780219,20251019,23:50,DOMINGO,-30.114452000000000,-51.226126999999998,AV CAVALHADA,,BOLETIM,0,0,0,0,0,0
P4,Corredor Av. Vicente Monteggia,polyline,3.1,50.0,sim,777162,20251020,12:48,SEGUNDA-FEIRA,-30.107299999999999,-51.222088999999997,R AMAPA,AV VICENTE MONTEGGIA,BOLETIM,1,1,0,0,0,0
P4,Corredor Av. Vicente Monteggia,polyline,7.0,50.0,sim,780371,20251022,08:50,QUARTA-FEIRA,-30.097930630000000,-51.224950999999997,AV VICENTE MONTEGGIA,,BOLETIM,0,0,0,0,0,0
P4,Corredor Av. Vicente Monteggia,polyline,15.9,50.0,sim,780523,20251024,13:49,SEXTA-FEIRA,-30.100917720000002,-51.224913999999998,AV VICENTE MONTEGGIA,AV OTTO NIEMEYER,BOLETIM,0,0,0,0,0,0
P4,Corredor Av. Vicente Monteggia,polyline,63.0,50.0,nao_contexto,777592,20251024,20:30,SEXTA-FEIRA,-30.107330510000001,-51.221102999999999,R AMAPA,,BOLETIM,1,1,0,1,0,0
P4,Corredor Av. Vicente Monteggia,polyline,7.1,50.0,sim,779079,20251026,08:20,DOMINGO,-30.095172949999998,-51.225712999999999,AV CAVALHADA,AV VICENTE MONTEGGIA,BOLETIM,0,0,0,0,0,0
P5,Joao Salomoni x Av. da Cavalhada,point,6.4,100.0,sim,779076,20251027,14:00,SEGUNDA-FEIRA,-30.113044750000000,-51.226481000000000,AV CAVALHADA,ESTR JOAO SALOMONI,BOLETIM,0,0,0,0,0,1
P4,Corredor Av. Vicente Monteggia,polyline,0.6,50.0,sim,790638,20251028,18:30,TERCA-FEIRA,-30.110429109999998,-51.219022000000002,AV VICENTE MONTEGGIA,ESTR JOAO VEDANA,BOLETIM,0,0,0,0,0,0
P5,Joao Salomoni x Av. da Cavalhada,point,85.4,100.0,sim,790571,20251028,12:53,TERCA-FEIRA,-30.112354570000001,-51.226714000000001,AV CAVALHADA,,BOLETIM,0,0,0,0,0,1
P2,Confluencia Cristiano Kraemer x Belem Velho x Monte Cristo,point,88.7,100.0,sim,779308,20251029,20:00,QUARTA-FEIRA,-30.117350840000000,-51.207250000000002,AV RODRIGUES DA FONSECA,R MIGUEL ASCOLEZE,BOLETIM,0,0,0,0,0,0
P2,Confluencia Cristiano Kraemer x Belem Velho x Monte Cristo,point,64.7,100.0,sim,790704,20251029,17:35,QUARTA-FEIRA,-30.117743604265200,-51.206998574486697,ESTR CRISTIANO KRAEMER,,BOLETIM,2,0,0,1,0,0
P4,Corredor Av. Vicente Monteggia,polyline,3.4,50.0,sim,790820,20251101,14:00,SABADO,-30.112439999999999,-51.214855000000000,AV VICENTE MONTEGGIA,,BOLETIM,1,0,0,1,0,0
P2,Confluencia Cristiano Kraemer x Belem Velho x Monte Cristo,point,162.7,100.0,nao_contexto,791085,20251104,10:20,TERCA-FEIRA,-30.116181047796900,-51.206925362348599,R MIGUEL ASCOLEZE,,BOLETIM,1,0,0,1,0,0
P4,Corredor Av. Vicente Monteggia,polyline,16.3,50.0,sim,791118,20251107,07:40,SEXTA-FEIRA,-30.107217660000000,-51.221907000000002,AV VICENTE MONTEGGIA,R AMAPA,BOLETIM,3,0,0,0,0,0
P4,Corredor Av. Vicente Monteggia,polyline,6.2,50.0,sim,791309,20251110,19:00,SEGUNDA-FEIRA,-30.113199999999999,-51.213110000000000,AV VICENTE MONTEGGIA,,BOLETIM,0,0,0,0,0,0
P8,Estr. Costa Gama x Estr. Afonso Lourenco Mariante,point,85.7,100.0,sim,778549,20251110,18:45,SEGUNDA-FEIRA,-30.115932000000001,-51.177266000000003,ESTR COSTA GAMA,,BOLETIM,1,1,0,2,0,0
P5,Joao Salomoni x Av. da Cavalhada,point,6.4,100.0,sim,780130,20251111,11:15,TERCA-FEIRA,-30.113044750000000,-51.226481000000000,AV CAVALHADA,ESTR JOAO SALOMONI,BOLETIM,0,0,0,0,0,0
P8,Estr. Costa Gama x Estr. Afonso Lourenco Mariante,point,85.7,100.0,sim,779406,20251111,18:45,TERCA-FEIRA,-30.115932000000001,-51.177266000000003,ESTR COSTA GAMA,,BOLETIM,1,1,0,2,0,0
P4,Corredor Av. Vicente Monteggia,polyline,6.1,50.0,sim,790674,20251112,15:05,QUARTA-FEIRA,-30.100397019999999,-51.224930000000001,AV VICENTE MONTEGGIA,,BOLETIM,0,0,0,1,0,0
P4,Corredor Av. Vicente Monteggia,polyline,0.0,50.0,sim,791459,20251112,,QUARTA-FEIRA,-30.100758610000000,-51.224733000000001,AV VICENTE MONTEGGIA,,BOLETIM,0,0,0,1,0,0
P3,Acesso Av. Vicente Monteggia via Joao Salomoni/Rodrigues,point,72.0,100.0,sim,780153,20251113,15:30,QUINTA-FEIRA,-30.115414040000001,-51.213222000000002,ESTR JOAO SALOMONI,,BOLETIM,0,0,0,0,0,0
P4,Corredor Av. Vicente Monteggia,polyline,67.4,50.0,nao_contexto,780153,20251113,15:30,QUINTA-FEIRA,-30.115414040000001,-51.213222000000002,ESTR JOAO SALOMONI,,BOLETIM,0,0,0,0,0,0
P4,Corredor Av. Vicente Monteggia,polyline,5.9,50.0,sim,778554,20251114,09:40,SEXTA-FEIRA,-30.109412970000001,-51.219780000000000,AV VICENTE MONTEGGIA,,BOLETIM,2,1,0,1,0,0
P2,Confluencia Cristiano Kraemer x Belem Velho x Monte Cristo,point,64.3,100.0,sim,780481,20251114,17:10,SEXTA-FEIRA,-30.117716000000001,-51.207003999999998,ESTR CRISTIANO KRAEMER,,BOLETIM,0,0,0,0,0,0
P4,Corredor Av. Vicente Monteggia,polyline,11.9,50.0,sim,791295,20251115,21:00,SABADO,-30.100746000000001,-51.224989000000001,AV OTTO NIEMEYER,,BOLETIM,0,0,0,0,0,0
P4,Corredor Av. Vicente Monteggia,polyline,66.8,50.0,nao_contexto,778795,20251117,20:00,SEGUNDA-FEIRA,-30.094899999999999,-51.226439999999997,R DR CAMPOS VELHO,,BOLETIM,1,1,0,0,0,0
P4,Corredor Av. Vicente Monteggia,polyline,0.9,50.0,sim,792006,20251117,,SEGUNDA-FEIRA,-30.111198999999999,-51.218418000000000,AV VICENTE MONTEGGIA,,BOLETIM,0,0,0,0,0,0
P4,Corredor Av. Vicente Monteggia,polyline,0.9,50.0,sim,780468,20251118,09:30,TERCA-FEIRA,-30.112473000000001,-51.215667000000003,AV VICENTE MONTEGGIA,,BOLETIM,0,0,0,1,0,0
P5,Joao Salomoni x Av. da Cavalhada,point,178.9,100.0,nao_contexto,778765,20251118,09:15,TERCA-FEIRA,-30.114668309999999,-51.226083000000003,AV CAVALHADA,,BOLETIM,1,1,0,0,0,0
P7,Estr. 3 Meninas x Estr. Costa Gama,point,47.8,100.0,sim,778847,20251119,22:40,QUARTA-FEIRA,-30.133301880000001,-51.175784999999998,ESTR COSTA GAMA,ESTR TRES MENINAS,BOLETIM,1,1,0,1,0,0
P5,Joao Salomoni x Av. da Cavalhada,point,6.4,100.0,sim,791247,20251122,16:20,SABADO,-30.113044750000000,-51.226481000000000,AV CAVALHADA,ESTR JOAO SALOMONI,BOLETIM,0,0,0,0,0,0
P6,Rota Florestan Fernandes / Estrada Kanazawa,polyline,84.6,50.0,nao_contexto,791872,20251122,10:13,SABADO,-30.120790993965699,-51.196680974225401,ESTR TRES MENINAS,,BOLETIM,1,0,0,1,0,0
P5,Joao Salomoni x Av. da Cavalhada,point,183.1,100.0,nao_contexto,792127,20251124,08:44,SEGUNDA-FEIRA,-30.114659137297402,-51.227112475221801,AV FAMILIA GONCALVES CARNEIRO,R CARIDADE,BOLETIM,1,0,0,0,0,0
P4,Corredor Av. Vicente Monteggia,polyline,16.3,50.0,sim,794542,20251129,20:50,SABADO,-30.107217660000000,-51.221907000000002,AV VICENTE MONTEGGIA,R AMAPA,ATENDIMENTO,2,0,0,1,0,0
P7,Estr. 3 Meninas x Estr. Costa Gama,point,73.5,100.0,sim,790934,20251130,16:30,DOMINGO,-30.134366636814299,-51.175534129142797,ESTR COSTA GAMA,,BOLETIM,0,0,0,0,0,0
P3,Acesso Av. Vicente Monteggia via Joao Salomoni/Rodrigues,point,168.5,100.0,nao_contexto,791780,20251205,09:28,SEXTA-FEIRA,-30.113992509999999,-51.212662999999999,AV VICENTE MONTEGGIA,,BOLETIM,1,0,0,1,0,0
P4,Corredor Av. Vicente Monteggia,polyline,4.9,50.0,sim,791780,20251205,09:28,SEXTA-FEIRA,-30.113992509999999,-51.212662999999999,AV VICENTE MONTEGGIA,,BOLETIM,1,0,0,1,0,0
P2,Confluencia Cristiano Kraemer x Belem Velho x Monte Cristo,point,107.7,100.0,nao_contexto,791984,20251210,12:00,QUARTA-FEIRA,-30.117120000000000,-51.207357999999999,R MIGUEL ASCOLEZE,,BOLETIM,0,0,0,0,0,0
P4,Corredor Av. Vicente Monteggia,polyline,7.1,50.0,sim,792091,20251211,06:40,QUINTA-FEIRA,-30.095172999999999,-51.225712999999999,AV CAVALHADA,R DR CAMPOS VELHO,BOLETIM,0,0,0,0,0,0
P4,Corredor Av. Vicente Monteggia,polyline,1.9,50.0,sim,792092,20251211,12:03,QUINTA-FEIRA,-30.107644605095899,-51.221693605184598,AV VICENTE MONTEGGIA,,BOLETIM,0,0,0,0,0,0
P5,Joao Salomoni x Av. da Cavalhada,point,6.4,100.0,sim,794703,20251213,12:51,SABADO,-30.113044750000000,-51.226481000000000,AV CAVALHADA,ESTR JOAO SALOMONI,ATENDIMENTO,1,0,0,1,0,0
P3,Acesso Av. Vicente Monteggia via Joao Salomoni/Rodrigues,point,81.3,100.0,sim,792102,20251213,13:22,SABADO,-30.114771260000001,-51.212406000000001,AV VICENTE MONTEGGIA,,BOLETIM,1,0,0,1,0,0
P4,Corredor Av. Vicente Monteggia,polyline,0.8,50.0,sim,792102,20251213,13:22,SABADO,-30.114771260000001,-51.212406000000001,AV VICENTE MONTEGGIA,,BOLETIM,1,0,0,1,0,0
P9,Entroncamento Rua Santuario x Av. Oscar Pereira,point,59.0,100.0,sim,792106,20251214,09:00,DOMINGO,-30.096322000000001,-51.177723999999998,AV PROF OSCAR PEREIRA,,BOLETIM,3,0,0,0,0,0
P5,Joao Salomoni x Av. da Cavalhada,point,6.4,100.0,sim,792488,20251215,14:05,SEGUNDA-FEIRA,-30.113044750000000,-51.226481000000000,AV CAVALHADA,ESTR JOAO SALOMONI,BOLETIM,0,0,0,0,0,1
P4,Corredor Av. Vicente Monteggia,polyline,0.0,50.0,sim,792500,20251216,06:40,TERCA-FEIRA,-30.100758610000000,-51.224733000000001,AV VICENTE MONTEGGIA,,BOLETIM,1,0,0,1,0,0
P7,Estr. 3 Meninas x Estr. Costa Gama,point,47.8,100.0,sim,792360,20251216,18:00,TERCA-FEIRA,-30.133301880000001,-51.175784999999998,ESTR COSTA GAMA,ESTR TRES MENINAS,BOLETIM,2,0,0,1,0,0
P7,Estr. 3 Meninas x Estr. Costa Gama,point,24.1,100.0,sim,792315,20251216,11:20,TERCA-FEIRA,-30.133514779999999,-51.175767000000000,ESTR TRES MENINAS,ESTR COSTA GAMA,BOLETIM,0,0,0,0,0,0
P4,Corredor Av. Vicente Monteggia,polyline,7.1,50.0,sim,792303,20251217,08:45,QUARTA-FEIRA,-30.095172999999999,-51.225712999999999,AV CAVALHADA,R DR CAMPOS VELHO,BOLETIM,0,0,0,0,0,0
P3,Acesso Av. Vicente Monteggia via Joao Salomoni/Rodrigues,point,71.3,100.0,sim,792895,20251219,17:30,SEXTA-FEIRA,-30.115631000000000,-51.211753999999999,AV RODRIGUES DA FONSECA,,BOLETIM,1,0,0,1,0,0
P4,Corredor Av. Vicente Monteggia,polyline,65.2,50.0,nao_contexto,792895,20251219,17:30,SEXTA-FEIRA,-30.115631000000000,-51.211753999999999,AV RODRIGUES DA FONSECA,,BOLETIM,1,0,0,1,0,0
P3,Acesso Av. Vicente Monteggia via Joao Salomoni/Rodrigues,point,101.2,100.0,nao_contexto,792681,20251219,17:49,SEXTA-FEIRA,-30.115691999999999,-51.211450999999997,AV RODRIGUES DA FONSECA,,BOLETIM,0,0,0,0,0,0
P4,Corredor Av. Vicente Monteggia,polyline,95.0,50.0,nao_contexto,792681,20251219,17:49,SEXTA-FEIRA,-30.115691999999999,-51.211450999999997,AV RODRIGUES DA FONSECA,,BOLETIM,0,0,0,0,0,0
P8,Estr. Costa Gama x Estr. Afonso Lourenco Mariante,point,93.0,100.0,sim,793118,20251219,08:40,SEXTA-FEIRA,-30.116012999999999,-51.177157000000001,ESTR COSTA GAMA,,BOLETIM,0,0,0,0,0,0
P6,Rota Florestan Fernandes / Estrada Kanazawa,polyline,53.8,50.0,nao_contexto,792786,20251220,11:00,SABADO,-30.117328000000001,-51.183672999999999,R DR VERGARA,,BOLETIM,0,0,0,1,0,0
P4,Corredor Av. Vicente Monteggia,polyline,93.8,50.0,nao_contexto,792722,20251221,15:00,DOMINGO,-30.096560000000000,-51.223801999999999,AV FABIO ARAUJO SANTOS,,BOLETIM,0,0,0,0,0,0
P4,Corredor Av. Vicente Monteggia,polyline,10.3,50.0,sim,792647,20251222,18:20,SEGUNDA-FEIRA,-30.103214980000001,-51.223317999999999,AV VICENTE MONTEGGIA,,BOLETIM,0,0,0,0,0,0
P2,Confluencia Cristiano Kraemer x Belem Velho x Monte Cristo,point,30.0,100.0,sim,792721,20251223,10:26,TERCA-FEIRA,-30.117675999999999,-51.206642000000002,AV RODRIGUES DA FONSECA,AV MONTE CRISTO,BOLETIM,0,0,0,0,0,1
P4,Corredor Av. Vicente Monteggia,polyline,4.7,50.0,sim,792498,20251224,11:20,QUARTA-FEIRA,-30.095149280000001,-51.225779000000003,AV CAVALHADA,,BOLETIM,0,0,0,0,0,0
P4,Corredor Av. Vicente Monteggia,polyline,0.0,50.0,sim,792451,20251224,14:30,QUARTA-FEIRA,-30.100758610000000,-51.224733000000001,AV VICENTE MONTEGGIA,,BOLETIM,0,0,0,1,0,0
P4,Corredor Av. Vicente Monteggia,polyline,7.0,50.0,sim,792525,20251230,00:05,TERCA-FEIRA,-30.112408299999998,-51.215980000000002,AV VICENTE MONTEGGIA,,BOLETIM,0,0,0,0,0,0
P1,Rotula Estr. 3 Meninas x Estr. Cristiano Kraemer,point,182.7,100.0,nao_contexto,804757,20260902,07:30,QUARTA-FEIRA,-30.117227819755001,-51.204619752311501,R JOSE ALVES DE CASTRO,,BOLETIM,1,0,0,0,0,0
P2,Confluencia Cristiano Kraemer x Belem Velho x Monte Cristo,point,171.4,100.0,nao_contexto,804757,20260902,07:30,QUARTA-FEIRA,-30.117227819755001,-51.204619752311501,R JOSE ALVES DE CASTRO,,BOLETIM,1,0,0,0,0,0
P4,Corredor Av. Vicente Monteggia,polyline,7.0,50.0,sim,792977,20260102,18:00,SEXTA-FEIRA,-30.097930634420500,-51.224950580384501,AV VICENTE MONTEGGIA,,BOLETIM,1,0,0,2,0,0
P2,Confluencia Cristiano Kraemer x Belem Velho x Monte Cristo,point,124.9,100.0,nao_contexto,793005,20260103,01:10,SABADO,-30.117372102594199,-51.205079220780704,ESTR CRISTIANO KRAEMER,,BOLETIM,1,0,0,1,0,0
P5,Joao Salomoni x Av. da Cavalhada,point,4.0,100.0,sim,794736,20260108,19:15,QUINTA-FEIRA,-30.113088405365200,-51.226538963795100,AV CAVALHADA,,BOLETIM,0,0,0,0,0,0
P4,Corredor Av. Vicente Monteggia,polyline,56.8,50.0,nao_contexto,794346,20260112,09:00,SEGUNDA-FEIRA,-30.099935395526401,-51.225876235229698,R PANAMBI,,BOLETIM,0,0,0,0,0,0
P3,Acesso Av. Vicente Monteggia via Joao Salomoni/Rodrigues,point,1.0,100.0,sim,795208,20260118,10:40,DOMINGO,-30.115499795233401,-51.212469488382403,AV RODRIGUES DA FONSECA,AV VICENTE MONTEGGIA,BOLETIM,0,0,0,0,0,0
P4,Corredor Av. Vicente Monteggia,polyline,4.7,50.0,sim,795208,20260118,10:40,DOMINGO,-30.115499795233401,-51.212469488382403,AV RODRIGUES DA FONSECA,AV VICENTE MONTEGGIA,BOLETIM,0,0,0,0,0,0
P5,Joao Salomoni x Av. da Cavalhada,point,4.0,100.0,sim,793200,20260119,08:00,SEGUNDA-FEIRA,-30.113088405365200,-51.226538963795100,AV CAVALHADA,,BOLETIM,0,0,0,0,0,0
P4,Corredor Av. Vicente Monteggia,polyline,7.1,50.0,sim,795152,20260120,18:53,TERCA-FEIRA,-30.095172999999999,-51.225712999999999,AV NONOAI,R DR CAMPOS VELHO,BOLETIM,0,0,0,0,0,0
P8,Estr. Costa Gama x Estr. Afonso Lourenco Mariante,point,28.8,100.0,sim,793195,20260120,09:21,TERCA-FEIRA,-30.115383710403002,-51.177255146543999,ESTR COSTA GAMA,,BOLETIM,0,0,0,0,0,0
P7,Estr. 3 Meninas x Estr. Costa Gama,point,189.9,100.0,nao_contexto,793573,20260128,15:05,QUARTA-FEIRA,-30.135321592196401,-51.175023293052099,ESTR COSTA GAMA,,BOLETIM,0,0,0,0,0,0
P5,Joao Salomoni x Av. da Cavalhada,point,6.2,100.0,sim,795393,20260129,14:10,QUINTA-FEIRA,-30.113046203007301,-51.226481348276103,ESTR JOAO SALOMONI,AV CAVALHADA,BOLETIM,0,0,0,0,0,0
P2,Confluencia Cristiano Kraemer x Belem Velho x Monte Cristo,point,134.6,100.0,nao_contexto,793653,20260130,18:13,SEXTA-FEIRA,-30.117057722775801,-51.207633332902503,AV RODRIGUES DA FONSECA,,BOLETIM,2,1,0,1,0,0
P4,Corredor Av. Vicente Monteggia,polyline,5.7,50.0,sim,792324,20260131,06:30,SABADO,-30.098519086990201,-51.225235956765502,AV VICENTE MONTEGGIA,,BOLETIM,2,1,0,0,0,0
P2,Confluencia Cristiano Kraemer x Belem Velho x Monte Cristo,point,17.1,100.0,sim,795076,20260204,15:57,QUARTA-FEIRA,-30.117466929999999,-51.206218999999997,ESTR CRISTIANO KRAEMER,AV BELEM VELHO,ATENDIMENTO,1,0,0,1,0,0
P8,Estr. Costa Gama x Estr. Afonso Lourenco Mariante,point,195.5,100.0,nao_contexto,795075,20260204,08:25,QUARTA-FEIRA,-30.113471207420499,-51.177546149491299,R DR SARMENTO BARATA,,BOLETIM,2,0,0,0,0,0
P4,Corredor Av. Vicente Monteggia,polyline,7.1,50.0,sim,794142,20260208,17:54,DOMINGO,-30.095172999999999,-51.225712999999999,AV VICENTE MONTEGGIA,AV NONOAI,BOLETIM,0,0,0,0,0,0
P5,Joao Salomoni x Av. da Cavalhada,point,175.3,100.0,nao_contexto,794961,20260211,08:28,QUARTA-FEIRA,-30.114597077651201,-51.225930240998998,AV CAVALHADA,,BOLETIM,1,0,0,0,0,0
P5,Joao Salomoni x Av. da Cavalhada,point,175.3,100.0,nao_contexto,794152,20260211,08:28,QUARTA-FEIRA,-30.114597077651201,-51.225930240998998,AV CAVALHADA,,BOLETIM,1,0,0,0,0,0
P7,Estr. 3 Meninas x Estr. Costa Gama,point,143.5,100.0,nao_contexto,794212,20260217,09:27,TERCA-FEIRA,-30.132455000000000,-51.175969000000002,ESTR COSTA GAMA,,BOLETIM,1,0,0,0,0,0
P5,Joao Salomoni x Av. da Cavalhada,point,8.5,100.0,sim,793956,20260218,19:45,QUARTA-FEIRA,-30.113078399394599,-51.226414985562897,AV CAVALHADA,,BOLETIM,1,1,0,1,0,0
P4,Corredor Av. Vicente Monteggia,polyline,3.6,50.0,sim,798310,20260223,20:10,SEGUNDA-FEIRA,-30.107367912180798,-51.221923456623898,AV VICENTE MONTEGGIA,,BOLETIM,0,0,0,0,0,0
P5,Joao Salomoni x Av. da Cavalhada,point,6.4,100.0,sim,795848,20260223,18:30,SEGUNDA-FEIRA,-30.113044750000000,-51.226481000000000,AV CAVALHADA,ESTR JOAO SALOMONI,BOLETIM,0,0,0,0,0,0
P1,Rotula Estr. 3 Meninas x Estr. Cristiano Kraemer,point,49.6,100.0,sim,794103,20260224,17:19,TERCA-FEIRA,-30.118732084634701,-51.203022756198301,ESTR CRISTIANO KRAEMER,R CEL FREDERICO CARLOS GOMES,BOLETIM,1,0,0,1,0,0
P4,Corredor Av. Vicente Monteggia,polyline,7.1,50.0,sim,796385,20260226,17:12,QUINTA-FEIRA,-30.095172999999999,-51.225712999999999,AV CAVALHADA,R DR CAMPOS VELHO,BOLETIM,0,0,0,0,0,0
P4,Corredor Av. Vicente Monteggia,polyline,7.1,50.0,sim,794520,20260226,22:56,QUINTA-FEIRA,-30.095172999999999,-51.225712999999999,AV NONOAI,R DR CAMPOS VELHO,BOLETIM,1,0,0,2,0,0
P5,Joao Salomoni x Av. da Cavalhada,point,88.2,100.0,sim,794856,20260302,19:40,SEGUNDA-FEIRA,-30.113871232514899,-51.226287203014202,AV CAVALHADA,,BOLETIM,1,0,0,1,0,0
P5,Joao Salomoni x Av. da Cavalhada,point,6.4,100.0,sim,798236,20260303,12:00,TERCA-FEIRA,-30.113044750000000,-51.226481000000000,AV CAVALHADA,ESTR JOAO SALOMONI,BOLETIM,0,0,0,0,0,0
P4,Corredor Av. Vicente Monteggia,polyline,20.4,50.0,sim,797932,20260303,18:45,TERCA-FEIRA,-30.094990581894301,-51.225842888960202,AV CAVALHADA,,BOLETIM,0,0,0,0,0,1
P1,Rotula Estr. 3 Meninas x Estr. Cristiano Kraemer,point,27.5,100.0,sim,794917,20260304,13:00,QUARTA-FEIRA,-30.118549946802400,-51.203121653983402,ESTR CRISTIANO KRAEMER,,BOLETIM,0,0,0,0,0,0
P2,Confluencia Cristiano Kraemer x Belem Velho x Monte Cristo,point,85.2,100.0,sim,797335,20260305,13:09,QUINTA-FEIRA,-30.117162170840199,-51.207117140293100,R MIGUEL ASCOLEZE,,BOLETIM,0,0,0,1,0,0
P4,Corredor Av. Vicente Monteggia,polyline,19.5,50.0,sim,794825,20260305,07:24,QUINTA-FEIRA,-30.095001599160401,-51.225569104724698,AV NONOAI,,BOLETIM,0,0,0,0,0,0
P4,Corredor Av. Vicente Monteggia,polyline,7.4,50.0,sim,794964,20260306,19:50,SEXTA-FEIRA,-30.110289275292001,-51.219056208158698,AV VICENTE MONTEGGIA,,BOLETIM,0,0,0,0,0,0
P4,Corredor Av. Vicente Monteggia,polyline,20.9,50.0,sim,794955,20260306,19:40,SEXTA-FEIRA,-30.100658903749000,-51.225155214364598,AV OTTO NIEMEYER,,BOLETIM,1,0,0,1,0,0
P8,Estr. Costa Gama x Estr. Afonso Lourenco Mariante,point,23.8,100.0,sim,797118,20260308,14:40,DOMINGO,-30.114971517830298,-51.177011892378601,ESTR COSTA GAMA,,BOLETIM,0,0,0,0,0,0
P4,Corredor Av. Vicente Monteggia,polyline,8.1,50.0,sim,795113,20260308,07:45,DOMINGO,-30.112392370604400,-51.215710428126400,AV VICENTE MONTEGGIA,,BOLETIM,1,0,0,1,0,0
P9,Entroncamento Rua Santuario x Av. Oscar Pereira,point,21.6,100.0,sim,795008,20260308,08:17,DOMINGO,-30.096627578276902,-51.177904534820598,AV PROF OSCAR PEREIRA,,BOLETIM,0,0,0,0,0,0
P4,Corredor Av. Vicente Monteggia,polyline,6.0,50.0,sim,797571,20260309,14:30,SEGUNDA-FEIRA,-30.112546471735900,-51.216618453823003,AV VICENTE MONTEGGIA,,BOLETIM,0,0,0,0,0,0
P4,Corredor Av. Vicente Monteggia,polyline,6.7,50.0,sim,795621,20260310,10:30,TERCA-FEIRA,-30.112409200286699,-51.215036223356698,AV VICENTE MONTEGGIA,,BOLETIM,1,0,0,1,0,0
P4,Corredor Av. Vicente Monteggia,polyline,12.4,50.0,sim,795453,20260310,10:24,TERCA-FEIRA,-30.095101200373300,-51.225454432886700,AV NONOAI,,BOLETIM,0,0,0,1,0,0
P4,Corredor Av. Vicente Monteggia,polyline,6.0,50.0,sim,798148,20260311,17:50,QUARTA-FEIRA,-30.112546471735900,-51.216618453823003,AV VICENTE MONTEGGIA,,BOLETIM,0,0,0,0,0,0
P4,Corredor Av. Vicente Monteggia,polyline,5.9,50.0,sim,795656,20260312,10:16,QUINTA-FEIRA,-30.109412969952800,-51.219779811467703,AV VICENTE MONTEGGIA,,BOLETIM,1,0,0,1,0,0
P4,Corredor Av. Vicente Monteggia,polyline,21.3,50.0,sim,795336,20260312,21:16,QUINTA-FEIRA,-30.094998397776699,-51.225911237765203,R DR CAMPOS VELHO,,BOLETIM,1,0,0,0,0,0
P4,Corredor Av. Vicente Monteggia,polyline,5.9,50.0,sim,795333,20260312,10:16,QUINTA-FEIRA,-30.109412969952800,-51.219779811467703,AV VICENTE MONTEGGIA,,BOLETIM,1,0,0,1,0,0
P4,Corredor Av. Vicente Monteggia,polyline,90.0,50.0,nao_contexto,797565,20260316,11:20,SEGUNDA-FEIRA,-30.094801863083902,-51.226653009653099,R DR CAMPOS VELHO,,BOLETIM,0,0,0,0,0,0
P9,Entroncamento Rua Santuario x Av. Oscar Pereira,point,25.5,100.0,sim,795663,20260316,06:13,SEGUNDA-FEIRA,-30.096593500154899,-51.177887136341802,AV PROF OSCAR PEREIRA,,BOLETIM,1,1,0,1,0,0
P5,Joao Salomoni x Av. da Cavalhada,point,66.5,100.0,sim,798007,20260319,20:15,QUINTA-FEIRA,-30.113696942488200,-51.226459354957697,AV CAVALHADA,,BOLETIM,0,0,0,0,0,0
P3,Acesso Av. Vicente Monteggia via Joao Salomoni/Rodrigues,point,166.4,100.0,nao_contexto,795728,20260320,13:18,SEXTA-FEIRA,-30.115121357520600,-51.214153238756197,ESTR JOAO SALOMONI,,BOLETIM,2,2,0,1,0,0
P8,Estr. Costa Gama x Estr. Afonso Lourenco Mariante,point,21.2,100.0,sim,795936,20260325,11:06,QUARTA-FEIRA,-30.115314868574401,-51.176913892162098,ESTR AFONSO LOURENCO MARIANTE,,BOLETIM,1,0,0,1,0,0
P5,Joao Salomoni x Av. da Cavalhada,point,4.0,100.0,sim,798147,20260326,12:30,QUINTA-FEIRA,-30.113088405365200,-51.226538963795100,AV CAVALHADA,,BOLETIM,0,0,0,0,0,0
P4,Corredor Av. Vicente Monteggia,polyline,0.6,50.0,sim,796708,20260327,23:45,SEXTA-FEIRA,-30.110429109999998,-51.219022000000002,AV VICENTE MONTEGGIA,ESTR JOAO VEDANA,ATENDIMENTO,1,0,0,1,0,0
P4,Corredor Av. Vicente Monteggia,polyline,6.5,50.0,sim,796271,20260328,06:00,SABADO,-30.110417717177999,-51.218954934282600,AV VICENTE MONTEGGIA,,BOLETIM,1,1,0,1,0,0
P5,Joao Salomoni x Av. da Cavalhada,point,8.5,100.0,sim,796061,20260328,10:42,SABADO,-30.113078399394599,-51.226414985562897,AV CAVALHADA,,BOLETIM,0,0,0,0,0,1
P4,Corredor Av. Vicente Monteggia,polyline,7.0,50.0,sim,796085,20260329,03:15,DOMINGO,-30.095175485216501,-51.225711554288900,AV CAVALHADA,,BOLETIM,1,0,0,0,0,0
P4,Corredor Av. Vicente Monteggia,polyline,5.9,50.0,sim,797507,20260330,09:55,SEGUNDA-FEIRA,-30.109412969952800,-51.219779811467703,AV VICENTE MONTEGGIA,,BOLETIM,0,0,0,0,0,0
P7,Estr. 3 Meninas x Estr. Costa Gama,point,24.1,100.0,sim,797454,20260331,18:00,TERCA-FEIRA,-30.133514779999999,-51.175767000000000,ESTR TRES MENINAS,ESTR COSTA GAMA,BOLETIM,0,0,0,0,0,0
P5,Joao Salomoni x Av. da Cavalhada,point,4.0,100.0,sim,796264,20260331,14:11,TERCA-FEIRA,-30.113088405365200,-51.226538963795100,AV CAVALHADA,,BOLETIM,1,0,0,1,0,0
P3,Acesso Av. Vicente Monteggia via Joao Salomoni/Rodrigues,point,112.3,100.0,nao_contexto,798560,20260401,13:00,QUARTA-FEIRA,-30.115216016925000,-51.213600925325601,ESTR JOAO SALOMONI,,BOLETIM,0,0,0,0,0,0
P2,Confluencia Cristiano Kraemer x Belem Velho x Monte Cristo,point,64.7,100.0,sim,798556,20260401,07:40,QUARTA-FEIRA,-30.117743604265200,-51.206998574486697,ESTR CRISTIANO KRAEMER,,BOLETIM,0,0,0,0,0,0
P2,Confluencia Cristiano Kraemer x Belem Velho x Monte Cristo,point,35.0,100.0,sim,798555,20260401,08:45,QUARTA-FEIRA,-30.117377483601899,-51.206063610625300,AV BELEM VELHO,,BOLETIM,0,0,0,0,0,1
P4,Corredor Av. Vicente Monteggia,polyline,65.9,50.0,nao_contexto,797788,20260401,08:40,QUARTA-FEIRA,-30.094927964193801,-51.226444440559597,R DR CAMPOS VELHO,,ATENDIMENTO,1,0,0,0,0,0
P1,Rotula Estr. 3 Meninas x Estr. Cristiano Kraemer,point,167.8,100.0,nao_contexto,796279,20260402,18:44,QUINTA-FEIRA,-30.117387563213100,-51.204570315233603,ESTR CRISTIANO KRAEMER,,BOLETIM,1,1,0,0,0,0
P2,Confluencia Cristiano Kraemer x Belem Velho x Monte Cristo,point,173.2,100.0,nao_contexto,796279,20260402,18:44,QUINTA-FEIRA,-30.117387563213100,-51.204570315233603,ESTR CRISTIANO KRAEMER,,BOLETIM,1,1,0,0,0,0
P4,Corredor Av. Vicente Monteggia,polyline,4.2,50.0,sim,796492,20260405,17:47,DOMINGO,-30.104657206146602,-51.222918047320100,AV VICENTE MONTEGGIA,,BOLETIM,0,0,0,0,0,0
P3,Acesso Av. Vicente Monteggia via Joao Salomoni/Rodrigues,point,168.5,100.0,nao_contexto,798832,20260406,13:40,SEGUNDA-FEIRA,-30.113992508245701,-51.212662940694003,AV VICENTE MONTEGGIA,,BOLETIM,0,0,0,0,0,0
P4,Corredor Av. Vicente Monteggia,polyline,4.9,50.0,sim,798832,20260406,13:40,SEGUNDA-FEIRA,-30.113992508245701,-51.212662940694003,AV VICENTE MONTEGGIA,,BOLETIM,0,0,0,0,0,0
P4,Corredor Av. Vicente Monteggia,polyline,10.1,50.0,sim,796836,20260406,20:00,SEGUNDA-FEIRA,-30.113203925420400,-51.213053774931900,AV VICENTE MONTEGGIA,ESTR JOAO PASSUELO,BOLETIM,1,1,0,0,0,0
P9,Entroncamento Rua Santuario x Av. Oscar Pereira,point,15.4,100.0,sim,798653,20260407,13:05,TERCA-FEIRA,-30.096684375140299,-51.177933533003497,AV PROF OSCAR PEREIRA,,BOLETIM,0,0,0,0,0,0
P3,Acesso Av. Vicente Monteggia via Joao Salomoni/Rodrigues,point,60.8,100.0,sim,798650,20260407,10:50,TERCA-FEIRA,-30.115847503543701,-51.211991407487197,R ATILIO SUPERTTI,,BOLETIM,0,0,0,1,0,0
P4,Corredor Av. Vicente Monteggia,polyline,52.9,50.0,nao_contexto,798650,20260407,10:50,TERCA-FEIRA,-30.115847503543701,-51.211991407487197,R ATILIO SUPERTTI,,BOLETIM,0,0,0,1,0,0
P7,Estr. 3 Meninas x Estr. Costa Gama,point,24.1,100.0,sim,798598,20260407,11:25,TERCA-FEIRA,-30.133514779999999,-51.175767000000000,ESTR TRES MENINAS,ESTR COSTA GAMA,BOLETIM,0,0,0,0,0,0
P3,Acesso Av. Vicente Monteggia via Joao Salomoni/Rodrigues,point,62.2,100.0,sim,798610,20260408,08:05,QUARTA-FEIRA,-30.115639869999999,-51.211854000000002,R ATILIO SUPERTTI,AV RODRIGUES DA FONSECA,BOLETIM,0,0,0,0,0,0
P4,Corredor Av. Vicente Monteggia,polyline,55.8,50.0,nao_contexto,798610,20260408,08:05,QUARTA-FEIRA,-30.115639869999999,-51.211854000000002,R ATILIO SUPERTTI,AV RODRIGUES DA FONSECA,BOLETIM,0,0,0,0,0,0
P5,Joao Salomoni x Av. da Cavalhada,point,157.5,100.0,nao_contexto,796654,20260408,15:55,QUARTA-FEIRA,-30.113093636113501,-51.224862879753701,ESTR JOAO SALOMONI,,BOLETIM,1,0,0,0,0,0
P4,Corredor Av. Vicente Monteggia,polyline,7.1,50.0,sim,796636,20260408,07:30,QUARTA-FEIRA,-30.095172999999999,-51.225712999999999,R DR CAMPOS VELHO,AV NONOAI,BOLETIM,0,0,0,0,0,0
P3,Acesso Av. Vicente Monteggia via Joao Salomoni/Rodrigues,point,65.6,100.0,sim,796739,20260409,22:49,QUINTA-FEIRA,-30.114971413048298,-51.212177961410703,AV RODRIGUES DA FONSECA,,BOLETIM,1,1,0,2,0,0
P4,Corredor Av. Vicente Monteggia,polyline,19.8,50.0,sim,796739,20260409,22:49,QUINTA-FEIRA,-30.114971413048298,-51.212177961410703,AV RODRIGUES DA FONSECA,,BOLETIM,1,1,0,2,0,0
P4,Corredor Av. Vicente Monteggia,polyline,14.6,50.0,sim,797836,20260412,06:00,DOMINGO,-30.095054596313101,-51.225606554317402,AV NONOAI,,ATENDIMENTO,1,0,0,1,0,0
P4,Corredor Av. Vicente Monteggia,polyline,4.7,50.0,sim,798568,20260413,08:20,SEGUNDA-FEIRA,-30.108511839108498,-51.220736856602599,AV VICENTE MONTEGGIA,,BOLETIM,0,0,0,0,0,0
P8,Estr. Costa Gama x Estr. Afonso Lourenco Mariante,point,195.7,100.0,nao_contexto,796977,20260413,10:20,SEGUNDA-FEIRA,-30.113424909999999,-51.177225000000000,R DR SARMENTO BARATA,,BOLETIM,1,0,0,1,0,0
P5,Joao Salomoni x Av. da Cavalhada,point,101.2,100.0,nao_contexto,798399,20260415,18:00,QUARTA-FEIRA,-30.112214096102399,-51.226741686983203,AV CAVALHADA,,BOLETIM,0,0,0,0,0,0
P4,Corredor Av. Vicente Monteggia,polyline,2.2,50.0,sim,798839,20260423,13:00,QUINTA-FEIRA,-30.095469810910402,-51.225415917148602,AV VICENTE MONTEGGIA,,BOLETIM,0,0,0,1,0,0
P4,Corredor Av. Vicente Monteggia,polyline,7.1,50.0,sim,799646,20260425,21:25,SABADO,-30.095172999999999,-51.225712999999999,R DR CAMPOS VELHO,AV CAVALHADA,BOLETIM,0,0,0,0,0,0
P4,Corredor Av. Vicente Monteggia,polyline,35.1,50.0,sim,797560,20260426,18:24,DOMINGO,-30.095474382524500,-51.225982404495802,AV CAVALHADA,,BOLETIM,0,0,0,0,0,0
P4,Corredor Av. Vicente Monteggia,polyline,12.1,50.0,sim,799312,20260428,14:45,TERCA-FEIRA,-30.106992999999999,-51.222313000000000,AV VICENTE MONTEGGIA,,BOLETIM,0,0,0,0,0,0
P4,Corredor Av. Vicente Monteggia,polyline,6.7,50.0,sim,799264,20260430,19:40,QUINTA-FEIRA,-30.096144086542100,-51.225173862936401,AV VICENTE MONTEGGIA,,BOLETIM,0,0,0,0,0,1
P4,Corredor Av. Vicente Monteggia,polyline,7.1,50.0,sim,799698,20260502,12:08,SABADO,-30.095172999999999,-51.225712999999999,AV CAVALHADA,R DR CAMPOS VELHO,BOLETIM,0,0,0,0,0,0
P4,Corredor Av. Vicente Monteggia,polyline,6.0,50.0,sim,798195,20260503,03:12,DOMINGO,-30.112869312760999,-51.213540491846700,AV VICENTE MONTEGGIA,,BOLETIM,0,0,0,0,0,0
P9,Entroncamento Rua Santuario x Av. Oscar Pereira,point,64.8,100.0,sim,799860,20260505,09:35,TERCA-FEIRA,-30.096214848648199,-51.177836164182303,AV PROF OSCAR PEREIRA,,BOLETIM,0,0,0,0,0,1
P8,Estr. Costa Gama x Estr. Afonso Lourenco Mariante,point,192.8,100.0,nao_contexto,798301,20260505,20:17,TERCA-FEIRA,-30.113449725126500,-51.176947818504203,R DR SARMENTO BARATA,,BOLETIM,1,1,0,1,0,0
P5,Joao Salomoni x Av. da Cavalhada,point,82.8,100.0,sim,798604,20260510,09:00,DOMINGO,-30.112377984405601,-51.226709755914797,AV CAVALHADA,,BOLETIM,5,0,0,0,0,0
P2,Confluencia Cristiano Kraemer x Belem Velho x Monte Cristo,point,50.8,100.0,sim,800432,20260512,12:30,TERCA-FEIRA,-30.117736268516399,-51.206847402237599,ESTR CRISTIANO KRAEMER,,BOLETIM,0,0,0,0,0,1
P5,Joao Salomoni x Av. da Cavalhada,point,6.4,100.0,sim,801133,20260518,07:00,SEGUNDA-FEIRA,-30.113044750000000,-51.226481000000000,AV CAVALHADA,ESTR JOAO SALOMONI,ATENDIMENTO,1,0,0,0,0,0
P4,Corredor Av. Vicente Monteggia,polyline,7.7,50.0,sim,800054,20260518,07:10,SEGUNDA-FEIRA,-30.104873743749501,-51.222729893137803,AV VICENTE MONTEGGIA,,BOLETIM,0,0,0,1,0,0
P4,Corredor Av. Vicente Monteggia,polyline,1.4,50.0,sim,800210,20260519,07:30,TERCA-FEIRA,-30.113296435334799,-51.213119887961803,AV VICENTE MONTEGGIA,,BOLETIM,0,0,0,0,0,0
P4,Corredor Av. Vicente Monteggia,polyline,5.9,50.0,sim,800340,20260520,10:45,QUARTA-FEIRA,-30.109412969952800,-51.219779811467703,AV VICENTE MONTEGGIA,,BOLETIM,0,0,0,0,0,0
P2,Confluencia Cristiano Kraemer x Belem Velho x Monte Cristo,point,20.2,100.0,sim,799367,20260520,18:00,QUARTA-FEIRA,-30.117741822720902,-51.206363346903601,ESTR CRISTIANO KRAEMER,AV MONTE CRISTO,BOLETIM,2,0,0,1,0,0
P4,Corredor Av. Vicente Monteggia,polyline,6.7,50.0,sim,799970,20260527,09:37,QUARTA-FEIRA,-30.096144086542100,-51.225173862936401,AV VICENTE MONTEGGIA,,BOLETIM,1,0,0,0,0,0
P9,Entroncamento Rua Santuario x Av. Oscar Pereira,point,196.3,100.0,nao_contexto,799787,20260527,19:00,QUARTA-FEIRA,-30.097926817672199,-51.176530597156997,AV PROF OSCAR PEREIRA,,BOLETIM,2,2,0,1,0,0
P4,Corredor Av. Vicente Monteggia,polyline,26.4,50.0,sim,800281,20260528,09:50,QUINTA-FEIRA,-30.094940000000001,-51.225873999999997,R DR CAMPOS VELHO,,BOLETIM,0,0,0,0,0,0
P4,Corredor Av. Vicente Monteggia,polyline,7.1,50.0,sim,800306,20260530,21:37,SABADO,-30.109371620541101,-51.219967119485602,AV VICENTE MONTEGGIA,,BOLETIM,1,0,0,1,0,0
P2,Confluencia Cristiano Kraemer x Belem Velho x Monte Cristo,point,117.3,100.0,nao_contexto,800505,20260601,18:37,SEGUNDA-FEIRA,-30.117726310142700,-51.207564617634198,AV MONTE CRISTO,,BOLETIM,0,0,0,0,0,0
P4,Corredor Av. Vicente Monteggia,polyline,11.6,50.0,sim,800355,20260601,19:00,SEGUNDA-FEIRA,-30.110925507767899,-51.218495070934303,AV VICENTE MONTEGGIA,,BOLETIM,1,0,0,1,0,0
P3,Acesso Av. Vicente Monteggia via Joao Salomoni/Rodrigues,point,89.3,100.0,sim,800561,20260605,20:44,SEXTA-FEIRA,-30.115746018627000,-51.211596051890297,AV RODRIGUES DA FONSECA,,BOLETIM,1,0,0,1,0,0
P4,Corredor Av. Vicente Monteggia,polyline,82.6,50.0,nao_contexto,800561,20260605,20:44,SEXTA-FEIRA,-30.115746018627000,-51.211596051890297,AV RODRIGUES DA FONSECA,,BOLETIM,1,0,0,1,0,0
P4,Corredor Av. Vicente Monteggia,polyline,4.7,50.0,sim,800543,20260605,18:35,SEXTA-FEIRA,-30.110718985814799,-51.218856513599100,AV VICENTE MONTEGGIA,,BOLETIM,2,0,0,1,0,0
P4,Corredor Av. Vicente Monteggia,polyline,3.2,50.0,sim,800546,20260606,01:25,SABADO,-30.095157692318502,-51.225848488733000,AV CAVALHADA,,BOLETIM,1,1,0,1,0,0
P4,Corredor Av. Vicente Monteggia,polyline,39.6,50.0,sim,800636,20260607,15:30,DOMINGO,-30.095484897743301,-51.226037490116198,AV CAVALHADA,,BOLETIM,3,0,0,1,0,0
P4,Corredor Av. Vicente Monteggia,polyline,5.4,50.0,sim,801234,20260609,17:38,TERCA-FEIRA,-30.100420495342100,-51.224917301169398,AV VICENTE MONTEGGIA,,BOLETIM,0,0,0,0,0,0
P3,Acesso Av. Vicente Monteggia via Joao Salomoni/Rodrigues,point,72.0,100.0,sim,802389,20260611,08:00,QUINTA-FEIRA,-30.115414042401198,-51.213221938993001,ESTR JOAO SALOMONI,,BOLETIM,0,0,0,0,0,0
P4,Corredor Av. Vicente Monteggia,polyline,67.4,50.0,nao_contexto,802389,20260611,08:00,QUINTA-FEIRA,-30.115414042401198,-51.213221938993001,ESTR JOAO SALOMONI,,BOLETIM,0,0,0,0,0,0
P4,Corredor Av. Vicente Monteggia,polyline,5.7,50.0,sim,800884,20260612,10:56,SEXTA-FEIRA,-30.110515499643199,-51.219026942463302,AV VICENTE MONTEGGIA,,BOLETIM,1,0,0,1,0,0
P2,Confluencia Cristiano Kraemer x Belem Velho x Monte Cristo,point,50.7,100.0,sim,800581,20260614,19:22,DOMINGO,-30.117950699546299,-51.206089179146304,BC A ESTR CRISTIANO KRAEMER,,BOLETIM,1,1,0,1,0,0
P4,Corredor Av. Vicente Monteggia,polyline,7.1,50.0,sim,801964,20260616,18:19,TERCA-FEIRA,-30.095172999999999,-51.225712999999999,AV VICENTE MONTEGGIA,AV NONOAI,ATENDIMENTO,1,0,0,1,0,0
P4,Corredor Av. Vicente Monteggia,polyline,1.2,50.0,sim,801372,20260623,14:00,TERCA-FEIRA,-30.105050110000001,-51.222745000000003,AV VICENTE MONTEGGIA,ESTR ARACAJU,BOLETIM,1,0,0,1,0,0
P8,Estr. Costa Gama x Estr. Afonso Lourenco Mariante,point,0.6,100.0,sim,801738,20260624,08:35,QUARTA-FEIRA,-30.115180840000001,-51.177064000000001,ESTR COSTA GAMA,ESTR AFONSO LOURENCO MARIANTE,BOLETIM,0,0,0,0,0,0
P4,Corredor Av. Vicente Monteggia,polyline,6.1,50.0,sim,801482,20260625,18:27,QUINTA-FEIRA,-30.100397015539901,-51.224930107371101,AV VICENTE MONTEGGIA,,BOLETIM,0,0,0,0,0,0
P6,Rota Florestan Fernandes / Estrada Kanazawa,polyline,0.5,50.0,sim,801256,20260626,17:22,SEXTA-FEIRA,-30.118176043047800,-51.192521636370699,ESTR KANAZAWA,,BOLETIM,1,1,0,0,0,0
P4,Corredor Av. Vicente Monteggia,polyline,3.6,50.0,sim,801652,20260628,12:45,DOMINGO,-30.107367912180798,-51.221923456623898,AV VICENTE MONTEGGIA,,BOLETIM,0,0,0,0,0,0
P4,Corredor Av. Vicente Monteggia,polyline,0.0,50.0,sim,801641,20260628,14:33,DOMINGO,-30.100758606511899,-51.224732893276901,AV VICENTE MONTEGGIA,,BOLETIM,0,0,0,0,0,0
P5,Joao Salomoni x Av. da Cavalhada,point,4.0,100.0,sim,801811,20260629,13:41,SEGUNDA-FEIRA,-30.113088405365200,-51.226538963795100,AV CAVALHADA,,BOLETIM,0,0,0,0,0,0
P4,Corredor Av. Vicente Monteggia,polyline,16.0,50.0,sim,801691,20260629,18:30,SEGUNDA-FEIRA,-30.107451000000001,-51.222113000000000,AV VICENTE MONTEGGIA,,BOLETIM,1,0,0,1,0,0
P2,Confluencia Cristiano Kraemer x Belem Velho x Monte Cristo,point,144.2,100.0,nao_contexto,802313,20260707,08:00,TERCA-FEIRA,-30.117902323845598,-51.207805564209998,AV MONTE CRISTO,,BOLETIM,1,0,0,0,0,0
P4,Corredor Av. Vicente Monteggia,polyline,14.6,50.0,sim,802498,20260709,12:00,QUINTA-FEIRA,-30.095054596313101,-51.225606554317402,AV NONOAI,,BOLETIM,0,0,0,0,0,0
P4,Corredor Av. Vicente Monteggia,polyline,14.6,50.0,sim,802438,20260710,01:05,SEXTA-FEIRA,-30.095054596313101,-51.225606554317402,AV NONOAI,,BOLETIM,0,0,0,0,0,0
P8,Estr. Costa Gama x Estr. Afonso Lourenco Mariante,point,21.7,100.0,sim,802362,20260710,20:10,SEXTA-FEIRA,-30.115040464796301,-51.176912437150698,ESTR COSTA GAMA,,BOLETIM,0,0,0,0,0,0
P4,Corredor Av. Vicente Monteggia,polyline,14.6,50.0,sim,802171,20260710,01:05,SEXTA-FEIRA,-30.095054596313101,-51.225606554317402,AV NONOAI,,BOLETIM,0,0,0,0,0,0
P5,Joao Salomoni x Av. da Cavalhada,point,164.2,100.0,nao_contexto,802361,20260711,19:40,SABADO,-30.113082472316300,-51.224793067812598,ESTR JOAO SALOMONI,,BOLETIM,0,0,0,0,0,0
P4,Corredor Av. Vicente Monteggia,polyline,7.7,50.0,sim,802750,20260713,19:00,SEGUNDA-FEIRA,-30.112397629483901,-51.215450610528201,AV VICENTE MONTEGGIA,,BOLETIM,0,0,0,0,0,0
P9,Entroncamento Rua Santuario x Av. Oscar Pereira,point,64.8,100.0,sim,802530,20260714,07:19,TERCA-FEIRA,-30.096214848648199,-51.177836164182303,AV PROF OSCAR PEREIRA,,BOLETIM,1,0,0,1,0,0
P2,Confluencia Cristiano Kraemer x Belem Velho x Monte Cristo,point,64.7,100.0,sim,802410,20260714,12:00,TERCA-FEIRA,-30.117743604265200,-51.206998574486697,ESTR CRISTIANO KRAEMER,,BOLETIM,0,0,0,0,0,1
P4,Corredor Av. Vicente Monteggia,polyline,6.0,50.0,sim,802631,20260716,12:45,QUINTA-FEIRA,-30.096857262426902,-51.224649160477199,AV FABIO ARAUJO SANTOS,,BOLETIM,0,0,0,0,0,0
P5,Joao Salomoni x Av. da Cavalhada,point,4.0,100.0,sim,802619,20260717,18:25,SEXTA-FEIRA,-30.113088405365200,-51.226538963795100,AV CAVALHADA,,BOLETIM,0,0,0,0,0,0
P4,Corredor Av. Vicente Monteggia,polyline,6.0,50.0,sim,803382,20260718,21:48,SABADO,-30.096857262426902,-51.224649160477199,AV FABIO ARAUJO SANTOS,,ATENDIMENTO,1,0,0,1,0,0
P4,Corredor Av. Vicente Monteggia,polyline,21.5,50.0,sim,803112,20260725,15:20,SABADO,-30.095056037558201,-51.225374897110200,AV NONOAI,,BOLETIM,0,0,0,1,0,0
P8,Estr. Costa Gama x Estr. Afonso Lourenco Mariante,point,46.5,100.0,sim,803114,20260726,16:10,DOMINGO,-30.115423515855099,-51.176676663248500,ESTR AFONSO LOURENCO MARIANTE,,BOLETIM,0,0,0,0,0,0
P6,Rota Florestan Fernandes / Estrada Kanazawa,polyline,80.1,50.0,nao_contexto,803455,20260730,18:30,QUINTA-FEIRA,-30.121919039819900,-51.194787109730200,ESTR TRES MENINAS,,BOLETIM,1,0,0,1,0,0
P4,Corredor Av. Vicente Monteggia,polyline,16.0,50.0,sim,804308,20260731,19:45,SEXTA-FEIRA,-30.107209000000001,-51.222282999999997,AV VICENTE MONTEGGIA,,BOLETIM,0,0,0,0,0,0
P3,Acesso Av. Vicente Monteggia via Joao Salomoni/Rodrigues,point,112.3,100.0,nao_contexto,803227,20260731,17:45,SEXTA-FEIRA,-30.115216016925000,-51.213600925325601,ESTR JOAO SALOMONI,,BOLETIM,0,0,0,0,0,0
P5,Joao Salomoni x Av. da Cavalhada,point,19.7,100.0,sim,803222,20260731,13:30,SEXTA-FEIRA,-30.112928329725602,-51.226448254146298,AV CAVALHADA,,BOLETIM,0,0,0,0,0,0
P4,Corredor Av. Vicente Monteggia,polyline,16.3,50.0,sim,804002,20260804,04:40,TERCA-FEIRA,-30.107217660000000,-51.221907000000002,AV VICENTE MONTEGGIA,R AMAPA,ATENDIMENTO,1,0,0,0,0,0
P4,Corredor Av. Vicente Monteggia,polyline,8.5,50.0,sim,803452,20260805,13:10,QUARTA-FEIRA,-30.107402132867900,-51.222060097882597,AV VICENTE MONTEGGIA,,BOLETIM,0,0,0,0,0,0
P7,Estr. 3 Meninas x Estr. Costa Gama,point,28.3,100.0,sim,803613,20260809,21:20,DOMINGO,-30.133490510000001,-51.175840999999998,ESTR TRES MENINAS,,BOLETIM,0,0,0,0,0,0
P4,Corredor Av. Vicente Monteggia,polyline,47.2,50.0,sim,803572,20260809,16:30,DOMINGO,-30.094928501031500,-51.225151380714401,AV NONOAI,,BOLETIM,0,0,0,1,0,0
P4,Corredor Av. Vicente Monteggia,polyline,8.7,50.0,sim,803706,20260811,19:00,TERCA-FEIRA,-30.106394527555899,-51.222452482641600,AV VICENTE MONTEGGIA,,BOLETIM,1,0,0,1,0,0
P2,Confluencia Cristiano Kraemer x Belem Velho x Monte Cristo,point,122.4,100.0,nao_contexto,803782,20260812,07:08,QUARTA-FEIRA,-30.118238113936201,-51.207362322768098,R CATARINO ANDREATTA,,BOLETIM,0,0,0,0,0,0
P4,Corredor Av. Vicente Monteggia,polyline,5.8,50.0,sim,803860,20260814,13:25,SEXTA-FEIRA,-30.112773874765999,-51.213673075731400,AV VICENTE MONTEGGIA,,BOLETIM,1,0,0,1,0,0
P4,Corredor Av. Vicente Monteggia,polyline,55.5,50.0,nao_contexto,804181,20260819,06:45,QUARTA-FEIRA,-30.095584436039701,-51.226156963105304,AV CAVALHADA,,BOLETIM,0,0,0,0,0,0
P4,Corredor Av. Vicente Monteggia,polyline,7.1,50.0,sim,804184,20260820,09:00,QUINTA-FEIRA,-30.095172999999999,-51.225712999999999,AV NONOAI,R DR CAMPOS VELHO,BOLETIM,0,0,0,0,0,0
P4,Corredor Av. Vicente Monteggia,polyline,7.5,50.0,sim,804438,20260821,17:11,SEXTA-FEIRA,-30.112435818373299,-51.214442881224898,AV VICENTE MONTEGGIA,,BOLETIM,1,0,0,1,0,1
P1,Rotula Estr. 3 Meninas x Estr. Cristiano Kraemer,point,58.3,100.0,sim,804163,20260823,12:00,DOMINGO,-30.118832000000001,-51.203243999999998,ESTR CRISTIANO KRAEMER,,BOLETIM,1,0,0,1,0,0
P6,Rota Florestan Fernandes / Estrada Kanazawa,polyline,80.1,50.0,nao_contexto,804298,20260825,20:00,TERCA-FEIRA,-30.121919039819900,-51.194787109730200,ESTR TRES MENINAS,,BOLETIM,3,0,0,0,0,0
P4,Corredor Av. Vicente Monteggia,polyline,0.4,50.0,sim,804668,20260826,09:25,QUARTA-FEIRA,-30.095250746686599,-51.225718237038798,AV VICENTE MONTEGGIA,AV CAVALHADA,BOLETIM,0,0,0,0,0,0
P3,Acesso Av. Vicente Monteggia via Joao Salomoni/Rodrigues,point,154.9,100.0,nao_contexto,804751,20260827,14:00,QUINTA-FEIRA,-30.114111625086199,-51.212613337762100,AV VICENTE MONTEGGIA,,BOLETIM,0,0,0,0,0,0
P4,Corredor Av. Vicente Monteggia,polyline,5.1,50.0,sim,804751,20260827,14:00,QUINTA-FEIRA,-30.114111625086199,-51.212613337762100,AV VICENTE MONTEGGIA,,BOLETIM,0,0,0,0,0,0
P5,Joao Salomoni x Av. da Cavalhada,point,157.5,100.0,nao_contexto,804709,20260827,15:00,QUINTA-FEIRA,-30.113093636113501,-51.224862879753701,ESTR JOAO SALOMONI,,ATENDIMENTO,1,0,0,1,0,0
P4,Corredor Av. Vicente Monteggia,polyline,4.7,50.0,sim,804513,20260827,21:00,QUINTA-FEIRA,-30.095149276991801,-51.225778694950201,AV CAVALHADA,,BOLETIM,0,0,0,0,0,0
P8,Estr. Costa Gama x Estr. Afonso Lourenco Mariante,point,32.2,100.0,sim,804544,20260829,19:12,SABADO,-30.114953217288001,-51.176861818190297,ESTR COSTA GAMA,,BOLETIM,1,0,0,0,0,0
P1,Rotula Estr. 3 Meninas x Estr. Cristiano Kraemer,point,25.6,100.0,sim,804649,20260831,17:30,SEGUNDA-FEIRA,-30.118244936639300,-51.203444946125003,ESTR CRISTIANO KRAEMER,,BOLETIM,1,0,0,1,0,0
P1,Rotula Estr. 3 Meninas x Estr. Cristiano Kraemer,point,182.7,100.0,nao_contexto,804757,20260902,07:30,QUARTA-FEIRA,-30.117227819755001,-51.204619752311501,R JOSE ALVES DE CASTRO,,BOLETIM,1,0,0,0,0,0
P2,Confluencia Cristiano Kraemer x Belem Velho x Monte Cristo,point,171.4,100.0,nao_contexto,804757,20260902,07:30,QUARTA-FEIRA,-30.117227819755001,-51.204619752311501,R JOSE ALVES DE CASTRO,,BOLETIM,1,0,0,0,0,0
