segmento_id,trecho,estacao_m,dist_eixo_p4_m,idacidente,data,hora,dia_sem,latitude,longitude,log1,log2,tipo_acid,feridos,feridos_gr,fatais,moto,bicicleta,onibus
P4-S02,Av. Fabio Araujo Santos -> Av. Otto Niemeyer,516.3,4.3,479718,20100101,07:00,SEXTA-FEIRA,-30.099332109999999,-51.225333999999997,AV VICENTE MONTEGGIA,,BOLETIM,1,0,0,0,0,0
P4-S05,Rua Amapa -> Estr. Joao Vedana,1489.4,0.7,479774,20100104,07:25,SEGUNDA-FEIRA,-30.107367000000000,-51.221966000000002,AV VICENTE MONTEGGIA,,BOLETIM,1,0,0,1,0,0
P4-S05,Rua Amapa -> Estr. Joao Vedana,1489.4,0.7,480169,20100109,22:15,SABADO,-30.107367000000000,-51.221966000000002,AV VICENTE MONTEGGIA,,BOLETIM,1,0,0,0,0,0
P4-S03,Av. Otto Niemeyer -> Estr. Aracaju,777.5,8.4,480221,20100111,20:50,SEGUNDA-FEIRA,-30.101295709999999,-51.224066999999998,AV VICENTE MONTEGGIA,,BOLETIM,1,0,0,1,0,0
P4-S01,Av. da Cavalhada / Av. Nonoai / R. Dr. Campos Velho -> Av. Fabio Araujo Santos,7.6,7.1,480438,20100114,12:00,QUINTA-FEIRA,-30.095172999999999,-51.225712999999999,AV VICENTE MONTEGGIA,AV NONOAI,BOLETIM,1,0,0,1,0,0
P4-S06,Estr. Joao Vedana -> Estr. Joao Passuelo,1937.0,6.5,480449,20100115,10:55,SEXTA-FEIRA,-30.110417720000001,-51.218955000000001,AV VICENTE MONTEGGIA,,BOLETIM,1,0,0,1,0,0
P4-S01,Av. da Cavalhada / Av. Nonoai / R. Dr. Campos Velho -> Av. Fabio Araujo Santos,42.0,0.4,480472,20100116,17:30,SABADO,-30.095452999999999,-51.225529999999999,AV VICENTE MONTEGGIA,,BOLETIM,2,0,0,1,0,0
P4-S01,Av. da Cavalhada / Av. Nonoai / R. Dr. Campos Velho -> Av. Fabio Araujo Santos,8.9,41.8,480966,20100119,14:10,TERCA-FEIRA,-30.094951540000000,-51.225459000000001,AV NONOAI,,BOLETIM,0,0,0,0,0,0
P4-S05,Rua Amapa -> Estr. Joao Vedana,1800.2,3.0,480870,20100122,07:45,SEXTA-FEIRA,-30.109435000000001,-51.219799999999999,AV VICENTE MONTEGGIA,,BOLETIM,1,0,0,1,0,0
P4-S01,Av. da Cavalhada / Av. Nonoai / R. Dr. Campos Velho -> Av. Fabio Araujo Santos,16.4,30.2,480896,20100123,04:15,SABADO,-30.095101199999998,-51.225453999999999,AV NONOAI,,BOLETIM,1,0,0,0,0,0
P4-S06,Estr. Joao Vedana -> Estr. Joao Passuelo,2417.8,2.4,481238,20100129,12:30,SEXTA-FEIRA,-30.112490999999999,-51.215046000000001,AV VICENTE MONTEGGIA,,BOLETIM,1,0,0,1,0,0
P4-S01,Av. da Cavalhada / Av. Nonoai / R. Dr. Campos Velho -> Av. Fabio Araujo Santos,10.1,26.2,481762,20100203,12:40,QUARTA-FEIRA,-30.095061999999999,-51.225558999999997,AV NONOAI,,BOLETIM,0,0,0,0,0,0
P4-S06,Estr. Joao Vedana -> Estr. Joao Passuelo,2642.4,6.5,482389,20100215,12:45,SEGUNDA-FEIRA,-30.113307370000001,-51.213003000000000,AV VICENTE MONTEGGIA,ESTR JOAO PASSUELO,BOLETIM,0,0,0,0,0,0
P4-S01,Av. da Cavalhada / Av. Nonoai / R. Dr. Campos Velho -> Av. Fabio Araujo Santos,7.6,7.1,482406,20100217,11:28,QUARTA-FEIRA,-30.095172949999998,-51.225712999999999,AV VICENTE MONTEGGIA,AV CAVALHADA,BOLETIM,0,0,0,0,0,0
P4-S01,Av. da Cavalhada / Av. Nonoai / R. Dr. Campos Velho -> Av. Fabio Araujo Santos,17.4,39.3,482424,20100219,23:30,SEXTA-FEIRA,-30.095056039999999,-51.225375000000000,AV NONOAI,,BOLETIM,1,0,0,1,0,0
P4-S01,Av. da Cavalhada / Av. Nonoai / R. Dr. Campos Velho -> Av. Fabio Araujo Santos,10.1,26.2,482540,20100219,16:25,SEXTA-FEIRA,-30.095061999999999,-51.225558999999997,AV NONOAI,,BOLETIM,0,0,0,0,0,0
P4-S01,Av. da Cavalhada / Av. Nonoai / R. Dr. Campos Velho -> Av. Fabio Araujo Santos,7.6,7.1,482535,20100219,18:15,SEXTA-FEIRA,-30.095172999999999,-51.225712999999999,R DR CAMPOS VELHO,AV NONOAI,BOLETIM,0,0,0,1,0,0
P4-S03,Av. Otto Niemeyer -> Estr. Aracaju,1067.4,5.5,482677,20100219,10:55,SEXTA-FEIRA,-30.103728860000000,-51.223149999999997,AV VICENTE MONTEGGIA,,BOLETIM,0,0,0,1,0,0
P4-S01,Av. da Cavalhada / Av. Nonoai / R. Dr. Campos Velho -> Av. Fabio Araujo Santos,51.1,10.4,482753,20100223,14:40,TERCA-FEIRA,-30.095460920000001,-51.225383999999998,AV VICENTE MONTEGGIA,,BOLETIM,0,0,0,0,0,0
P4-S03,Av. Otto Niemeyer -> Estr. Aracaju,1056.1,2.6,483047,20100228,15:50,DOMINGO,-30.103624000000000,-51.223140000000001,AV VICENTE MONTEGGIA,,BOLETIM,0,0,0,0,0,0
P4-S03,Av. Otto Niemeyer -> Estr. Aracaju,689.8,6.1,483152,20100301,08:16,SEGUNDA-FEIRA,-30.100792999999999,-51.224783000000002,AV OTTO NIEMEYER,AV VICENTE MONTEGGIA,BOLETIM,0,0,0,0,0,0
P4-S01,Av. da Cavalhada / Av. Nonoai / R. Dr. Campos Velho -> Av. Fabio Araujo Santos,0.0,48.9,483266,20100302,15:00,TERCA-FEIRA,-30.094957000000001,-51.226264000000000,R DR CAMPOS VELHO,,BOLETIM,0,0,0,0,0,0
P4-S06,Estr. Joao Vedana -> Estr. Joao Passuelo,2201.7,1.2,483076,20100302,21:00,TERCA-FEIRA,-30.112245000000001,-51.217212000000004,AV VICENTE MONTEGGIA,,BOLETIM,1,0,0,1,0,0
P4-S01,Av. da Cavalhada / Av. Nonoai / R. Dr. Campos Velho -> Av. Fabio Araujo Santos,238.8,0.5,483119,20100303,18:45,QUARTA-FEIRA,-30.097041510000000,-51.224643999999998,AV VICENTE MONTEGGIA,,BOLETIM,1,0,0,1,0,0
P4-S03,Av. Otto Niemeyer -> Estr. Aracaju,689.8,6.1,483375,20100304,10:40,QUINTA-FEIRA,-30.100792999999999,-51.224783000000002,AV OTTO NIEMEYER,AV VICENTE MONTEGGIA,BOLETIM,0,0,0,0,0,0
P4-S05,Rua Amapa -> Estr. Joao Vedana,1919.4,7.4,483424,20100305,18:00,SEXTA-FEIRA,-30.110289280000000,-51.219056000000002,AV VICENTE MONTEGGIA,,BOLETIM,0,0,0,0,0,0
P4-S02,Av. Fabio Araujo Santos -> Av. Otto Niemeyer,312.3,1.6,483249,20100306,06:24,SABADO,-30.097688000000002,-51.224701000000003,AV VICENTE MONTEGGIA,,BOLETIM,1,0,0,1,0,0
P4-S05,Rua Amapa -> Estr. Joao Vedana,1476.9,3.1,483771,20100311,14:00,QUINTA-FEIRA,-30.107299999999999,-51.222088999999997,R AMAPA,AV VICENTE MONTEGGIA,BOLETIM,1,0,0,1,0,0
P4-S07,Estr. Joao Passuelo -> Av. Joao Salomoni / Av. Rodrigues da Fonseca,2723.6,4.9,484074,20100311,08:45,QUINTA-FEIRA,-30.113992509999999,-51.212662999999999,AV VICENTE MONTEGGIA,,BOLETIM,0,0,0,0,0,0
P4-S02,Av. Fabio Araujo Santos -> Av. Otto Niemeyer,654.1,1.2,484132,20100316,08:40,TERCA-FEIRA,-30.100486000000000,-51.224915000000003,AV VICENTE MONTEGGIA,,BOLETIM,1,0,0,1,0,0
P4-S02,Av. Fabio Araujo Santos -> Av. Otto Niemeyer,600.4,2.6,484349,20100317,18:00,QUARTA-FEIRA,-30.100083999999999,-51.225231999999998,AV VICENTE MONTEGGIA,,BOLETIM,0,0,0,1,0,0
P4-S04,Estr. Aracaju -> Rua Amapa,1268.6,2.4,484616,20100319,16:30,SEXTA-FEIRA,-30.105478999999999,-51.222605999999999,AV VICENTE MONTEGGIA,,BOLETIM,0,0,0,0,0,0
P4-S02,Av. Fabio Araujo Santos -> Av. Otto Niemeyer,312.3,1.6,484656,20100324,18:12,QUARTA-FEIRA,-30.097688000000002,-51.224701000000003,AV VICENTE MONTEGGIA,,BOLETIM,1,0,0,1,0,0
P4-S07,Estr. Joao Passuelo -> Av. Joao Salomoni / Av. Rodrigues da Fonseca,2790.5,2.9,484799,20100326,11:50,SEXTA-FEIRA,-30.114585000000002,-51.212516000000001,AV VICENTE MONTEGGIA,,BOLETIM,0,0,0,1,0,0
P4-S06,Estr. Joao Vedana -> Estr. Joao Passuelo,2358.1,0.9,486980,20100327,14:00,SABADO,-30.112473000000001,-51.215667000000003,AV VICENTE MONTEGGIA,,BOLETIM,1,0,0,0,0,1
P4-S07,Estr. Joao Passuelo -> Av. Joao Salomoni / Av. Rodrigues da Fonseca,2823.3,1.8,488573,20100327,18:30,SABADO,-30.114861999999999,-51.212418999999997,AV VICENTE MONTEGGIA,,BOLETIM,2,0,0,1,0,0
P4-S01,Av. da Cavalhada / Av. Nonoai / R. Dr. Campos Velho -> Av. Fabio Araujo Santos,51.1,10.4,485371,20100329,10:55,SEGUNDA-FEIRA,-30.095460920000001,-51.225383999999998,AV VICENTE MONTEGGIA,,BOLETIM,0,0,0,0,0,0
P4-S03,Av. Otto Niemeyer -> Estr. Aracaju,689.8,6.1,485409,20100330,07:14,TERCA-FEIRA,-30.100792999999999,-51.224783000000002,AV OTTO NIEMEYER,AV VICENTE MONTEGGIA,BOLETIM,0,0,0,0,0,0
P4-S04,Estr. Aracaju -> Rua Amapa,1326.1,2.3,485828,20100405,18:25,SEGUNDA-FEIRA,-30.105989810000001,-51.222504999999998,R MODESTO PEREIRA PINTO,AV VICENTE MONTEGGIA,BOLETIM,0,0,0,1,0,0
P4-S01,Av. da Cavalhada / Av. Nonoai / R. Dr. Campos Velho -> Av. Fabio Araujo Santos,7.6,7.1,485865,20100406,14:50,TERCA-FEIRA,-30.095172999999999,-51.225712999999999,AV VICENTE MONTEGGIA,AV NONOAI,BOLETIM,0,0,0,0,0,0
P4-S06,Estr. Joao Vedana -> Estr. Joao Passuelo,2560.6,3.2,485482,20100406,20:25,TERCA-FEIRA,-30.112863999999998,-51.213693999999997,AV VICENTE MONTEGGIA,,BOLETIM,0,0,1,1,0,0
P4-S03,Av. Otto Niemeyer -> Estr. Aracaju,705.3,5.0,486083,20100412,18:00,SEGUNDA-FEIRA,-30.100862880000001,-51.224601999999997,AV VICENTE MONTEGGIA,,BOLETIM,1,0,0,1,0,0
P4-S06,Estr. Joao Vedana -> Estr. Joao Passuelo,1934.0,0.6,486662,20100416,14:55,SEXTA-FEIRA,-30.110429109999998,-51.219022000000002,ESTR JOAO VEDANA,AV VICENTE MONTEGGIA,BOLETIM,0,0,0,0,0,0
P4-S01,Av. da Cavalhada / Av. Nonoai / R. Dr. Campos Velho -> Av. Fabio Araujo Santos,7.6,7.1,486910,20100420,07:34,TERCA-FEIRA,-30.095172949999998,-51.225712999999999,AV VICENTE MONTEGGIA,AV CAVALHADA,BOLETIM,0,0,0,0,0,0
P4-S06,Estr. Joao Vedana -> Estr. Joao Passuelo,2620.3,4.9,487302,20100423,14:18,SEXTA-FEIRA,-30.113164000000001,-51.213161999999997,AV VICENTE MONTEGGIA,,BOLETIM,0,0,0,0,0,0
P4-S01,Av. da Cavalhada / Av. Nonoai / R. Dr. Campos Velho -> Av. Fabio Araujo Santos,7.6,7.1,487611,20100428,15:15,QUARTA-FEIRA,-30.095172999999999,-51.225712999999999,R DR CAMPOS VELHO,AV CAVALHADA,BOLETIM,0,0,0,0,0,0
P4-S06,Estr. Joao Vedana -> Estr. Joao Passuelo,1952.2,6.6,488012,20100505,07:57,QUARTA-FEIRA,-30.110532200000002,-51.218859000000002,AV VICENTE MONTEGGIA,,BOLETIM,0,0,0,0,0,0
P4-S01,Av. da Cavalhada / Av. Nonoai / R. Dr. Campos Velho -> Av. Fabio Araujo Santos,7.6,7.1,488181,20100506,14:00,QUINTA-FEIRA,-30.095172999999999,-51.225712999999999,R DR CAMPOS VELHO,AV CAVALHADA,BOLETIM,0,0,0,0,0,1
P4-S07,Estr. Joao Passuelo -> Av. Joao Salomoni / Av. Rodrigues da Fonseca,2723.6,4.9,487903,20100506,08:20,QUINTA-FEIRA,-30.113992509999999,-51.212662999999999,AV VICENTE MONTEGGIA,,BOLETIM,2,0,0,1,0,0
P4-S06,Estr. Joao Vedana -> Estr. Joao Passuelo,2632.9,7.5,488393,20100510,08:15,SEGUNDA-FEIRA,-30.113236000000001,-51.213057999999997,AV VICENTE MONTEGGIA,,BOLETIM,0,0,0,0,0,0
P4-S01,Av. da Cavalhada / Av. Nonoai / R. Dr. Campos Velho -> Av. Fabio Araujo Santos,7.6,7.1,488955,20100511,20:00,TERCA-FEIRA,-30.095172949999998,-51.225712999999999,AV VICENTE MONTEGGIA,AV CAVALHADA,BOLETIM,0,0,0,0,0,1
P4-S01,Av. da Cavalhada / Av. Nonoai / R. Dr. Campos Velho -> Av. Fabio Araujo Santos,238.8,0.5,488598,20100515,14:50,SABADO,-30.097041510000000,-51.224643999999998,AV VICENTE MONTEGGIA,,BOLETIM,2,0,0,1,0,0
P4-S03,Av. Otto Niemeyer -> Estr. Aracaju,689.8,6.1,489066,20100518,19:00,TERCA-FEIRA,-30.100792999999999,-51.224783000000002,AV OTTO NIEMEYER,AV VICENTE MONTEGGIA,BOLETIM,0,0,0,0,0,0
P4-S04,Estr. Aracaju -> Rua Amapa,1461.4,7.2,489315,20100520,16:45,QUINTA-FEIRA,-30.107187509999999,-51.222192999999997,AV VICENTE MONTEGGIA,,BOLETIM,0,0,0,0,0,0
P4-S01,Av. da Cavalhada / Av. Nonoai / R. Dr. Campos Velho -> Av. Fabio Araujo Santos,17.4,39.3,489751,20100527,21:00,QUINTA-FEIRA,-30.095056039999999,-51.225375000000000,AV NONOAI,,BOLETIM,0,0,0,0,0,0
P4-S03,Av. Otto Niemeyer -> Estr. Aracaju,1152.4,1.6,489572,20100527,18:20,QUINTA-FEIRA,-30.104472999999999,-51.222935999999997,AV VICENTE MONTEGGIA,,BOLETIM,1,0,0,0,0,0
P4-S01,Av. da Cavalhada / Av. Nonoai / R. Dr. Campos Velho -> Av. Fabio Araujo Santos,238.8,0.5,489647,20100528,18:10,SEXTA-FEIRA,-30.097041510000000,-51.224643999999998,AV VICENTE MONTEGGIA,,BOLETIM,1,0,0,0,0,0
P4-S01,Av. da Cavalhada / Av. Nonoai / R. Dr. Campos Velho -> Av. Fabio Araujo Santos,7.6,7.1,490673,20100608,18:00,TERCA-FEIRA,-30.095172949999998,-51.225712999999999,AV VICENTE MONTEGGIA,AV CAVALHADA,BOLETIM,0,0,0,0,0,0
P4-S01,Av. da Cavalhada / Av. Nonoai / R. Dr. Campos Velho -> Av. Fabio Araujo Santos,7.6,7.1,491049,20100611,14:30,SEXTA-FEIRA,-30.095172999999999,-51.225712999999999,AV VICENTE MONTEGGIA,AV NONOAI,BOLETIM,0,0,0,0,0,0
P4-S03,Av. Otto Niemeyer -> Estr. Aracaju,689.8,6.1,490926,20100612,14:20,SABADO,-30.100792999999999,-51.224783000000002,AV OTTO NIEMEYER,AV VICENTE MONTEGGIA,BOLETIM,0,0,0,0,0,0
P4-S03,Av. Otto Niemeyer -> Estr. Aracaju,689.1,0.0,490794,20100613,01:25,DOMINGO,-30.100758610000000,-51.224733000000001,AV VICENTE MONTEGGIA,,BOLETIM,1,0,0,1,0,0
P4-S01,Av. da Cavalhada / Av. Nonoai / R. Dr. Campos Velho -> Av. Fabio Araujo Santos,1.2,4.7,490860,20100614,01:30,SEGUNDA-FEIRA,-30.095149280000001,-51.225779000000003,AV CAVALHADA,,BOLETIM,2,0,0,1,0,0
P4-S01,Av. da Cavalhada / Av. Nonoai / R. Dr. Campos Velho -> Av. Fabio Araujo Santos,7.6,7.1,491419,20100615,13:10,TERCA-FEIRA,-30.095172999999999,-51.225712999999999,R DR CAMPOS VELHO,AV NONOAI,BOLETIM,0,0,0,0,0,0
P4-S03,Av. Otto Niemeyer -> Estr. Aracaju,1063.5,5.3,491513,20100619,11:30,SABADO,-30.103694090000001,-51.223154999999998,AV VICENTE MONTEGGIA,,BOLETIM,0,0,0,0,0,0
P4-S03,Av. Otto Niemeyer -> Estr. Aracaju,739.1,2.5,491246,20100620,20:30,DOMINGO,-30.101089999999999,-51.224392999999999,AV VICENTE MONTEGGIA,,BOLETIM,2,0,0,1,0,0
P4-S05,Rua Amapa -> Estr. Joao Vedana,1476.9,3.1,491811,20100623,08:00,QUARTA-FEIRA,-30.107299999999999,-51.222088999999997,R AMAPA,AV VICENTE MONTEGGIA,BOLETIM,0,0,0,0,0,0
P4-S03,Av. Otto Niemeyer -> Estr. Aracaju,1067.4,5.5,491800,20100625,11:00,SEXTA-FEIRA,-30.103728860000000,-51.223149999999997,AV VICENTE MONTEGGIA,,BOLETIM,0,0,0,0,0,0
P4-S07,Estr. Joao Passuelo -> Av. Joao Salomoni / Av. Rodrigues da Fonseca,2723.6,4.9,491808,20100625,10:50,SEXTA-FEIRA,-30.113992509999999,-51.212662999999999,AV VICENTE MONTEGGIA,,BOLETIM,0,0,0,0,0,0
P4-S01,Av. da Cavalhada / Av. Nonoai / R. Dr. Campos Velho -> Av. Fabio Araujo Santos,17.4,39.3,491827,20100627,16:10,DOMINGO,-30.095056039999999,-51.225375000000000,AV NONOAI,,BOLETIM,0,0,0,0,0,0
P4-S05,Rua Amapa -> Estr. Joao Vedana,1799.1,5.9,491999,20100629,07:30,TERCA-FEIRA,-30.109412970000001,-51.219780000000000,AV VICENTE MONTEGGIA,,BOLETIM,1,0,0,1,0,0
P4-S06,Estr. Joao Vedana -> Estr. Joao Passuelo,2436.2,3.4,492042,20100630,08:05,QUARTA-FEIRA,-30.112439999999999,-51.214855000000000,AV VICENTE MONTEGGIA,,BOLETIM,3,0,0,1,0,0
P4-S06,Estr. Joao Vedana -> Estr. Joao Passuelo,1937.0,6.5,492311,20100702,07:30,SEXTA-FEIRA,-30.110417720000001,-51.218955000000001,AV VICENTE MONTEGGIA,,BOLETIM,1,0,0,0,0,0
P4-S01,Av. da Cavalhada / Av. Nonoai / R. Dr. Campos Velho -> Av. Fabio Araujo Santos,13.0,15.0,492728,20100706,17:20,TERCA-FEIRA,-30.095154000000001,-51.225616000000002,AV NONOAI,,BOLETIM,0,0,0,0,0,0
P4-S03,Av. Otto Niemeyer -> Estr. Aracaju,1063.5,5.3,495660,20100708,17:45,QUINTA-FEIRA,-30.103694090000001,-51.223154999999998,AV VICENTE MONTEGGIA,,BOLETIM,1,0,0,1,0,0
P4-S01,Av. da Cavalhada / Av. Nonoai / R. Dr. Campos Velho -> Av. Fabio Araujo Santos,7.6,7.1,493032,20100710,15:25,SABADO,-30.095172949999998,-51.225712999999999,AV VICENTE MONTEGGIA,AV CAVALHADA,BOLETIM,0,0,0,0,0,0
P4-S03,Av. Otto Niemeyer -> Estr. Aracaju,689.8,6.1,493746,20100720,15:30,TERCA-FEIRA,-30.100792999999999,-51.224783000000002,AV OTTO NIEMEYER,AV VICENTE MONTEGGIA,BOLETIM,0,0,0,0,0,0
P4-S06,Estr. Joao Vedana -> Estr. Joao Passuelo,2538.6,3.7,493556,20100720,19:00,TERCA-FEIRA,-30.112694000000001,-51.213831999999996,AV VICENTE MONTEGGIA,,BOLETIM,1,0,0,1,0,0
P4-S07,Estr. Joao Passuelo -> Av. Joao Salomoni / Av. Rodrigues da Fonseca,2723.6,4.9,493991,20100726,22:15,SEGUNDA-FEIRA,-30.113992509999999,-51.212662999999999,AV VICENTE MONTEGGIA,,BOLETIM,1,0,0,1,0,1
P4-S06,Estr. Joao Vedana -> Estr. Joao Passuelo,2256.5,5.3,494394,20100802,18:05,SEGUNDA-FEIRA,-30.112529920000000,-51.216726000000001,AV VICENTE MONTEGGIA,,BOLETIM,0,0,0,0,0,0
P4-S03,Av. Otto Niemeyer -> Estr. Aracaju,689.8,6.1,499653,20100805,12:00,QUINTA-FEIRA,-30.100792999999999,-51.224783000000002,AV OTTO NIEMEYER,AV VICENTE MONTEGGIA,BOLETIM,0,0,0,0,0,0
P4-S03,Av. Otto Niemeyer -> Estr. Aracaju,733.3,6.8,494954,20100807,07:00,SABADO,-30.101112430000001,-51.224505000000001,AV VICENTE MONTEGGIA,,BOLETIM,1,0,0,0,0,0
P4-S03,Av. Otto Niemeyer -> Estr. Aracaju,699.7,6.3,495438,20100810,14:10,TERCA-FEIRA,-30.100867999999998,-51.224733000000001,AV VICENTE MONTEGGIA,,BOLETIM,0,0,0,0,0,0
P4-S02,Av. Fabio Araujo Santos -> Av. Otto Niemeyer,354.1,3.8,495521,20100811,11:40,QUARTA-FEIRA,-30.097992000000001,-51.224957000000003,AV VICENTE MONTEGGIA,,BOLETIM,0,0,0,0,0,0
P4-S01,Av. da Cavalhada / Av. Nonoai / R. Dr. Campos Velho -> Av. Fabio Araujo Santos,16.4,30.2,495276,20100813,02:45,SEXTA-FEIRA,-30.095101199999998,-51.225453999999999,AV NONOAI,,BOLETIM,1,0,0,1,0,0
P4-S07,Estr. Joao Passuelo -> Av. Joao Salomoni / Av. Rodrigues da Fonseca,2831.8,3.0,495905,20100816,20:50,SEGUNDA-FEIRA,-30.114932520000000,-51.212358000000002,AV VICENTE MONTEGGIA,,BOLETIM,0,0,0,0,0,0
P4-S03,Av. Otto Niemeyer -> Estr. Aracaju,689.8,6.1,501304,20100819,10:30,QUINTA-FEIRA,-30.100792999999999,-51.224783000000002,AV OTTO NIEMEYER,AV VICENTE MONTEGGIA,BOLETIM,0,0,0,1,0,0
P4-S01,Av. da Cavalhada / Av. Nonoai / R. Dr. Campos Velho -> Av. Fabio Araujo Santos,7.6,7.1,496142,20100820,09:10,SEXTA-FEIRA,-30.095172999999999,-51.225712999999999,R DR CAMPOS VELHO,AV CAVALHADA,BOLETIM,0,0,0,0,0,0
P4-S06,Estr. Joao Vedana -> Estr. Joao Passuelo,1942.9,6.2,495897,20100820,07:20,SEXTA-FEIRA,-30.110460650000000,-51.218919000000000,AV VICENTE MONTEGGIA,,BOLETIM,1,0,0,1,0,0
P4-S03,Av. Otto Niemeyer -> Estr. Aracaju,1024.8,5.2,496292,20100821,12:00,SABADO,-30.103334810000000,-51.223125000000003,AV VICENTE MONTEGGIA,,BOLETIM,0,0,0,0,0,1
P4-S05,Rua Amapa -> Estr. Joao Vedana,1751.4,0.4,497498,20100905,22:15,DOMINGO,-30.109076999999999,-51.220095000000001,AV VICENTE MONTEGGIA,,BOLETIM,0,0,0,0,0,0
P4-S07,Estr. Joao Passuelo -> Av. Joao Salomoni / Av. Rodrigues da Fonseca,2723.6,4.9,498038,20100914,07:35,TERCA-FEIRA,-30.113992509999999,-51.212662999999999,AV VICENTE MONTEGGIA,,BOLETIM,0,0,0,1,0,0
P4-S03,Av. Otto Niemeyer -> Estr. Aracaju,689.8,6.1,498055,20100915,07:10,QUARTA-FEIRA,-30.100792999999999,-51.224783000000002,AV OTTO NIEMEYER,AV VICENTE MONTEGGIA,BOLETIM,0,0,0,0,0,0
P4-S03,Av. Otto Niemeyer -> Estr. Aracaju,689.1,0.0,498000,20100917,18:15,SEXTA-FEIRA,-30.100758610000000,-51.224733000000001,AV VICENTE MONTEGGIA,,BOLETIM,1,0,0,1,0,0
P4-S01,Av. da Cavalhada / Av. Nonoai / R. Dr. Campos Velho -> Av. Fabio Araujo Santos,7.6,7.1,498384,20100918,09:30,SABADO,-30.095172949999998,-51.225712999999999,AV VICENTE MONTEGGIA,AV CAVALHADA,BOLETIM,0,0,0,0,0,0
P4-S01,Av. da Cavalhada / Av. Nonoai / R. Dr. Campos Velho -> Av. Fabio Araujo Santos,1.2,4.7,498681,20100923,19:08,QUINTA-FEIRA,-30.095149280000001,-51.225779000000003,AV CAVALHADA,,BOLETIM,0,0,0,0,0,0
P4-S03,Av. Otto Niemeyer -> Estr. Aracaju,689.8,6.1,498680,20100923,18:20,QUINTA-FEIRA,-30.100792999999999,-51.224783000000002,AV OTTO NIEMEYER,AV VICENTE MONTEGGIA,BOLETIM,0,0,0,0,0,0
P4-S03,Av. Otto Niemeyer -> Estr. Aracaju,733.3,6.8,498362,20100925,00:45,SABADO,-30.101112430000001,-51.224505000000001,AV VICENTE MONTEGGIA,,BOLETIM,0,0,2,0,0,0
P4-S05,Rua Amapa -> Estr. Joao Vedana,1489.4,0.7,498795,20100926,08:20,DOMINGO,-30.107367000000000,-51.221966000000002,AV VICENTE MONTEGGIA,,BOLETIM,0,0,0,0,0,0
P4-S03,Av. Otto Niemeyer -> Estr. Aracaju,689.8,6.1,499045,20100929,20:30,QUARTA-FEIRA,-30.100792999999999,-51.224783000000002,AV OTTO NIEMEYER,AV VICENTE MONTEGGIA,BOLETIM,0,0,0,0,0,0
P4-S07,Estr. Joao Passuelo -> Av. Joao Salomoni / Av. Rodrigues da Fonseca,2888.3,26.7,498838,20100930,14:35,QUINTA-FEIRA,-30.115525999999999,-51.212234000000002,AV RODRIGUES DA FONSECA,,BOLETIM,3,0,0,0,0,0
P4-S01,Av. da Cavalhada / Av. Nonoai / R. Dr. Campos Velho -> Av. Fabio Araujo Santos,3.3,13.7,499294,20101001,16:20,SEXTA-FEIRA,-30.095102950000001,-51.225700000000003,AV NONOAI,,BOLETIM,0,0,0,0,0,0
P4-S06,Estr. Joao Vedana -> Estr. Joao Passuelo,1937.0,6.5,499268,20101003,12:20,DOMINGO,-30.110417720000001,-51.218955000000001,AV VICENTE MONTEGGIA,,BOLETIM,1,0,0,1,0,0
P4-S06,Estr. Joao Vedana -> Estr. Joao Passuelo,1943.0,2.7,499457,20101004,11:55,SEGUNDA-FEIRA,-30.110510999999999,-51.218991000000003,AV VICENTE MONTEGGIA,,BOLETIM,2,0,0,0,0,0
P4-S02,Av. Fabio Araujo Santos -> Av. Otto Niemeyer,652.6,1.3,500075,20101008,18:50,SEXTA-FEIRA,-30.100473999999998,-51.224921999999999,AV VICENTE MONTEGGIA,,BOLETIM,0,0,0,0,0,0
P4-S03,Av. Otto Niemeyer -> Estr. Aracaju,846.7,3.9,500066,20101008,10:20,SEXTA-FEIRA,-30.101824000000001,-51.223671000000003,AV VICENTE MONTEGGIA,,BOLETIM,0,0,0,0,0,0
P4-S07,Estr. Joao Passuelo -> Av. Joao Salomoni / Av. Rodrigues da Fonseca,2895.4,4.6,499900,20101008,10:38,SEXTA-FEIRA,-30.115501999999999,-51.212471000000001,AV VICENTE MONTEGGIA,AV RODRIGUES DA FONSECA,BOLETIM,1,0,0,0,0,0
P4-S01,Av. da Cavalhada / Av. Nonoai / R. Dr. Campos Velho -> Av. Fabio Araujo Santos,10.1,26.2,500158,20101009,07:00,SABADO,-30.095061999999999,-51.225558999999997,AV NONOAI,,BOLETIM,0,0,0,0,0,0
P4-S03,Av. Otto Niemeyer -> Estr. Aracaju,689.8,6.1,500199,20101011,07:10,SEGUNDA-FEIRA,-30.100792999999999,-51.224783000000002,AV OTTO NIEMEYER,AV VICENTE MONTEGGIA,BOLETIM,0,0,0,0,0,0
P4-S04,Estr. Aracaju -> Rua Amapa,1461.4,7.2,500598,20101020,19:00,QUARTA-FEIRA,-30.107187509999999,-51.222192999999997,AV VICENTE MONTEGGIA,,BOLETIM,1,0,0,2,0,0
P4-S01,Av. da Cavalhada / Av. Nonoai / R. Dr. Campos Velho -> Av. Fabio Araujo Santos,7.6,7.1,504132,20101023,04:00,SABADO,-30.095172999999999,-51.225712999999999,AV CAVALHADA,AV NONOAI,BOLETIM,1,0,0,0,0,0
P4-S02,Av. Fabio Araujo Santos -> Av. Otto Niemeyer,432.9,2.3,500696,20101025,08:40,SEGUNDA-FEIRA,-30.098617000000001,-51.225346999999999,AV VICENTE MONTEGGIA,,BOLETIM,1,0,0,1,0,0
P4-S07,Estr. Joao Passuelo -> Av. Joao Salomoni / Av. Rodrigues da Fonseca,2895.4,4.6,501352,20101025,12:15,SEGUNDA-FEIRA,-30.115501999999999,-51.212471000000001,AV VICENTE MONTEGGIA,AV RODRIGUES DA FONSECA,BOLETIM,0,0,0,0,0,0
P4-S07,Estr. Joao Passuelo -> Av. Joao Salomoni / Av. Rodrigues da Fonseca,2723.6,4.9,500941,20101028,07:46,QUINTA-FEIRA,-30.113992509999999,-51.212662999999999,AV VICENTE MONTEGGIA,,BOLETIM,1,0,0,1,0,0
P4-S04,Estr. Aracaju -> Rua Amapa,1250.1,0.1,501605,20101031,06:10,DOMINGO,-30.105323389999999,-51.222678999999999,R JUVENIL PEREIRA FRAGA,AV VICENTE MONTEGGIA,BOLETIM,0,0,0,0,0,0
P4-S01,Av. da Cavalhada / Av. Nonoai / R. Dr. Campos Velho -> Av. Fabio Araujo Santos,51.1,10.4,502532,20101110,15:00,QUARTA-FEIRA,-30.095460920000001,-51.225383999999998,AV VICENTE MONTEGGIA,,BOLETIM,0,0,0,0,0,0
P4-S02,Av. Fabio Araujo Santos -> Av. Otto Niemeyer,634.9,4.9,504656,20101115,13:00,SEGUNDA-FEIRA,-30.100330629999998,-51.224994000000002,AV VICENTE MONTEGGIA,,BOLETIM,1,0,0,0,0,0
P4-S02,Av. Fabio Araujo Santos -> Av. Otto Niemeyer,645.7,6.1,502895,20101116,08:15,TERCA-FEIRA,-30.100397019999999,-51.224930000000001,AV VICENTE MONTEGGIA,,BOLETIM,0,0,0,0,0,0
P4-S06,Estr. Joao Vedana -> Estr. Joao Passuelo,2543.5,2.7,502438,20101117,14:00,QUARTA-FEIRA,-30.112766000000001,-51.213827000000002,AV VICENTE MONTEGGIA,,BOLETIM,0,0,0,0,0,0
P4-S03,Av. Otto Niemeyer -> Estr. Aracaju,689.8,6.1,503489,20101124,13:16,QUARTA-FEIRA,-30.100792999999999,-51.224783000000002,AV OTTO NIEMEYER,AV VICENTE MONTEGGIA,BOLETIM,0,0,0,0,0,0
P4-S03,Av. Otto Niemeyer -> Estr. Aracaju,1056.1,2.6,503323,20101126,09:20,SEXTA-FEIRA,-30.103624000000000,-51.223140000000001,AV VICENTE MONTEGGIA,,BOLETIM,1,0,0,1,0,0
P4-S02,Av. Fabio Araujo Santos -> Av. Otto Niemeyer,296.5,3.2,503401,20101127,12:00,SABADO,-30.097559159999999,-51.224617000000002,AV VICENTE MONTEGGIA,,BOLETIM,1,0,0,1,0,0
P4-S02,Av. Fabio Araujo Santos -> Av. Otto Niemeyer,342.0,4.0,503658,20101130,13:43,TERCA-FEIRA,-30.097902999999999,-51.224893000000002,AV VICENTE MONTEGGIA,,BOLETIM,1,0,0,1,0,0
P4-S01,Av. da Cavalhada / Av. Nonoai / R. Dr. Campos Velho -> Av. Fabio Araujo Santos,7.6,7.1,504400,20101204,11:20,SABADO,-30.095172949999998,-51.225712999999999,AV VICENTE MONTEGGIA,AV CAVALHADA,BOLETIM,0,0,0,0,0,0
P4-S06,Estr. Joao Vedana -> Estr. Joao Passuelo,1952.2,6.6,504415,20101204,19:20,SABADO,-30.110532200000002,-51.218859000000002,AV VICENTE MONTEGGIA,,BOLETIM,0,0,0,0,0,0
P4-S06,Estr. Joao Vedana -> Estr. Joao Passuelo,1934.0,0.6,504777,20101209,17:00,QUINTA-FEIRA,-30.110429109999998,-51.219022000000002,ESTR JOAO VEDANA,AV VICENTE MONTEGGIA,BOLETIM,0,0,0,0,0,0
P4-S03,Av. Otto Niemeyer -> Estr. Aracaju,689.8,6.1,505166,20101210,12:25,SEXTA-FEIRA,-30.100792999999999,-51.224783000000002,AV OTTO NIEMEYER,AV VICENTE MONTEGGIA,BOLETIM,0,0,0,0,0,0
P4-S01,Av. da Cavalhada / Av. Nonoai / R. Dr. Campos Velho -> Av. Fabio Araujo Santos,5.5,21.2,504951,20101212,07:15,DOMINGO,-30.095066679999999,-51.225630000000002,AV NONOAI,,BOLETIM,0,0,0,0,0,0
P4-S03,Av. Otto Niemeyer -> Estr. Aracaju,689.8,6.1,505087,20101214,07:50,TERCA-FEIRA,-30.100792999999999,-51.224783000000002,AV OTTO NIEMEYER,AV VICENTE MONTEGGIA,BOLETIM,0,0,0,0,0,0
P4-S02,Av. Fabio Araujo Santos -> Av. Otto Niemeyer,611.6,3.5,505493,20101217,11:50,SEXTA-FEIRA,-30.100151000000000,-51.225121000000001,AV VICENTE MONTEGGIA,,BOLETIM,0,0,0,2,0,0
P4-S06,Estr. Joao Vedana -> Estr. Joao Passuelo,2411.9,2.1,505495,20101217,08:30,SEXTA-FEIRA,-30.112487999999999,-51.215108000000001,AV VICENTE MONTEGGIA,,BOLETIM,0,0,0,1,0,0
P4-S02,Av. Fabio Araujo Santos -> Av. Otto Niemeyer,548.4,4.0,505505,20101218,08:00,SABADO,-30.099629000000000,-51.225372999999998,AV VICENTE MONTEGGIA,,BOLETIM,0,0,0,0,0,0
P4-S01,Av. da Cavalhada / Av. Nonoai / R. Dr. Campos Velho -> Av. Fabio Araujo Santos,10.1,26.2,505513,20101219,16:00,DOMINGO,-30.095061999999999,-51.225558999999997,AV NONOAI,,BOLETIM,0,0,0,0,0,0
P4-S03,Av. Otto Niemeyer -> Estr. Aracaju,1064.6,6.7,505542,20101220,17:05,SEGUNDA-FEIRA,-30.103685760000001,-51.223030000000001,AV VICENTE MONTEGGIA,,BOLETIM,0,0,0,0,0,1
P4-S01,Av. da Cavalhada / Av. Nonoai / R. Dr. Campos Velho -> Av. Fabio Araujo Santos,7.6,7.1,506208,20101224,05:00,SEXTA-FEIRA,-30.095172999999999,-51.225712999999999,R DR CAMPOS VELHO,AV CAVALHADA,BOLETIM,0,0,0,0,0,0
P4-S01,Av. da Cavalhada / Av. Nonoai / R. Dr. Campos Velho -> Av. Fabio Araujo Santos,7.6,7.1,506111,20101228,19:00,TERCA-FEIRA,-30.095172949999998,-51.225712999999999,AV VICENTE MONTEGGIA,AV CAVALHADA,BOLETIM,0,0,0,0,0,0
P4-S03,Av. Otto Niemeyer -> Estr. Aracaju,756.3,5.9,506110,20101228,05:20,TERCA-FEIRA,-30.101178080000000,-51.224241999999997,AV VICENTE MONTEGGIA,,BOLETIM,0,0,0,0,0,0
P4-S03,Av. Otto Niemeyer -> Estr. Aracaju,763.9,2.1,506451,20101228,04:20,TERCA-FEIRA,-30.101277000000000,-51.224245000000003,AV VICENTE MONTEGGIA,,BOLETIM,0,0,0,0,0,0
P4-S01,Av. da Cavalhada / Av. Nonoai / R. Dr. Campos Velho -> Av. Fabio Araujo Santos,7.6,7.1,506322,20110103,16:30,SEGUNDA-FEIRA,-30.095172999999999,-51.225712999999999,AV VICENTE MONTEGGIA,AV NONOAI,BOLETIM,0,0,0,0,0,0
P4-S01,Av. da Cavalhada / Av. Nonoai / R. Dr. Campos Velho -> Av. Fabio Araujo Santos,15.7,31.9,506604,20110106,05:30,QUINTA-FEIRA,-30.095071999999998,-51.225459999999998,AV NONOAI,,BOLETIM,0,0,0,0,0,0
P4-S05,Rua Amapa -> Estr. Joao Vedana,1919.4,7.4,506820,20110113,22:00,QUINTA-FEIRA,-30.110289280000000,-51.219056000000002,AV VICENTE MONTEGGIA,,BOLETIM,1,0,0,1,0,0
P4-S01,Av. da Cavalhada / Av. Nonoai / R. Dr. Campos Velho -> Av. Fabio Araujo Santos,7.6,7.1,507045,20110114,19:09,SEXTA-FEIRA,-30.095172949999998,-51.225712999999999,AV VICENTE MONTEGGIA,AV CAVALHADA,BOLETIM,0,0,0,0,0,0
P4-S03,Av. Otto Niemeyer -> Estr. Aracaju,689.8,6.1,508233,20110118,08:15,TERCA-FEIRA,-30.100792999999999,-51.224783000000002,AV OTTO NIEMEYER,AV VICENTE MONTEGGIA,BOLETIM,0,0,0,1,0,0
P4-S05,Rua Amapa -> Estr. Joao Vedana,1489.4,0.7,509361,20110118,23:00,TERCA-FEIRA,-30.107367000000000,-51.221966000000002,AV VICENTE MONTEGGIA,,BOLETIM,0,0,0,0,0,0
P4-S05,Rua Amapa -> Estr. Joao Vedana,1476.9,3.1,531023,20110121,15:30,SEXTA-FEIRA,-30.107299999999999,-51.222088999999997,R AMAPA,AV VICENTE MONTEGGIA,BOLETIM,1,0,0,0,0,0
P4-S07,Estr. Joao Passuelo -> Av. Joao Salomoni / Av. Rodrigues da Fonseca,2799.9,2.7,507296,20110121,15:20,SEXTA-FEIRA,-30.114664000000001,-51.212482999999999,AV VICENTE MONTEGGIA,,BOLETIM,1,0,0,0,0,0
P4-S05,Rua Amapa -> Estr. Joao Vedana,1753.1,2.4,509841,20110122,21:00,SABADO,-30.109073570000000,-51.220059999999997,AV VICENTE MONTEGGIA,,BOLETIM,0,0,0,0,0,0
P4-S03,Av. Otto Niemeyer -> Estr. Aracaju,705.3,5.0,507331,20110123,20:30,DOMINGO,-30.100862880000001,-51.224601999999997,AV VICENTE MONTEGGIA,,BOLETIM,2,0,0,1,0,0
P4-S07,Estr. Joao Passuelo -> Av. Joao Salomoni / Av. Rodrigues da Fonseca,2831.8,3.0,507771,20110126,12:05,QUARTA-FEIRA,-30.114932520000000,-51.212358000000002,AV VICENTE MONTEGGIA,,BOLETIM,0,0,0,0,0,0
P4-S05,Rua Amapa -> Estr. Joao Vedana,1786.4,3.9,507783,20110128,14:30,SEXTA-FEIRA,-30.109361000000000,-51.219935999999997,AV VICENTE MONTEGGIA,,BOLETIM,1,0,0,1,0,0
P4-S05,Rua Amapa -> Estr. Joao Vedana,1898.2,4.7,508227,20110129,16:00,SABADO,-30.110147999999999,-51.219206000000000,AV VICENTE MONTEGGIA,,BOLETIM,0,0,0,1,0,0
P4-S01,Av. da Cavalhada / Av. Nonoai / R. Dr. Campos Velho -> Av. Fabio Araujo Santos,7.6,7.1,508671,20110209,12:00,QUARTA-FEIRA,-30.095172999999999,-51.225712999999999,R DR CAMPOS VELHO,AV NONOAI,BOLETIM,0,0,0,0,0,0
P4-S03,Av. Otto Niemeyer -> Estr. Aracaju,733.3,6.8,509274,20110209,18:30,QUARTA-FEIRA,-30.101112430000001,-51.224505000000001,AV VICENTE MONTEGGIA,,BOLETIM,1,0,0,0,0,0
P4-S02,Av. Fabio Araujo Santos -> Av. Otto Niemeyer,645.7,6.1,508533,20110210,16:00,QUINTA-FEIRA,-30.100397019999999,-51.224930000000001,AV VICENTE MONTEGGIA,,BOLETIM,1,0,0,1,0,0
P4-S05,Rua Amapa -> Estr. Joao Vedana,1722.6,1.7,509013,20110214,14:25,SEGUNDA-FEIRA,-30.108867000000000,-51.220272000000001,AV VICENTE MONTEGGIA,,BOLETIM,0,0,0,0,0,0
P4-S03,Av. Otto Niemeyer -> Estr. Aracaju,1089.7,5.4,508939,20110215,11:45,TERCA-FEIRA,-30.103908120000000,-51.222997999999997,AV VICENTE MONTEGGIA,,BOLETIM,0,0,0,0,0,0
P4-S01,Av. da Cavalhada / Av. Nonoai / R. Dr. Campos Velho -> Av. Fabio Araujo Santos,5.5,21.2,509089,20110216,14:15,QUARTA-FEIRA,-30.095066679999999,-51.225630000000002,AV NONOAI,,BOLETIM,0,0,0,0,0,0
P4-S01,Av. da Cavalhada / Av. Nonoai / R. Dr. Campos Velho -> Av. Fabio Araujo Santos,35.9,9.6,509020,20110217,07:30,QUINTA-FEIRA,-30.095352080000001,-51.225490000000001,AV VICENTE MONTEGGIA,,BOLETIM,1,0,0,1,0,0
P4-S05,Rua Amapa -> Estr. Joao Vedana,1476.9,3.1,509230,20110218,08:30,SEXTA-FEIRA,-30.107299999999999,-51.222088999999997,R AMAPA,AV VICENTE MONTEGGIA,BOLETIM,0,0,0,0,0,0
P4-S03,Av. Otto Niemeyer -> Estr. Aracaju,689.8,6.1,509250,20110219,09:03,SABADO,-30.100792999999999,-51.224783000000002,AV OTTO NIEMEYER,AV VICENTE MONTEGGIA,BOLETIM,0,0,0,0,0,0
P4-S01,Av. da Cavalhada / Av. Nonoai / R. Dr. Campos Velho -> Av. Fabio Araujo Santos,0.0,29.4,509581,20110222,18:10,TERCA-FEIRA,-30.095367000000000,-51.226028999999997,AV CAVALHADA,,BOLETIM,0,0,0,0,0,0
P4-S01,Av. da Cavalhada / Av. Nonoai / R. Dr. Campos Velho -> Av. Fabio Araujo Santos,7.6,7.1,509514,20110223,09:45,QUARTA-FEIRA,-30.095172999999999,-51.225712999999999,AV VICENTE MONTEGGIA,AV NONOAI,BOLETIM,0,0,0,0,0,0
P4-S06,Estr. Joao Vedana -> Estr. Joao Passuelo,2620.3,4.9,509721,20110226,10:15,SABADO,-30.113164000000001,-51.213161999999997,AV VICENTE MONTEGGIA,,BOLETIM,0,0,0,0,0,0
P4-S01,Av. da Cavalhada / Av. Nonoai / R. Dr. Campos Velho -> Av. Fabio Araujo Santos,1.2,4.7,509910,20110301,16:20,TERCA-FEIRA,-30.095149280000001,-51.225779000000003,AV CAVALHADA,,BOLETIM,0,0,0,1,0,0
P4-S02,Av. Fabio Araujo Santos -> Av. Otto Niemeyer,654.1,1.2,510134,20110309,12:10,QUARTA-FEIRA,-30.100486000000000,-51.224915000000003,AV VICENTE MONTEGGIA,,BOLETIM,2,0,0,0,0,0
P4-S05,Rua Amapa -> Estr. Joao Vedana,1889.9,4.8,510787,20110316,07:46,QUARTA-FEIRA,-30.110087000000000,-51.219254999999997,AV VICENTE MONTEGGIA,,BOLETIM,0,0,0,0,0,0
P4-S05,Rua Amapa -> Estr. Joao Vedana,1620.2,2.8,511386,20110319,01:40,SABADO,-30.108225999999998,-51.221037000000003,AV VICENTE MONTEGGIA,,BOLETIM,1,0,0,0,0,0
P4-S03,Av. Otto Niemeyer -> Estr. Aracaju,790.5,0.4,511284,20110325,18:50,SEXTA-FEIRA,-30.101429000000000,-51.224029000000002,AV VICENTE MONTEGGIA,,BOLETIM,1,0,0,0,0,1
P4-S03,Av. Otto Niemeyer -> Estr. Aracaju,756.3,5.9,511306,20110327,11:45,DOMINGO,-30.101178080000000,-51.224241999999997,AV VICENTE MONTEGGIA,,BOLETIM,5,0,0,0,0,0
P4-S01,Av. da Cavalhada / Av. Nonoai / R. Dr. Campos Velho -> Av. Fabio Araujo Santos,7.6,7.1,511702,20110331,19:45,QUINTA-FEIRA,-30.095172949999998,-51.225712999999999,AV VICENTE MONTEGGIA,AV CAVALHADA,BOLETIM,0,0,0,0,0,0
P4-S03,Av. Otto Niemeyer -> Estr. Aracaju,689.8,6.1,511755,20110331,14:10,QUINTA-FEIRA,-30.100792999999999,-51.224783000000002,AV OTTO NIEMEYER,AV VICENTE MONTEGGIA,BOLETIM,0,0,0,0,0,0
P4-S01,Av. da Cavalhada / Av. Nonoai / R. Dr. Campos Velho -> Av. Fabio Araujo Santos,216.0,9.5,511952,20110401,19:07,SEXTA-FEIRA,-30.096819000000000,-51.224626000000001,AV FABIO ARAUJO SANTOS,,BOLETIM,1,0,0,1,0,0
P4-S03,Av. Otto Niemeyer -> Estr. Aracaju,890.4,1.6,511931,20110402,20:20,SABADO,-30.102163999999998,-51.223480000000002,AV VICENTE MONTEGGIA,,BOLETIM,1,0,0,1,0,0
P4-S04,Estr. Aracaju -> Rua Amapa,1243.6,6.2,512024,20110407,08:15,QUINTA-FEIRA,-30.105252680000000,-51.222631999999997,AV VICENTE MONTEGGIA,,BOLETIM,1,0,0,1,0,0
P4-S05,Rua Amapa -> Estr. Joao Vedana,1489.4,0.7,512225,20110407,09:30,QUINTA-FEIRA,-30.107367000000000,-51.221966000000002,AV VICENTE MONTEGGIA,,BOLETIM,0,0,0,1,0,0
P4-S01,Av. da Cavalhada / Av. Nonoai / R. Dr. Campos Velho -> Av. Fabio Araujo Santos,7.6,7.1,512160,20110410,13:43,DOMINGO,-30.095172999999999,-51.225712999999999,R DR CAMPOS VELHO,AV VICENTE MONTEGGIA,BOLETIM,1,0,0,1,0,0
P4-S06,Estr. Joao Vedana -> Estr. Joao Passuelo,1942.9,6.2,512178,20110411,11:00,SEGUNDA-FEIRA,-30.110460650000000,-51.218919000000000,AV VICENTE MONTEGGIA,,BOLETIM,1,0,0,1,0,0
P4-S01,Av. da Cavalhada / Av. Nonoai / R. Dr. Campos Velho -> Av. Fabio Araujo Santos,7.6,7.1,513073,20110414,20:00,QUINTA-FEIRA,-30.095172999999999,-51.225712999999999,AV VICENTE MONTEGGIA,AV NONOAI,BOLETIM,0,0,0,0,0,0
P4-S03,Av. Otto Niemeyer -> Estr. Aracaju,739.1,2.5,512353,20110414,19:20,QUINTA-FEIRA,-30.101089999999999,-51.224392999999999,AV VICENTE MONTEGGIA,,BOLETIM,1,0,0,1,0,0
P4-S01,Av. da Cavalhada / Av. Nonoai / R. Dr. Campos Velho -> Av. Fabio Araujo Santos,149.5,3.3,513095,20110415,10:15,SEXTA-FEIRA,-30.096316999999999,-51.225040999999997,AV VICENTE MONTEGGIA,,BOLETIM,0,0,0,0,0,0
P4-S02,Av. Fabio Araujo Santos -> Av. Otto Niemeyer,354.1,3.8,513098,20110415,15:34,SEXTA-FEIRA,-30.097992000000001,-51.224957000000003,AV VICENTE MONTEGGIA,,BOLETIM,0,0,0,0,0,0
P4-S06,Estr. Joao Vedana -> Estr. Joao Passuelo,2629.1,0.7,512583,20110418,07:40,SEGUNDA-FEIRA,-30.113249000000000,-51.213138000000001,AV VICENTE MONTEGGIA,,BOLETIM,2,0,0,1,0,0
P4-S01,Av. da Cavalhada / Av. Nonoai / R. Dr. Campos Velho -> Av. Fabio Araujo Santos,16.4,30.2,513554,20110427,14:23,QUARTA-FEIRA,-30.095101199999998,-51.225453999999999,AV NONOAI,,BOLETIM,0,0,0,0,0,0
P4-S03,Av. Otto Niemeyer -> Estr. Aracaju,1089.7,5.4,513641,20110429,22:37,SEXTA-FEIRA,-30.103908120000000,-51.222997999999997,AV VICENTE MONTEGGIA,,BOLETIM,1,0,0,1,0,0
P4-S05,Rua Amapa -> Estr. Joao Vedana,1753.1,2.4,513806,20110503,07:10,TERCA-FEIRA,-30.109073570000000,-51.220059999999997,AV VICENTE MONTEGGIA,,BOLETIM,1,0,0,1,0,0
P4-S01,Av. da Cavalhada / Av. Nonoai / R. Dr. Campos Velho -> Av. Fabio Araujo Santos,238.8,0.5,513861,20110504,18:50,QUARTA-FEIRA,-30.097041510000000,-51.224643999999998,AV VICENTE MONTEGGIA,,BOLETIM,1,0,0,1,0,0
P4-S03,Av. Otto Niemeyer -> Estr. Aracaju,689.8,6.1,514043,20110504,13:20,QUARTA-FEIRA,-30.100792999999999,-51.224783000000002,AV OTTO NIEMEYER,AV VICENTE MONTEGGIA,BOLETIM,0,0,0,0,0,0
P4-S01,Av. da Cavalhada / Av. Nonoai / R. Dr. Campos Velho -> Av. Fabio Araujo Santos,5.5,21.2,513981,20110505,09:40,QUINTA-FEIRA,-30.095066679999999,-51.225630000000002,AV NONOAI,,BOLETIM,1,0,0,0,0,1
P4-S02,Av. Fabio Araujo Santos -> Av. Otto Niemeyer,516.3,4.3,514190,20110507,09:30,SABADO,-30.099332109999999,-51.225333999999997,AV VICENTE MONTEGGIA,,BOLETIM,0,0,0,0,0,0
P4-S03,Av. Otto Niemeyer -> Estr. Aracaju,999.0,6.2,514477,20110512,19:10,QUINTA-FEIRA,-30.103105530000001,-51.223170000000003,AV VICENTE MONTEGGIA,,BOLETIM,2,0,0,1,0,0
P4-S01,Av. da Cavalhada / Av. Nonoai / R. Dr. Campos Velho -> Av. Fabio Araujo Santos,7.6,7.1,514729,20110514,12:30,SABADO,-30.095172999999999,-51.225712999999999,R DR CAMPOS VELHO,AV CAVALHADA,BOLETIM,0,0,0,0,0,0
P4-S05,Rua Amapa -> Estr. Joao Vedana,1919.4,7.4,515769,20110515,19:30,DOMINGO,-30.110289280000000,-51.219056000000002,AV VICENTE MONTEGGIA,,BOLETIM,4,0,0,0,0,0
P4-S03,Av. Otto Niemeyer -> Estr. Aracaju,705.3,5.0,515001,20110519,17:00,QUINTA-FEIRA,-30.100862880000001,-51.224601999999997,AV VICENTE MONTEGGIA,,BOLETIM,1,0,0,1,0,0
P4-S03,Av. Otto Niemeyer -> Estr. Aracaju,689.8,6.1,515351,20110524,08:45,TERCA-FEIRA,-30.100792999999999,-51.224783000000002,AV OTTO NIEMEYER,AV VICENTE MONTEGGIA,BOLETIM,0,0,0,0,0,0
P4-S01,Av. da Cavalhada / Av. Nonoai / R. Dr. Campos Velho -> Av. Fabio Araujo Santos,3.3,13.7,515864,20110527,00:25,SEXTA-FEIRA,-30.095102950000001,-51.225700000000003,AV NONOAI,,BOLETIM,0,0,0,0,0,0
P4-S07,Estr. Joao Passuelo -> Av. Joao Salomoni / Av. Rodrigues da Fonseca,2723.6,4.9,515713,20110529,12:45,DOMINGO,-30.113992509999999,-51.212662999999999,AV VICENTE MONTEGGIA,,BOLETIM,1,0,0,0,1,0
P4-S03,Av. Otto Niemeyer -> Estr. Aracaju,1067.4,5.5,516073,20110603,09:10,SEXTA-FEIRA,-30.103728860000000,-51.223149999999997,AV VICENTE MONTEGGIA,,BOLETIM,0,0,0,0,0,0
P4-S02,Av. Fabio Araujo Santos -> Av. Otto Niemeyer,296.5,3.2,516205,20110606,14:00,SEGUNDA-FEIRA,-30.097559159999999,-51.224617000000002,AV VICENTE MONTEGGIA,,BOLETIM,1,0,0,1,0,0
P4-S04,Estr. Aracaju -> Rua Amapa,1243.6,6.2,516203,20110606,14:00,SEGUNDA-FEIRA,-30.105252680000000,-51.222631999999997,AV VICENTE MONTEGGIA,,BOLETIM,1,0,0,1,0,0
P4-S03,Av. Otto Niemeyer -> Estr. Aracaju,1056.1,2.6,516606,20110611,18:55,SABADO,-30.103624000000000,-51.223140000000001,AV VICENTE MONTEGGIA,,BOLETIM,1,0,0,1,0,0
P4-S01,Av. da Cavalhada / Av. Nonoai / R. Dr. Campos Velho -> Av. Fabio Araujo Santos,7.6,7.1,517137,20110617,07:40,SEXTA-FEIRA,-30.095172949999998,-51.225712999999999,AV VICENTE MONTEGGIA,AV CAVALHADA,BOLETIM,0,0,0,0,0,0
P4-S01,Av. da Cavalhada / Av. Nonoai / R. Dr. Campos Velho -> Av. Fabio Araujo Santos,126.1,3.7,517102,20110617,17:30,SEXTA-FEIRA,-30.096128000000000,-51.225147999999997,AV VICENTE MONTEGGIA,,BOLETIM,0,0,0,1,0,0
P4-S05,Rua Amapa -> Estr. Joao Vedana,1919.4,7.4,517153,20110618,14:40,SABADO,-30.110289280000000,-51.219056000000002,AV VICENTE MONTEGGIA,,BOLETIM,1,0,0,1,0,0
P4-S01,Av. da Cavalhada / Av. Nonoai / R. Dr. Campos Velho -> Av. Fabio Araujo Santos,7.6,7.1,517297,20110620,06:00,SEGUNDA-FEIRA,-30.095172999999999,-51.225712999999999,R DR CAMPOS VELHO,AV CAVALHADA,BOLETIM,0,0,0,0,0,0
P4-S04,Estr. Aracaju -> Rua Amapa,1395.3,8.9,517503,20110622,14:50,QUARTA-FEIRA,-30.106607589999999,-51.222391000000002,AV VICENTE MONTEGGIA,,BOLETIM,0,0,0,0,0,0
P4-S05,Rua Amapa -> Estr. Joao Vedana,1707.8,3.2,517642,20110626,17:20,DOMINGO,-30.108794000000000,-51.220410000000001,AV VICENTE MONTEGGIA,,BOLETIM,1,0,0,0,0,0
P4-S01,Av. da Cavalhada / Av. Nonoai / R. Dr. Campos Velho -> Av. Fabio Araujo Santos,1.2,4.7,517804,20110629,19:00,QUARTA-FEIRA,-30.095149280000001,-51.225779000000003,AV CAVALHADA,,BOLETIM,0,0,0,0,0,0
P4-S01,Av. da Cavalhada / Av. Nonoai / R. Dr. Campos Velho -> Av. Fabio Araujo Santos,238.8,0.5,517817,20110630,08:26,QUINTA-FEIRA,-30.097041510000000,-51.224643999999998,AV VICENTE MONTEGGIA,,BOLETIM,0,0,0,0,0,0
P4-S05,Rua Amapa -> Estr. Joao Vedana,1476.9,3.1,517909,20110701,13:30,SEXTA-FEIRA,-30.107299999999999,-51.222088999999997,R AMAPA,AV VICENTE MONTEGGIA,BOLETIM,0,0,0,0,0,0
P4-S03,Av. Otto Niemeyer -> Estr. Aracaju,689.8,6.1,518302,20110706,07:40,QUARTA-FEIRA,-30.100792999999999,-51.224783000000002,AV OTTO NIEMEYER,AV VICENTE MONTEGGIA,BOLETIM,0,0,0,0,0,0
P4-S01,Av. da Cavalhada / Av. Nonoai / R. Dr. Campos Velho -> Av. Fabio Araujo Santos,7.6,7.1,518714,20110714,00:50,QUINTA-FEIRA,-30.095172999999999,-51.225712999999999,R DR CAMPOS VELHO,AV CAVALHADA,BOLETIM,0,0,0,0,0,0
P4-S05,Rua Amapa -> Estr. Joao Vedana,1919.4,7.4,519287,20110722,17:45,SEXTA-FEIRA,-30.110289280000000,-51.219056000000002,AV VICENTE MONTEGGIA,,BOLETIM,1,0,0,0,0,0
P4-S03,Av. Otto Niemeyer -> Estr. Aracaju,1056.1,2.6,519471,20110726,19:15,TERCA-FEIRA,-30.103624000000000,-51.223140000000001,AV VICENTE MONTEGGIA,,BOLETIM,1,0,0,1,0,0
P4-S01,Av. da Cavalhada / Av. Nonoai / R. Dr. Campos Velho -> Av. Fabio Araujo Santos,7.6,7.1,520100,20110729,03:50,SEXTA-FEIRA,-30.095172999999999,-51.225712999999999,R DR CAMPOS VELHO,AV NONOAI,BOLETIM,0,0,0,0,0,0
P4-S06,Estr. Joao Vedana -> Estr. Joao Passuelo,2268.4,3.1,519977,20110803,08:40,QUARTA-FEIRA,-30.112521999999998,-51.216600999999997,AV VICENTE MONTEGGIA,,BOLETIM,1,0,0,1,0,0
P4-S01,Av. da Cavalhada / Av. Nonoai / R. Dr. Campos Velho -> Av. Fabio Araujo Santos,238.8,0.5,520257,20110807,02:14,DOMINGO,-30.097041510000000,-51.224643999999998,AV VICENTE MONTEGGIA,,BOLETIM,1,0,0,0,0,0
P4-S03,Av. Otto Niemeyer -> Estr. Aracaju,689.8,6.1,520550,20110807,06:05,DOMINGO,-30.100792999999999,-51.224783000000002,AV OTTO NIEMEYER,AV VICENTE MONTEGGIA,BOLETIM,0,0,0,0,0,0
P4-S03,Av. Otto Niemeyer -> Estr. Aracaju,1067.4,5.5,520648,20110810,16:00,QUARTA-FEIRA,-30.103728860000000,-51.223149999999997,AV VICENTE MONTEGGIA,,BOLETIM,0,0,0,0,0,0
P4-S01,Av. da Cavalhada / Av. Nonoai / R. Dr. Campos Velho -> Av. Fabio Araujo Santos,7.6,7.1,521201,20110817,21:30,QUARTA-FEIRA,-30.095172999999999,-51.225712999999999,R DR CAMPOS VELHO,AV CAVALHADA,BOLETIM,0,0,0,0,0,0
P4-S01,Av. da Cavalhada / Av. Nonoai / R. Dr. Campos Velho -> Av. Fabio Araujo Santos,67.4,4.7,521756,20110825,12:15,QUINTA-FEIRA,-30.095654000000000,-51.225416000000003,AV VICENTE MONTEGGIA,,BOLETIM,0,0,0,0,0,0
P4-S02,Av. Fabio Araujo Santos -> Av. Otto Niemeyer,312.1,4.5,521844,20110827,04:35,SABADO,-30.097662000000000,-51.224755999999999,AV VICENTE MONTEGGIA,,BOLETIM,1,0,0,0,0,0
P4-S04,Estr. Aracaju -> Rua Amapa,1243.6,6.2,522259,20110901,07:15,QUINTA-FEIRA,-30.105252680000000,-51.222631999999997,AV VICENTE MONTEGGIA,,BOLETIM,0,0,0,0,0,0
P4-S03,Av. Otto Niemeyer -> Estr. Aracaju,1024.8,5.2,522372,20110905,11:50,SEGUNDA-FEIRA,-30.103334810000000,-51.223125000000003,AV VICENTE MONTEGGIA,,BOLETIM,1,0,0,0,0,0
P4-S01,Av. da Cavalhada / Av. Nonoai / R. Dr. Campos Velho -> Av. Fabio Araujo Santos,0.0,9.5,523291,20110915,14:15,QUINTA-FEIRA,-30.095102000000001,-51.225766999999998,R DR CAMPOS VELHO,,BOLETIM,0,0,0,0,0,0
P4-S03,Av. Otto Niemeyer -> Estr. Aracaju,1024.8,5.2,523183,20110915,18:00,QUINTA-FEIRA,-30.103334810000000,-51.223125000000003,AV VICENTE MONTEGGIA,,BOLETIM,2,0,0,2,0,0
P4-S01,Av. da Cavalhada / Av. Nonoai / R. Dr. Campos Velho -> Av. Fabio Araujo Santos,7.6,7.1,523377,20110917,08:00,SABADO,-30.095172999999999,-51.225712999999999,R DR CAMPOS VELHO,AV NONOAI,BOLETIM,0,0,0,0,0,1
P4-S03,Av. Otto Niemeyer -> Estr. Aracaju,998.3,1.6,523552,20110919,15:40,SEGUNDA-FEIRA,-30.103107999999999,-51.223218000000003,AV VICENTE MONTEGGIA,,BOLETIM,0,0,0,0,0,0
P4-S05,Rua Amapa -> Estr. Joao Vedana,1919.4,7.4,523478,20110919,20:30,SEGUNDA-FEIRA,-30.110289280000000,-51.219056000000002,AV VICENTE MONTEGGIA,,BOLETIM,1,0,0,0,0,0
P4-S02,Av. Fabio Araujo Santos -> Av. Otto Niemeyer,498.9,4.8,523569,20110921,08:25,QUARTA-FEIRA,-30.099188999999999,-51.225453000000002,AV VICENTE MONTEGGIA,,BOLETIM,2,0,0,1,0,0
P4-S01,Av. da Cavalhada / Av. Nonoai / R. Dr. Campos Velho -> Av. Fabio Araujo Santos,126.1,3.7,524268,20110930,16:45,SEXTA-FEIRA,-30.096128000000000,-51.225147999999997,AV VICENTE MONTEGGIA,,BOLETIM,0,0,0,0,0,0
P4-S01,Av. da Cavalhada / Av. Nonoai / R. Dr. Campos Velho -> Av. Fabio Araujo Santos,8.9,41.8,524710,20111008,12:00,SABADO,-30.094951540000000,-51.225459000000001,AV NONOAI,,BOLETIM,0,0,0,0,0,0
P4-S03,Av. Otto Niemeyer -> Estr. Aracaju,689.8,6.1,524882,20111010,19:20,SEGUNDA-FEIRA,-30.100792999999999,-51.224783000000002,AV OTTO NIEMEYER,AV VICENTE MONTEGGIA,BOLETIM,0,0,0,0,0,0
P4-S01,Av. da Cavalhada / Av. Nonoai / R. Dr. Campos Velho -> Av. Fabio Araujo Santos,16.4,30.2,525034,20111012,15:15,QUARTA-FEIRA,-30.095101199999998,-51.225453999999999,AV NONOAI,,BOLETIM,1,0,0,1,0,0
P4-S03,Av. Otto Niemeyer -> Estr. Aracaju,900.7,1.3,525319,20111017,18:30,SEGUNDA-FEIRA,-30.102253999999999,-51.223455000000001,AV VICENTE MONTEGGIA,,BOLETIM,2,0,0,1,0,0
P4-S05,Rua Amapa -> Estr. Joao Vedana,1919.4,7.4,525379,20111019,08:20,QUARTA-FEIRA,-30.110289280000000,-51.219056000000002,AV VICENTE MONTEGGIA,,BOLETIM,1,0,0,1,0,0
P4-S01,Av. da Cavalhada / Av. Nonoai / R. Dr. Campos Velho -> Av. Fabio Araujo Santos,7.6,7.1,525636,20111020,21:15,QUINTA-FEIRA,-30.095172949999998,-51.225712999999999,AV VICENTE MONTEGGIA,AV CAVALHADA,BOLETIM,0,0,0,1,0,0
P4-S03,Av. Otto Niemeyer -> Estr. Aracaju,689.8,6.1,526100,20111026,08:50,QUARTA-FEIRA,-30.100792999999999,-51.224783000000002,AV OTTO NIEMEYER,AV VICENTE MONTEGGIA,BOLETIM,0,0,0,0,0,0
P4-S01,Av. da Cavalhada / Av. Nonoai / R. Dr. Campos Velho -> Av. Fabio Araujo Santos,1.2,4.7,526183,20111027,18:05,QUINTA-FEIRA,-30.095149280000001,-51.225779000000003,AV CAVALHADA,,BOLETIM,0,0,0,0,0,0
P4-S03,Av. Otto Niemeyer -> Estr. Aracaju,1064.6,6.7,526102,20111028,13:00,SEXTA-FEIRA,-30.103685760000001,-51.223030000000001,AV VICENTE MONTEGGIA,,BOLETIM,0,0,0,0,0,0
P4-S05,Rua Amapa -> Estr. Joao Vedana,1567.0,2.0,526112,20111028,16:06,SEXTA-FEIRA,-30.107856999999999,-51.221392000000002,AV VICENTE MONTEGGIA,,BOLETIM,0,0,0,1,0,0
P4-S06,Estr. Joao Vedana -> Estr. Joao Passuelo,2063.6,1.3,526133,20111029,11:15,SABADO,-30.111369000000000,-51.218229000000001,AV VICENTE MONTEGGIA,,BOLETIM,0,0,0,0,0,0
P4-S01,Av. da Cavalhada / Av. Nonoai / R. Dr. Campos Velho -> Av. Fabio Araujo Santos,7.6,7.1,526320,20111031,17:55,SEGUNDA-FEIRA,-30.095172999999999,-51.225712999999999,R DR CAMPOS VELHO,AV CAVALHADA,BOLETIM,0,0,0,0,0,0
P4-S01,Av. da Cavalhada / Av. Nonoai / R. Dr. Campos Velho -> Av. Fabio Araujo Santos,7.6,7.1,526720,20111103,21:55,QUINTA-FEIRA,-30.095172999999999,-51.225712999999999,R DR CAMPOS VELHO,AV CAVALHADA,BOLETIM,0,0,0,0,0,0
P4-S01,Av. da Cavalhada / Av. Nonoai / R. Dr. Campos Velho -> Av. Fabio Araujo Santos,5.5,21.2,527364,20111114,14:50,SEGUNDA-FEIRA,-30.095066679999999,-51.225630000000002,AV NONOAI,,BOLETIM,1,0,0,1,0,0
P4-S05,Rua Amapa -> Estr. Joao Vedana,1919.4,7.4,527422,20111116,12:15,QUARTA-FEIRA,-30.110289280000000,-51.219056000000002,AV VICENTE MONTEGGIA,,BOLETIM,0,0,0,0,0,0
P4-S01,Av. da Cavalhada / Av. Nonoai / R. Dr. Campos Velho -> Av. Fabio Araujo Santos,17.4,39.3,527599,20111118,17:56,SEXTA-FEIRA,-30.095056039999999,-51.225375000000000,AV NONOAI,,BOLETIM,0,0,0,0,0,0
P4-S06,Estr. Joao Vedana -> Estr. Joao Passuelo,2436.0,2.6,527540,20111118,11:50,SEXTA-FEIRA,-30.112494000000002,-51.214857000000002,AV VICENTE MONTEGGIA,,BOLETIM,1,0,0,1,0,0
P4-S01,Av. da Cavalhada / Av. Nonoai / R. Dr. Campos Velho -> Av. Fabio Araujo Santos,7.6,7.1,527873,20111120,20:26,DOMINGO,-30.095172999999999,-51.225712999999999,R DR CAMPOS VELHO,AV NONOAI,BOLETIM,0,0,0,0,0,1
P4-S03,Av. Otto Niemeyer -> Estr. Aracaju,935.7,0.2,527651,20111121,18:00,SEGUNDA-FEIRA,-30.102560000000000,-51.223368999999998,AV VICENTE MONTEGGIA,,BOLETIM,1,0,0,1,0,0
P4-S01,Av. da Cavalhada / Av. Nonoai / R. Dr. Campos Velho -> Av. Fabio Araujo Santos,7.6,7.1,527890,20111123,18:15,QUARTA-FEIRA,-30.095172999999999,-51.225712999999999,R DR CAMPOS VELHO,AV NONOAI,BOLETIM,0,0,0,0,0,0
P4-S02,Av. Fabio Araujo Santos -> Av. Otto Niemeyer,354.1,3.8,531724,20111128,09:30,SEGUNDA-FEIRA,-30.097992000000001,-51.224957000000003,AV VICENTE MONTEGGIA,,BOLETIM,1,0,0,1,0,0
P4-S01,Av. da Cavalhada / Av. Nonoai / R. Dr. Campos Velho -> Av. Fabio Araujo Santos,7.6,7.1,528425,20111130,13:30,QUARTA-FEIRA,-30.095172999999999,-51.225712999999999,R DR CAMPOS VELHO,AV CAVALHADA,BOLETIM,0,0,0,0,0,0
P4-S02,Av. Fabio Araujo Santos -> Av. Otto Niemeyer,354.1,3.8,528429,20111130,16:20,QUARTA-FEIRA,-30.097992000000001,-51.224957000000003,AV VICENTE MONTEGGIA,,BOLETIM,0,0,0,0,0,0
P4-S07,Estr. Joao Passuelo -> Av. Joao Salomoni / Av. Rodrigues da Fonseca,2895.4,4.6,528440,20111130,01:30,QUARTA-FEIRA,-30.115501999999999,-51.212471000000001,ESTR JOAO SALOMONI,AV VICENTE MONTEGGIA,BOLETIM,0,0,0,0,0,0
P4-S07,Estr. Joao Passuelo -> Av. Joao Salomoni / Av. Rodrigues da Fonseca,2897.6,13.9,528432,20111130,14:25,QUARTA-FEIRA,-30.115548000000000,-51.212387000000000,AV RODRIGUES DA FONSECA,,BOLETIM,0,0,0,0,0,0
P4-S06,Estr. Joao Vedana -> Estr. Joao Passuelo,2328.6,7.0,528494,20111201,09:00,QUINTA-FEIRA,-30.112408299999998,-51.215980000000002,AV VICENTE MONTEGGIA,,BOLETIM,1,0,0,1,0,0
P4-S01,Av. da Cavalhada / Av. Nonoai / R. Dr. Campos Velho -> Av. Fabio Araujo Santos,51.1,10.4,529079,20111208,13:30,QUINTA-FEIRA,-30.095460920000001,-51.225383999999998,AV VICENTE MONTEGGIA,,BOLETIM,0,0,0,0,0,0
P4-S03,Av. Otto Niemeyer -> Estr. Aracaju,1028.9,3.5,529250,20111209,09:35,SEXTA-FEIRA,-30.103387000000001,-51.223205000000000,AV VICENTE MONTEGGIA,,BOLETIM,0,0,0,0,0,0
P4-S01,Av. da Cavalhada / Av. Nonoai / R. Dr. Campos Velho -> Av. Fabio Araujo Santos,1.2,4.7,529107,20111210,13:25,SABADO,-30.095149280000001,-51.225779000000003,AV CAVALHADA,,BOLETIM,1,0,0,1,0,0
P4-S02,Av. Fabio Araujo Santos -> Av. Otto Niemeyer,477.4,1.6,529169,20111211,16:16,DOMINGO,-30.098989000000000,-51.225417999999998,AV VICENTE MONTEGGIA,,BOLETIM,0,0,0,0,0,0
P4-S01,Av. da Cavalhada / Av. Nonoai / R. Dr. Campos Velho -> Av. Fabio Araujo Santos,22.4,54.4,529318,20111212,18:45,SEGUNDA-FEIRA,-30.094997960000001,-51.225225999999999,AV NONOAI,,BOLETIM,0,0,0,0,0,0
P4-S05,Rua Amapa -> Estr. Joao Vedana,1809.6,0.7,529726,20111214,09:40,QUARTA-FEIRA,-30.109517830000001,-51.219769999999997,AV VICENTE MONTEGGIA,R JORGE NAPOLEAO SILVA SOUZA,BOLETIM,0,0,0,0,0,0
P4-S01,Av. da Cavalhada / Av. Nonoai / R. Dr. Campos Velho -> Av. Fabio Araujo Santos,124.9,6.8,529434,20111215,01:40,QUINTA-FEIRA,-30.096130190000000,-51.225181999999997,AV VICENTE MONTEGGIA,,BOLETIM,1,0,0,1,0,0
P4-S06,Estr. Joao Vedana -> Estr. Joao Passuelo,2326.5,2.0,529550,20111215,14:50,QUINTA-FEIRA,-30.112490999999999,-51.215992999999997,AV VICENTE MONTEGGIA,,BOLETIM,0,0,0,0,0,0
P4-S01,Av. da Cavalhada / Av. Nonoai / R. Dr. Campos Velho -> Av. Fabio Araujo Santos,7.6,7.1,529648,20111216,14:55,SEXTA-FEIRA,-30.095172999999999,-51.225712999999999,AV NONOAI,R DR CAMPOS VELHO,BOLETIM,0,0,0,0,0,0
P4-S06,Estr. Joao Vedana -> Estr. Joao Passuelo,1979.9,4.8,529806,20111216,15:40,SEXTA-FEIRA,-30.110748999999998,-51.218715000000003,AV VICENTE MONTEGGIA,,BOLETIM,1,0,0,0,1,1
P4-S06,Estr. Joao Vedana -> Estr. Joao Passuelo,1937.0,6.5,530145,20111224,16:15,SABADO,-30.110417720000001,-51.218955000000001,AV VICENTE MONTEGGIA,,BOLETIM,4,0,0,0,0,0
P4-S07,Estr. Joao Passuelo -> Av. Joao Salomoni / Av. Rodrigues da Fonseca,2790.5,2.9,530304,20111224,12:05,SABADO,-30.114585000000002,-51.212516000000001,AV VICENTE MONTEGGIA,,BOLETIM,0,0,0,0,0,0
P4-S07,Estr. Joao Passuelo -> Av. Joao Salomoni / Av. Rodrigues da Fonseca,2895.4,4.6,546487,20111228,18:00,QUARTA-FEIRA,-30.115501999999999,-51.212471000000001,ESTR JOAO SALOMONI,AV VICENTE MONTEGGIA,BOLETIM,1,0,0,1,0,0
P4-S01,Av. da Cavalhada / Av. Nonoai / R. Dr. Campos Velho -> Av. Fabio Araujo Santos,7.6,7.1,530694,20111230,07:50,SEXTA-FEIRA,-30.095172999999999,-51.225712999999999,R DR CAMPOS VELHO,AV CAVALHADA,BOLETIM,0,0,0,0,0,0
P4-S07,Estr. Joao Passuelo -> Av. Joao Salomoni / Av. Rodrigues da Fonseca,2850.9,3.2,531003,20120108,00:50,DOMINGO,-30.115105000000000,-51.212421999999997,AV VICENTE MONTEGGIA,,BOLETIM,0,0,0,0,0,0
P4-S05,Rua Amapa -> Estr. Joao Vedana,1476.9,3.1,531025,20120109,13:35,SEGUNDA-FEIRA,-30.107299999999999,-51.222088999999997,R AMAPA,AV VICENTE MONTEGGIA,BOLETIM,2,0,0,1,0,0
P4-S01,Av. da Cavalhada / Av. Nonoai / R. Dr. Campos Velho -> Av. Fabio Araujo Santos,7.6,7.1,531200,20120111,06:45,QUARTA-FEIRA,-30.095172999999999,-51.225712999999999,AV NONOAI,AV VICENTE MONTEGGIA,BOLETIM,0,0,0,0,0,0
P4-S07,Estr. Joao Passuelo -> Av. Joao Salomoni / Av. Rodrigues da Fonseca,2790.5,2.9,531286,20120113,19:00,SEXTA-FEIRA,-30.114585000000002,-51.212516000000001,AV VICENTE MONTEGGIA,,BOLETIM,0,0,0,0,0,0
P4-S01,Av. da Cavalhada / Av. Nonoai / R. Dr. Campos Velho -> Av. Fabio Araujo Santos,22.4,54.4,531747,20120119,16:40,QUINTA-FEIRA,-30.094997960000001,-51.225225999999999,AV NONOAI,,BOLETIM,0,0,0,1,0,0
P4-S03,Av. Otto Niemeyer -> Estr. Aracaju,1093.8,10.2,531892,20120120,11:20,SEXTA-FEIRA,-30.103934700000000,-51.222940999999999,AV VICENTE MONTEGGIA,,BOLETIM,0,0,0,0,0,0
P4-S01,Av. da Cavalhada / Av. Nonoai / R. Dr. Campos Velho -> Av. Fabio Araujo Santos,7.6,7.1,531900,20120122,12:00,DOMINGO,-30.095172999999999,-51.225712999999999,R DR CAMPOS VELHO,AV CAVALHADA,BOLETIM,0,0,0,0,0,0
P4-S01,Av. da Cavalhada / Av. Nonoai / R. Dr. Campos Velho -> Av. Fabio Araujo Santos,7.6,7.1,532191,20120129,19:00,DOMINGO,-30.095172999999999,-51.225712999999999,AV CAVALHADA,R DR CAMPOS VELHO,BOLETIM,0,0,0,1,0,0
P4-S06,Estr. Joao Vedana -> Estr. Joao Passuelo,2642.4,6.5,532525,20120202,16:00,QUINTA-FEIRA,-30.113307370000001,-51.213003000000000,AV VICENTE MONTEGGIA,ESTR JOAO PASSUELO,BOLETIM,1,0,0,1,0,0
P4-S01,Av. da Cavalhada / Av. Nonoai / R. Dr. Campos Velho -> Av. Fabio Araujo Santos,7.6,7.1,532404,20120203,20:50,SEXTA-FEIRA,-30.095172999999999,-51.225712999999999,R DR CAMPOS VELHO,AV NONOAI,BOLETIM,1,0,0,1,0,0
P4-S01,Av. da Cavalhada / Av. Nonoai / R. Dr. Campos Velho -> Av. Fabio Araujo Santos,0.0,48.9,533147,20120214,15:50,TERCA-FEIRA,-30.094957000000001,-51.226264000000000,R DR CAMPOS VELHO,,BOLETIM,0,0,0,0,0,1
P4-S06,Estr. Joao Vedana -> Estr. Joao Passuelo,1937.0,6.5,533283,20120218,21:25,SABADO,-30.110417720000001,-51.218955000000001,AV VICENTE MONTEGGIA,,BOLETIM,1,1,0,1,0,0
P4-S07,Estr. Joao Passuelo -> Av. Joao Salomoni / Av. Rodrigues da Fonseca,2893.5,4.7,533270,20120218,16:00,SABADO,-30.115458000000000,-51.212555999999999,ESTR JOAO SALOMONI,,BOLETIM,2,0,0,1,0,0
P4-S01,Av. da Cavalhada / Av. Nonoai / R. Dr. Campos Velho -> Av. Fabio Araujo Santos,7.6,7.1,533750,20120228,17:55,TERCA-FEIRA,-30.095172999999999,-51.225712999999999,AV CAVALHADA,R DR CAMPOS VELHO,BOLETIM,0,0,0,0,0,0
P4-S02,Av. Fabio Araujo Santos -> Av. Otto Niemeyer,447.3,3.4,533827,20120229,08:40,QUARTA-FEIRA,-30.098718999999999,-51.225462000000000,AV VICENTE MONTEGGIA,,BOLETIM,0,0,0,0,0,0
P4-S01,Av. da Cavalhada / Av. Nonoai / R. Dr. Campos Velho -> Av. Fabio Araujo Santos,7.6,7.1,533922,20120302,16:12,SEXTA-FEIRA,-30.095172999999999,-51.225712999999999,AV NONOAI,R DR CAMPOS VELHO,BOLETIM,0,0,0,0,0,0
P4-S07,Estr. Joao Passuelo -> Av. Joao Salomoni / Av. Rodrigues da Fonseca,2899.6,7.2,534328,20120308,09:40,QUINTA-FEIRA,-30.115503000000000,-51.212601999999997,ESTR JOAO SALOMONI,,BOLETIM,0,0,0,0,0,0
P4-S05,Rua Amapa -> Estr. Joao Vedana,1581.7,6.9,535747,20120328,14:40,QUARTA-FEIRA,-30.108006719999999,-51.221350000000001,AV VICENTE MONTEGGIA,,BOLETIM,0,0,0,0,0,0
P4-S03,Av. Otto Niemeyer -> Estr. Aracaju,689.8,6.1,535820,20120329,14:33,QUINTA-FEIRA,-30.100792999999999,-51.224783000000002,AV OTTO NIEMEYER,AV VICENTE MONTEGGIA,BOLETIM,0,0,0,0,0,0
P4-S02,Av. Fabio Araujo Santos -> Av. Otto Niemeyer,296.5,3.2,535848,20120331,01:10,SABADO,-30.097559159999999,-51.224617000000002,AV VICENTE MONTEGGIA,,BOLETIM,3,0,0,0,0,0
P4-S03,Av. Otto Niemeyer -> Estr. Aracaju,1169.2,4.8,535849,20120331,16:15,SABADO,-30.104609000000000,-51.222835000000003,AV VICENTE MONTEGGIA,,BOLETIM,1,0,0,1,0,0
P4-S01,Av. da Cavalhada / Av. Nonoai / R. Dr. Campos Velho -> Av. Fabio Araujo Santos,0.0,48.9,537706,20120401,17:00,DOMINGO,-30.094957000000001,-51.226264000000000,R DR CAMPOS VELHO,,BOLETIM,1,0,0,0,0,0
P4-S06,Estr. Joao Vedana -> Estr. Joao Passuelo,2062.7,4.7,535880,20120402,07:30,SEGUNDA-FEIRA,-30.111325000000001,-51.218192000000002,AV VICENTE MONTEGGIA,,BOLETIM,0,0,0,1,0,0
P4-S04,Estr. Aracaju -> Rua Amapa,1447.6,6.9,536185,20120407,18:10,SABADO,-30.107058450000000,-51.222237999999997,AV VICENTE MONTEGGIA,,BOLETIM,1,0,0,1,0,0
P4-S01,Av. da Cavalhada / Av. Nonoai / R. Dr. Campos Velho -> Av. Fabio Araujo Santos,7.6,7.1,536947,20120412,15:00,QUINTA-FEIRA,-30.095172999999999,-51.225712999999999,R DR CAMPOS VELHO,AV CAVALHADA,BOLETIM,0,0,0,1,0,0
P4-S06,Estr. Joao Vedana -> Estr. Joao Passuelo,1934.0,0.6,536728,20120412,14:10,QUINTA-FEIRA,-30.110429109999998,-51.219022000000002,AV VICENTE MONTEGGIA,ESTR JOAO VEDANA,BOLETIM,0,0,0,0,0,0
P4-S01,Av. da Cavalhada / Av. Nonoai / R. Dr. Campos Velho -> Av. Fabio Araujo Santos,0.0,48.9,537011,20120417,11:30,TERCA-FEIRA,-30.094957000000001,-51.226264000000000,R DR CAMPOS VELHO,,BOLETIM,0,0,0,0,0,0
P4-S03,Av. Otto Niemeyer -> Estr. Aracaju,1111.9,3.1,537304,20120419,08:00,QUINTA-FEIRA,-30.104106999999999,-51.222974000000001,AV VICENTE MONTEGGIA,,BOLETIM,0,0,0,0,0,0
P4-S01,Av. da Cavalhada / Av. Nonoai / R. Dr. Campos Velho -> Av. Fabio Araujo Santos,7.6,7.1,537462,20120423,18:20,SEGUNDA-FEIRA,-30.095172999999999,-51.225712999999999,AV VICENTE MONTEGGIA,AV NONOAI,BOLETIM,0,0,0,0,0,0
P4-S04,Estr. Aracaju -> Rua Amapa,1243.6,6.2,537588,20120425,22:15,QUARTA-FEIRA,-30.105252680000000,-51.222631999999997,AV VICENTE MONTEGGIA,,BOLETIM,0,0,0,0,0,0
P4-S05,Rua Amapa -> Estr. Joao Vedana,1898.2,4.7,537543,20120425,12:55,QUARTA-FEIRA,-30.110147999999999,-51.219206000000000,AV VICENTE MONTEGGIA,,BOLETIM,1,0,0,1,0,0
P4-S02,Av. Fabio Araujo Santos -> Av. Otto Niemeyer,312.3,1.6,537808,20120430,04:00,SEGUNDA-FEIRA,-30.097688000000002,-51.224701000000003,AV VICENTE MONTEGGIA,,BOLETIM,1,0,0,0,0,0
P4-S04,Estr. Aracaju -> Rua Amapa,1243.6,6.2,537910,20120430,11:50,SEGUNDA-FEIRA,-30.105252680000000,-51.222631999999997,AV VICENTE MONTEGGIA,,BOLETIM,0,0,0,0,0,0
P4-S01,Av. da Cavalhada / Av. Nonoai / R. Dr. Campos Velho -> Av. Fabio Araujo Santos,7.6,7.1,538092,20120503,16:10,QUINTA-FEIRA,-30.095172999999999,-51.225712999999999,AV NONOAI,R DR CAMPOS VELHO,BOLETIM,0,0,0,0,0,0
P4-S01,Av. da Cavalhada / Av. Nonoai / R. Dr. Campos Velho -> Av. Fabio Araujo Santos,17.4,39.3,538124,20120505,14:10,SABADO,-30.095056039999999,-51.225375000000000,AV NONOAI,,BOLETIM,2,0,0,1,0,0
P4-S03,Av. Otto Niemeyer -> Estr. Aracaju,689.1,0.0,538516,20120510,21:30,QUINTA-FEIRA,-30.100758610000000,-51.224733000000001,AV VICENTE MONTEGGIA,,BOLETIM,1,0,0,0,0,0
P4-S01,Av. da Cavalhada / Av. Nonoai / R. Dr. Campos Velho -> Av. Fabio Araujo Santos,5.6,31.8,538995,20120514,13:30,SEGUNDA-FEIRA,-30.095417999999999,-51.226002999999999,AV CAVALHADA,,BOLETIM,0,0,0,0,0,0
P4-S01,Av. da Cavalhada / Av. Nonoai / R. Dr. Campos Velho -> Av. Fabio Araujo Santos,7.6,7.1,539307,20120517,21:00,QUINTA-FEIRA,-30.095172999999999,-51.225712999999999,R DR CAMPOS VELHO,AV NONOAI,BOLETIM,0,0,0,1,0,0
P4-S01,Av. da Cavalhada / Av. Nonoai / R. Dr. Campos Velho -> Av. Fabio Araujo Santos,1.2,4.7,539066,20120519,09:20,SABADO,-30.095149280000001,-51.225779000000003,AV CAVALHADA,,BOLETIM,1,0,0,0,0,0
P4-S01,Av. da Cavalhada / Av. Nonoai / R. Dr. Campos Velho -> Av. Fabio Araujo Santos,7.6,7.1,539382,20120522,08:10,TERCA-FEIRA,-30.095172999999999,-51.225712999999999,AV NONOAI,R DR CAMPOS VELHO,BOLETIM,0,0,0,0,0,0
P4-S03,Av. Otto Niemeyer -> Estr. Aracaju,816.8,3.5,539653,20120526,08:35,SABADO,-30.101619950000000,-51.223863000000001,AV VICENTE MONTEGGIA,,BOLETIM,0,0,0,0,0,0
P4-S03,Av. Otto Niemeyer -> Estr. Aracaju,1064.6,6.7,539632,20120529,07:10,TERCA-FEIRA,-30.103685760000001,-51.223030000000001,AV VICENTE MONTEGGIA,,BOLETIM,0,0,0,0,0,0
P4-S04,Estr. Aracaju -> Rua Amapa,1352.1,0.6,539806,20120529,12:25,TERCA-FEIRA,-30.106210000000001,-51.222408000000001,AV VICENTE MONTEGGIA,,BOLETIM,0,0,0,0,0,0
P4-S05,Rua Amapa -> Estr. Joao Vedana,1476.9,3.1,539844,20120530,08:15,QUARTA-FEIRA,-30.107299999999999,-51.222088999999997,R AMAPA,AV VICENTE MONTEGGIA,BOLETIM,0,0,0,0,0,0
P4-S01,Av. da Cavalhada / Av. Nonoai / R. Dr. Campos Velho -> Av. Fabio Araujo Santos,51.1,10.4,540349,20120606,09:45,QUARTA-FEIRA,-30.095460920000001,-51.225383999999998,AV VICENTE MONTEGGIA,,BOLETIM,0,0,0,0,0,0
P4-S05,Rua Amapa -> Estr. Joao Vedana,1799.1,5.9,564058,20120607,11:00,QUINTA-FEIRA,-30.109412970000001,-51.219780000000000,AV VICENTE MONTEGGIA,,BOLETIM,1,0,0,1,0,0
P4-S06,Estr. Joao Vedana -> Estr. Joao Passuelo,1942.9,6.2,540327,20120607,14:55,QUINTA-FEIRA,-30.110460650000000,-51.218919000000000,AV VICENTE MONTEGGIA,,BOLETIM,0,0,0,0,0,0
P4-S03,Av. Otto Niemeyer -> Estr. Aracaju,1033.7,2.5,540371,20120611,12:15,SEGUNDA-FEIRA,-30.103418000000001,-51.223132999999997,AV VICENTE MONTEGGIA,,BOLETIM,1,0,0,1,0,0
P4-S01,Av. da Cavalhada / Av. Nonoai / R. Dr. Campos Velho -> Av. Fabio Araujo Santos,15.7,30.2,540638,20120612,12:00,TERCA-FEIRA,-30.095081000000000,-51.225475000000003,AV NONOAI,,BOLETIM,0,0,0,0,0,1
P4-S03,Av. Otto Niemeyer -> Estr. Aracaju,689.8,6.1,540639,20120612,12:00,TERCA-FEIRA,-30.100792999999999,-51.224783000000002,AV OTTO NIEMEYER,AV VICENTE MONTEGGIA,BOLETIM,0,0,0,0,0,0
P4-S02,Av. Fabio Araujo Santos -> Av. Otto Niemeyer,432.9,2.3,542043,20120620,20:30,QUARTA-FEIRA,-30.098617000000001,-51.225346999999999,AV VICENTE MONTEGGIA,,BOLETIM,1,0,0,1,0,0
P4-S07,Estr. Joao Passuelo -> Av. Joao Salomoni / Av. Rodrigues da Fonseca,2813.4,0.8,541102,20120621,08:00,QUINTA-FEIRA,-30.114771260000001,-51.212406000000001,AV VICENTE MONTEGGIA,,BOLETIM,2,1,0,1,0,0
P4-S06,Estr. Joao Vedana -> Estr. Joao Passuelo,1934.0,0.6,541315,20120623,12:30,SABADO,-30.110429109999998,-51.219022000000002,ESTR JOAO VEDANA,AV VICENTE MONTEGGIA,BOLETIM,0,0,0,1,0,0
P4-S07,Estr. Joao Passuelo -> Av. Joao Salomoni / Av. Rodrigues da Fonseca,2897.6,13.9,541318,20120623,17:30,SABADO,-30.115548000000000,-51.212387000000000,AV RODRIGUES DA FONSECA,,BOLETIM,0,0,0,0,0,1
P4-S01,Av. da Cavalhada / Av. Nonoai / R. Dr. Campos Velho -> Av. Fabio Araujo Santos,17.4,39.3,541378,20120625,18:00,SEGUNDA-FEIRA,-30.095056039999999,-51.225375000000000,AV NONOAI,,BOLETIM,1,0,0,1,0,0
P4-S02,Av. Fabio Araujo Santos -> Av. Otto Niemeyer,316.6,4.1,541773,20120630,10:20,SABADO,-30.097698999999999,-51.224773999999996,AV VICENTE MONTEGGIA,,BOLETIM,0,0,0,1,0,0
P4-S05,Rua Amapa -> Estr. Joao Vedana,1602.0,6.4,542339,20120706,07:40,SEXTA-FEIRA,-30.108132999999999,-51.221196999999997,AV VICENTE MONTEGGIA,,BOLETIM,0,0,0,0,0,0
P4-S01,Av. da Cavalhada / Av. Nonoai / R. Dr. Campos Velho -> Av. Fabio Araujo Santos,7.6,7.1,543656,20120708,19:30,DOMINGO,-30.095172999999999,-51.225712999999999,AV VICENTE MONTEGGIA,AV NONOAI,BOLETIM,1,0,0,1,0,0
P4-S05,Rua Amapa -> Estr. Joao Vedana,1799.1,5.9,544661,20120711,07:50,QUARTA-FEIRA,-30.109412970000001,-51.219780000000000,AV VICENTE MONTEGGIA,,BOLETIM,0,0,0,1,0,0
P4-S04,Estr. Aracaju -> Rua Amapa,1472.9,18.6,544156,20120712,15:30,QUINTA-FEIRA,-30.107187000000000,-51.221899999999998,R AMAPA,,BOLETIM,1,0,0,1,0,0
P4-S03,Av. Otto Niemeyer -> Estr. Aracaju,926.5,9.5,542534,20120713,08:10,SEXTA-FEIRA,-30.102496760000001,-51.223483999999999,AV VICENTE MONTEGGIA,,BOLETIM,1,0,0,1,0,0
P4-S01,Av. da Cavalhada / Av. Nonoai / R. Dr. Campos Velho -> Av. Fabio Araujo Santos,7.6,7.1,542689,20120715,10:30,DOMINGO,-30.095172949999998,-51.225712999999999,AV VICENTE MONTEGGIA,AV CAVALHADA,BOLETIM,0,0,0,0,0,0
P4-S02,Av. Fabio Araujo Santos -> Av. Otto Niemeyer,645.7,6.1,542725,20120716,10:40,SEGUNDA-FEIRA,-30.100397019999999,-51.224930000000001,AV VICENTE MONTEGGIA,,BOLETIM,0,0,0,0,0,0
P4-S05,Rua Amapa -> Estr. Joao Vedana,1799.1,5.9,542727,20120716,15:20,SEGUNDA-FEIRA,-30.109412970000001,-51.219780000000000,AV VICENTE MONTEGGIA,,BOLETIM,0,0,0,0,0,0
P4-S01,Av. da Cavalhada / Av. Nonoai / R. Dr. Campos Velho -> Av. Fabio Araujo Santos,7.6,7.1,543069,20120720,10:00,SEXTA-FEIRA,-30.095172949999998,-51.225712999999999,AV VICENTE MONTEGGIA,AV CAVALHADA,BOLETIM,0,0,0,0,0,0
P4-S01,Av. da Cavalhada / Av. Nonoai / R. Dr. Campos Velho -> Av. Fabio Araujo Santos,7.6,7.1,544987,20120722,20:45,DOMINGO,-30.095172999999999,-51.225712999999999,R DR CAMPOS VELHO,AV CAVALHADA,BOLETIM,0,0,0,1,0,0
P4-S01,Av. da Cavalhada / Av. Nonoai / R. Dr. Campos Velho -> Av. Fabio Araujo Santos,7.6,7.1,543272,20120724,08:15,TERCA-FEIRA,-30.095172999999999,-51.225712999999999,AV CAVALHADA,AV NONOAI,BOLETIM,0,0,0,0,0,0
P4-S01,Av. da Cavalhada / Av. Nonoai / R. Dr. Campos Velho -> Av. Fabio Araujo Santos,7.6,7.1,543339,20120725,17:05,QUARTA-FEIRA,-30.095172949999998,-51.225712999999999,AV VICENTE MONTEGGIA,AV CAVALHADA,BOLETIM,0,0,0,0,0,0
P4-S06,Estr. Joao Vedana -> Estr. Joao Passuelo,2328.6,7.0,543347,20120725,17:40,QUARTA-FEIRA,-30.112408299999998,-51.215980000000002,AV VICENTE MONTEGGIA,,BOLETIM,1,1,0,0,0,0
P4-S01,Av. da Cavalhada / Av. Nonoai / R. Dr. Campos Velho -> Av. Fabio Araujo Santos,7.6,7.1,543625,20120727,16:35,SEXTA-FEIRA,-30.095172999999999,-51.225712999999999,AV VICENTE MONTEGGIA,AV NONOAI,BOLETIM,0,0,0,0,0,0
P4-S03,Av. Otto Niemeyer -> Estr. Aracaju,689.8,6.1,543639,20120728,11:20,SABADO,-30.100792999999999,-51.224783000000002,AV OTTO NIEMEYER,AV VICENTE MONTEGGIA,BOLETIM,0,0,0,0,0,0
P4-S04,Estr. Aracaju -> Rua Amapa,1467.6,1.1,543470,20120729,11:00,DOMINGO,-30.107208000000000,-51.222087999999999,AV VICENTE MONTEGGIA,,BOLETIM,1,0,0,1,0,0
P4-S02,Av. Fabio Araujo Santos -> Av. Otto Niemeyer,645.7,6.1,543769,20120801,09:40,QUARTA-FEIRA,-30.100397019999999,-51.224930000000001,AV VICENTE MONTEGGIA,,BOLETIM,1,0,0,1,0,0
P4-S04,Estr. Aracaju -> Rua Amapa,1370.9,8.6,543895,20120802,14:45,QUINTA-FEIRA,-30.106394529999999,-51.222451999999997,AV VICENTE MONTEGGIA,,BOLETIM,0,0,0,0,0,0
P4-S01,Av. da Cavalhada / Av. Nonoai / R. Dr. Campos Velho -> Av. Fabio Araujo Santos,7.6,7.1,544084,20120806,16:55,SEGUNDA-FEIRA,-30.095172949999998,-51.225712999999999,AV VICENTE MONTEGGIA,AV CAVALHADA,BOLETIM,0,0,0,0,0,0
P4-S01,Av. da Cavalhada / Av. Nonoai / R. Dr. Campos Velho -> Av. Fabio Araujo Santos,7.6,7.1,544561,20120810,14:00,SEXTA-FEIRA,-30.095172999999999,-51.225712999999999,R DR CAMPOS VELHO,AV NONOAI,BOLETIM,1,0,0,0,0,1
P4-S01,Av. da Cavalhada / Av. Nonoai / R. Dr. Campos Velho -> Av. Fabio Araujo Santos,7.6,7.1,544614,20120811,04:00,SABADO,-30.095172999999999,-51.225712999999999,AV VICENTE MONTEGGIA,AV NONOAI,BOLETIM,1,0,0,1,0,0
P4-S02,Av. Fabio Araujo Santos -> Av. Otto Niemeyer,314.1,1.7,544457,20120811,13:20,SABADO,-30.097702999999999,-51.224708000000000,AV VICENTE MONTEGGIA,,BOLETIM,1,0,0,0,0,0
P4-S05,Rua Amapa -> Estr. Joao Vedana,1505.6,5.1,544458,20120811,13:15,SABADO,-30.107507999999999,-51.221893999999999,AV VICENTE MONTEGGIA,,BOLETIM,1,0,0,1,0,0
P4-S06,Estr. Joao Vedana -> Estr. Joao Passuelo,1934.0,0.6,544421,20120811,19:30,SABADO,-30.110429109999998,-51.219022000000002,ESTR JOAO VEDANA,AV VICENTE MONTEGGIA,BOLETIM,0,0,0,0,0,0
P4-S02,Av. Fabio Araujo Santos -> Av. Otto Niemeyer,354.1,3.8,544629,20120815,13:30,QUARTA-FEIRA,-30.097992000000001,-51.224957000000003,AV VICENTE MONTEGGIA,,BOLETIM,2,0,0,0,0,0
P4-S03,Av. Otto Niemeyer -> Estr. Aracaju,1111.9,3.1,544747,20120815,08:45,QUARTA-FEIRA,-30.104106999999999,-51.222974000000001,AV VICENTE MONTEGGIA,,BOLETIM,0,0,0,0,0,0
P4-S03,Av. Otto Niemeyer -> Estr. Aracaju,790.5,0.4,544965,20120818,17:05,SABADO,-30.101429000000000,-51.224029000000002,AV VICENTE MONTEGGIA,,BOLETIM,0,0,0,0,0,1
P4-S01,Av. da Cavalhada / Av. Nonoai / R. Dr. Campos Velho -> Av. Fabio Araujo Santos,5.5,21.2,545142,20120822,15:20,QUARTA-FEIRA,-30.095066679999999,-51.225630000000002,AV NONOAI,,BOLETIM,0,0,0,0,0,0
P4-S01,Av. da Cavalhada / Av. Nonoai / R. Dr. Campos Velho -> Av. Fabio Araujo Santos,1.2,4.7,545395,20120826,19:00,DOMINGO,-30.095149280000001,-51.225779000000003,AV CAVALHADA,,BOLETIM,1,0,0,0,0,1
P4-S03,Av. Otto Niemeyer -> Estr. Aracaju,1056.1,2.6,545725,20120828,18:18,TERCA-FEIRA,-30.103624000000000,-51.223140000000001,AV VICENTE MONTEGGIA,,BOLETIM,0,0,0,0,0,0
P4-S03,Av. Otto Niemeyer -> Estr. Aracaju,990.0,1.4,545777,20120901,15:40,SABADO,-30.103034999999998,-51.223238000000002,AV VICENTE MONTEGGIA,,BOLETIM,1,0,0,1,0,0
P4-S05,Rua Amapa -> Estr. Joao Vedana,1906.5,4.7,545906,20120901,22:00,SABADO,-30.110209000000001,-51.219155999999998,AV VICENTE MONTEGGIA,,BOLETIM,1,0,0,1,0,0
P4-S02,Av. Fabio Araujo Santos -> Av. Otto Niemeyer,316.6,4.1,545844,20120902,12:10,DOMINGO,-30.097698999999999,-51.224773999999996,AV VICENTE MONTEGGIA,,BOLETIM,0,0,0,0,0,0
P4-S01,Av. da Cavalhada / Av. Nonoai / R. Dr. Campos Velho -> Av. Fabio Araujo Santos,7.6,7.1,546781,20120914,17:20,SEXTA-FEIRA,-30.095172949999998,-51.225712999999999,AV VICENTE MONTEGGIA,AV CAVALHADA,BOLETIM,0,0,0,0,0,0
P4-S05,Rua Amapa -> Estr. Joao Vedana,1620.2,2.8,546962,20120920,05:20,QUINTA-FEIRA,-30.108225999999998,-51.221037000000003,AV VICENTE MONTEGGIA,,BOLETIM,5,0,0,0,0,0
P4-S01,Av. da Cavalhada / Av. Nonoai / R. Dr. Campos Velho -> Av. Fabio Araujo Santos,7.6,7.1,546995,20120921,12:05,SEXTA-FEIRA,-30.095172949999998,-51.225712999999999,AV VICENTE MONTEGGIA,AV CAVALHADA,BOLETIM,1,0,0,1,0,0
P4-S01,Av. da Cavalhada / Av. Nonoai / R. Dr. Campos Velho -> Av. Fabio Araujo Santos,16.4,30.2,547128,20120922,15:00,SABADO,-30.095101199999998,-51.225453999999999,AV NONOAI,,BOLETIM,0,0,0,0,0,1
P4-S02,Av. Fabio Araujo Santos -> Av. Otto Niemeyer,386.8,2.3,547066,20120923,16:00,DOMINGO,-30.098268999999998,-51.225090000000002,AV VICENTE MONTEGGIA,,BOLETIM,1,0,0,0,0,0
P4-S03,Av. Otto Niemeyer -> Estr. Aracaju,1033.7,2.5,547064,20120923,15:00,DOMINGO,-30.103418000000001,-51.223132999999997,AV VICENTE MONTEGGIA,,BOLETIM,1,0,0,1,0,0
P4-S06,Estr. Joao Vedana -> Estr. Joao Passuelo,1934.0,0.6,547645,20120929,08:30,SABADO,-30.110429109999998,-51.219022000000002,ESTR JOAO VEDANA,AV VICENTE MONTEGGIA,BOLETIM,0,0,0,0,0,0
P4-S01,Av. da Cavalhada / Av. Nonoai / R. Dr. Campos Velho -> Av. Fabio Araujo Santos,0.0,12.8,547764,20121003,21:45,QUARTA-FEIRA,-30.095068009999999,-51.225766999999998,R DR CAMPOS VELHO,,BOLETIM,1,0,0,1,0,0
P4-S01,Av. da Cavalhada / Av. Nonoai / R. Dr. Campos Velho -> Av. Fabio Araujo Santos,16.4,30.2,547914,20121004,16:46,QUINTA-FEIRA,-30.095101199999998,-51.225453999999999,AV NONOAI,,BOLETIM,0,0,0,1,0,0
P4-S01,Av. da Cavalhada / Av. Nonoai / R. Dr. Campos Velho -> Av. Fabio Araujo Santos,181.2,2.9,555638,20121006,15:01,SABADO,-30.096574000000000,-51.224898000000003,AV VICENTE MONTEGGIA,,BOLETIM,0,0,0,0,0,0
P4-S01,Av. da Cavalhada / Av. Nonoai / R. Dr. Campos Velho -> Av. Fabio Araujo Santos,7.6,7.1,555637,20121007,01:30,DOMINGO,-30.095172999999999,-51.225712999999999,R DR CAMPOS VELHO,AV NONOAI,BOLETIM,0,0,0,0,0,0
P4-S02,Av. Fabio Araujo Santos -> Av. Otto Niemeyer,316.6,4.1,548576,20121011,11:50,QUINTA-FEIRA,-30.097698999999999,-51.224773999999996,AV VICENTE MONTEGGIA,,BOLETIM,0,0,0,0,0,0
P4-S04,Estr. Aracaju -> Rua Amapa,1447.6,6.9,548204,20121011,12:15,QUINTA-FEIRA,-30.107058450000000,-51.222237999999997,AV VICENTE MONTEGGIA,,BOLETIM,1,0,0,0,0,0
P4-S07,Estr. Joao Passuelo -> Av. Joao Salomoni / Av. Rodrigues da Fonseca,2837.0,2.3,549065,20121019,09:20,SEXTA-FEIRA,-30.114982000000001,-51.212408000000003,AV VICENTE MONTEGGIA,,BOLETIM,0,0,0,0,0,0
P4-S01,Av. da Cavalhada / Av. Nonoai / R. Dr. Campos Velho -> Av. Fabio Araujo Santos,1.2,4.7,557647,20121024,22:30,QUARTA-FEIRA,-30.095149280000001,-51.225779000000003,AV CAVALHADA,,BOLETIM,0,0,0,0,0,0
P4-S03,Av. Otto Niemeyer -> Estr. Aracaju,689.8,6.1,549502,20121024,07:20,QUARTA-FEIRA,-30.100792999999999,-51.224783000000002,AV OTTO NIEMEYER,AV VICENTE MONTEGGIA,BOLETIM,0,0,0,0,0,0
P4-S03,Av. Otto Niemeyer -> Estr. Aracaju,1104.3,3.0,550066,20121103,17:30,SABADO,-30.104051999999999,-51.223052000000003,AV VICENTE MONTEGGIA,,BOLETIM,0,0,0,0,0,0
P4-S02,Av. Fabio Araujo Santos -> Av. Otto Niemeyer,316.6,4.1,550423,20121106,07:20,TERCA-FEIRA,-30.097698999999999,-51.224773999999996,AV VICENTE MONTEGGIA,,BOLETIM,0,0,0,0,0,0
P4-S06,Estr. Joao Vedana -> Estr. Joao Passuelo,2568.2,3.1,550627,20121109,18:00,SEXTA-FEIRA,-30.112908000000001,-51.213633000000002,AV VICENTE MONTEGGIA,,BOLETIM,0,0,0,0,0,0
P4-S05,Rua Amapa -> Estr. Joao Vedana,1591.5,3.5,550616,20121116,05:40,SEXTA-FEIRA,-30.108048000000000,-51.221252999999997,AV VICENTE MONTEGGIA,,BOLETIM,0,0,0,0,0,0
P4-S06,Estr. Joao Vedana -> Estr. Joao Passuelo,2062.7,4.7,550619,20121116,07:50,SEXTA-FEIRA,-30.111325000000001,-51.218192000000002,AV VICENTE MONTEGGIA,,BOLETIM,1,0,0,1,0,0
P4-S06,Estr. Joao Vedana -> Estr. Joao Passuelo,2578.6,2.8,551078,20121119,19:00,SEGUNDA-FEIRA,-30.112967000000001,-51.213549000000000,AV VICENTE MONTEGGIA,,BOLETIM,0,0,0,0,0,0
P4-S06,Estr. Joao Vedana -> Estr. Joao Passuelo,2620.3,4.9,551068,20121119,19:45,SEGUNDA-FEIRA,-30.113164000000001,-51.213161999999997,AV VICENTE MONTEGGIA,,BOLETIM,0,0,0,0,0,0
P4-S01,Av. da Cavalhada / Av. Nonoai / R. Dr. Campos Velho -> Av. Fabio Araujo Santos,42.0,0.4,551344,20121121,16:20,QUARTA-FEIRA,-30.095452999999999,-51.225529999999999,AV VICENTE MONTEGGIA,,BOLETIM,0,0,0,0,0,0
P4-S06,Estr. Joao Vedana -> Estr. Joao Passuelo,1934.0,0.6,551339,20121121,08:20,QUARTA-FEIRA,-30.110429109999998,-51.219022000000002,ESTR JOAO VEDANA,AV VICENTE MONTEGGIA,BOLETIM,0,0,0,0,0,0
P4-S01,Av. da Cavalhada / Av. Nonoai / R. Dr. Campos Velho -> Av. Fabio Araujo Santos,126.1,3.7,552245,20121122,19:00,QUINTA-FEIRA,-30.096128000000000,-51.225147999999997,AV VICENTE MONTEGGIA,,BOLETIM,1,0,0,1,0,0
P4-S01,Av. da Cavalhada / Av. Nonoai / R. Dr. Campos Velho -> Av. Fabio Araujo Santos,1.2,4.7,551610,20121126,13:15,SEGUNDA-FEIRA,-30.095149280000001,-51.225779000000003,AV CAVALHADA,,BOLETIM,0,0,0,0,0,0
P4-S04,Estr. Aracaju -> Rua Amapa,1287.5,1.9,552231,20121206,20:20,QUINTA-FEIRA,-30.105644999999999,-51.222563000000001,AV VICENTE MONTEGGIA,,BOLETIM,2,0,0,1,1,0
P4-S03,Av. Otto Niemeyer -> Estr. Aracaju,689.8,6.1,552535,20121208,11:20,SABADO,-30.100792999999999,-51.224783000000002,AV OTTO NIEMEYER,AV VICENTE MONTEGGIA,BOLETIM,0,0,0,0,0,0
P4-S03,Av. Otto Niemeyer -> Estr. Aracaju,689.1,0.0,552408,20121209,00:10,DOMINGO,-30.100758610000000,-51.224733000000001,AV VICENTE MONTEGGIA,,BOLETIM,1,0,0,0,0,0
P4-S03,Av. Otto Niemeyer -> Estr. Aracaju,1104.3,3.0,552411,20121209,10:39,DOMINGO,-30.104051999999999,-51.223052000000003,AV VICENTE MONTEGGIA,,BOLETIM,2,0,0,1,0,0
P4-S03,Av. Otto Niemeyer -> Estr. Aracaju,689.8,6.1,552602,20121210,16:20,SEGUNDA-FEIRA,-30.100792999999999,-51.224783000000002,AV OTTO NIEMEYER,AV VICENTE MONTEGGIA,BOLETIM,0,0,0,0,0,0
P4-S06,Estr. Joao Vedana -> Estr. Joao Passuelo,2642.4,6.5,552598,20121210,10:45,SEGUNDA-FEIRA,-30.113307370000001,-51.213003000000000,AV VICENTE MONTEGGIA,ESTR JOAO PASSUELO,BOLETIM,0,0,0,0,0,0
P4-S03,Av. Otto Niemeyer -> Estr. Aracaju,935.7,0.2,552822,20121212,08:05,QUARTA-FEIRA,-30.102560000000000,-51.223368999999998,AV VICENTE MONTEGGIA,,BOLETIM,0,0,0,0,0,0
P4-S03,Av. Otto Niemeyer -> Estr. Aracaju,1077.9,6.2,552829,20121212,12:10,QUARTA-FEIRA,-30.103822990000001,-51.223139000000003,AV VICENTE MONTEGGIA,,BOLETIM,0,0,0,0,0,0
P4-S05,Rua Amapa -> Estr. Joao Vedana,1620.2,2.8,552779,20121212,09:30,QUARTA-FEIRA,-30.108225999999998,-51.221037000000003,AV VICENTE MONTEGGIA,,BOLETIM,1,0,0,1,0,0
P4-S03,Av. Otto Niemeyer -> Estr. Aracaju,1085.9,0.7,553014,20121215,16:40,SABADO,-30.103885890000001,-51.223067999999998,ESTR ARACAJU,AV VICENTE MONTEGGIA,BOLETIM,0,0,0,0,0,0
P4-S01,Av. da Cavalhada / Av. Nonoai / R. Dr. Campos Velho -> Av. Fabio Araujo Santos,7.6,7.1,553446,20121222,19:20,SABADO,-30.095172999999999,-51.225712999999999,AV CAVALHADA,AV NONOAI,BOLETIM,0,0,0,0,0,0
P4-S06,Estr. Joao Vedana -> Estr. Joao Passuelo,2037.4,0.9,553467,20121222,15:40,SABADO,-30.111198999999999,-51.218418000000000,AV VICENTE MONTEGGIA,,BOLETIM,1,0,0,0,0,0
P4-S06,Estr. Joao Vedana -> Estr. Joao Passuelo,2473.7,4.5,553491,20121224,06:30,SEGUNDA-FEIRA,-30.112461000000000,-51.214455000000001,AV VICENTE MONTEGGIA,,BOLETIM,1,0,0,1,0,0
P4-S03,Av. Otto Niemeyer -> Estr. Aracaju,988.6,4.2,553957,20121228,17:05,SEXTA-FEIRA,-30.103018219999999,-51.223211999999997,AV VICENTE MONTEGGIA,,BOLETIM,0,0,0,0,0,0
P4-S04,Estr. Aracaju -> Rua Amapa,1213.8,8.3,554094,20130103,06:10,QUINTA-FEIRA,-30.104987200000000,-51.222687999999998,AV VICENTE MONTEGGIA,,BOLETIM,0,0,0,0,0,0
P4-S03,Av. Otto Niemeyer -> Estr. Aracaju,846.7,3.9,554148,20130105,19:30,SABADO,-30.101824000000001,-51.223671000000003,AV VICENTE MONTEGGIA,,BOLETIM,1,0,0,0,0,1
P4-S04,Estr. Aracaju -> Rua Amapa,1261.1,2.7,554480,20130108,22:00,TERCA-FEIRA,-30.105412999999999,-51.222622999999999,AV VICENTE MONTEGGIA,,BOLETIM,0,0,0,0,0,0
P4-S02,Av. Fabio Araujo Santos -> Av. Otto Niemeyer,354.1,3.8,554486,20130109,22:30,QUARTA-FEIRA,-30.097992000000001,-51.224957000000003,AV VICENTE MONTEGGIA,,BOLETIM,0,0,0,0,0,0
P4-S03,Av. Otto Niemeyer -> Estr. Aracaju,674.6,1.4,577617,20130109,17:40,QUARTA-FEIRA,-30.100653999999999,-51.224823000000001,AV VICENTE MONTEGGIA,,BOLETIM,0,0,0,2,0,0
P4-S06,Estr. Joao Vedana -> Estr. Joao Passuelo,2503.1,5.4,554681,20130112,16:40,SABADO,-30.112520000000000,-51.214157000000000,AV VICENTE MONTEGGIA,,BOLETIM,0,0,0,0,0,0
P4-S02,Av. Fabio Araujo Santos -> Av. Otto Niemeyer,574.8,2.9,555112,20130117,10:50,QUINTA-FEIRA,-30.099865999999999,-51.225316999999997,AV VICENTE MONTEGGIA,,BOLETIM,0,0,0,0,0,0
P4-S01,Av. da Cavalhada / Av. Nonoai / R. Dr. Campos Velho -> Av. Fabio Araujo Santos,5.5,21.2,555406,20130123,08:20,QUARTA-FEIRA,-30.095066679999999,-51.225630000000002,AV NONOAI,,BOLETIM,0,0,0,0,0,0
P4-S06,Estr. Joao Vedana -> Estr. Joao Passuelo,2132.8,7.2,555247,20130123,08:30,QUARTA-FEIRA,-30.111754330000000,-51.217658000000000,AV VICENTE MONTEGGIA,,BOLETIM,1,0,0,0,0,0
P4-S06,Estr. Joao Vedana -> Estr. Joao Passuelo,2375.3,4.8,555499,20130125,20:40,SEXTA-FEIRA,-30.112423000000000,-51.215488000000001,AV VICENTE MONTEGGIA,,BOLETIM,0,0,0,0,0,0
P4-S01,Av. da Cavalhada / Av. Nonoai / R. Dr. Campos Velho -> Av. Fabio Araujo Santos,7.6,7.1,567164,20130128,00:05,SEGUNDA-FEIRA,-30.095172999999999,-51.225712999999999,R DR CAMPOS VELHO,AV CAVALHADA,BOLETIM,1,0,0,1,0,0
P4-S06,Estr. Joao Vedana -> Estr. Joao Passuelo,2554.0,3.2,555601,20130128,13:57,SEGUNDA-FEIRA,-30.112825999999998,-51.213746000000000,AV VICENTE MONTEGGIA,,BOLETIM,1,1,0,1,0,0
P4-S07,Estr. Joao Passuelo -> Av. Joao Salomoni / Av. Rodrigues da Fonseca,2850.9,3.2,555802,20130128,16:09,SEGUNDA-FEIRA,-30.115105000000000,-51.212421999999997,AV VICENTE MONTEGGIA,,BOLETIM,0,0,0,0,0,0
P4-S03,Av. Otto Niemeyer -> Estr. Aracaju,1008.0,10.3,555889,20130131,12:03,QUINTA-FEIRA,-30.103214980000001,-51.223317999999999,AV VICENTE MONTEGGIA,,BOLETIM,1,0,0,1,0,0
P4-S05,Rua Amapa -> Estr. Joao Vedana,1893.2,4.8,555892,20130131,13:40,QUINTA-FEIRA,-30.110111000000000,-51.219234999999998,AV VICENTE MONTEGGIA,,BOLETIM,1,0,0,1,0,0
P4-S03,Av. Otto Niemeyer -> Estr. Aracaju,1130.3,2.2,555991,20130201,18:50,SEXTA-FEIRA,-30.104278999999998,-51.222988999999998,AV VICENTE MONTEGGIA,,BOLETIM,1,0,0,0,0,0
P4-S01,Av. da Cavalhada / Av. Nonoai / R. Dr. Campos Velho -> Av. Fabio Araujo Santos,126.1,3.7,556188,20130202,15:50,SABADO,-30.096128000000000,-51.225147999999997,AV VICENTE MONTEGGIA,,BOLETIM,0,0,0,1,0,0
P4-S03,Av. Otto Niemeyer -> Estr. Aracaju,942.0,0.0,556371,20130207,14:10,QUINTA-FEIRA,-30.102615000000000,-51.223354000000000,AV VICENTE MONTEGGIA,,BOLETIM,1,0,0,1,0,0
P4-S01,Av. da Cavalhada / Av. Nonoai / R. Dr. Campos Velho -> Av. Fabio Araujo Santos,213.9,0.3,557084,20130220,12:05,QUARTA-FEIRA,-30.096827999999999,-51.224724000000002,AV VICENTE MONTEGGIA,AV FABIO ARAUJO SANTOS,BOLETIM,0,0,0,0,0,0
P4-S02,Av. Fabio Araujo Santos -> Av. Otto Niemeyer,659.6,31.0,557081,20130220,09:00,QUARTA-FEIRA,-30.100684000000001,-51.225166000000002,AV OTTO NIEMEYER,,BOLETIM,0,0,0,0,0,0
P4-S06,Estr. Joao Vedana -> Estr. Joao Passuelo,1942.9,6.2,557291,20130222,15:15,SEXTA-FEIRA,-30.110460650000000,-51.218919000000000,AV VICENTE MONTEGGIA,,BOLETIM,0,0,0,0,0,0
P4-S03,Av. Otto Niemeyer -> Estr. Aracaju,756.3,5.9,557268,20130225,09:50,SEGUNDA-FEIRA,-30.101178080000000,-51.224241999999997,AV VICENTE MONTEGGIA,,BOLETIM,1,0,1,1,0,0
P4-S02,Av. Fabio Araujo Santos -> Av. Otto Niemeyer,645.7,6.1,557326,20130225,18:00,SEGUNDA-FEIRA,-30.100397019999999,-51.224930000000001,AV VICENTE MONTEGGIA,,BOLETIM,1,0,0,1,0,0
P4-S06,Estr. Joao Vedana -> Estr. Joao Passuelo,2642.4,6.5,557668,20130226,20:20,TERCA-FEIRA,-30.113307370000001,-51.213003000000000,AV VICENTE MONTEGGIA,ESTR JOAO PASSUELO,BOLETIM,0,0,0,0,0,0
P4-S01,Av. da Cavalhada / Av. Nonoai / R. Dr. Campos Velho -> Av. Fabio Araujo Santos,51.1,10.4,557672,20130228,08:15,QUINTA-FEIRA,-30.095460920000001,-51.225383999999998,AV VICENTE MONTEGGIA,,BOLETIM,0,0,0,0,1,0
P4-S05,Rua Amapa -> Estr. Joao Vedana,1571.0,4.1,558200,20130306,02:42,QUARTA-FEIRA,-30.107921000000001,-51.221407999999997,AV VICENTE MONTEGGIA,,BOLETIM,0,0,0,0,0,0
P4-S06,Estr. Joao Vedana -> Estr. Joao Passuelo,1974.9,4.5,558248,20130308,05:55,SEXTA-FEIRA,-30.110713000000001,-51.218746000000003,AV VICENTE MONTEGGIA,,BOLETIM,2,0,0,0,0,0
P4-S03,Av. Otto Niemeyer -> Estr. Aracaju,689.1,0.0,558771,20130312,08:15,TERCA-FEIRA,-30.100758610000000,-51.224733000000001,AV VICENTE MONTEGGIA,,BOLETIM,0,0,0,0,0,0
P4-S04,Estr. Aracaju -> Rua Amapa,1213.8,8.3,558493,20130312,07:45,TERCA-FEIRA,-30.104987200000000,-51.222687999999998,AV VICENTE MONTEGGIA,,BOLETIM,0,0,0,0,0,0
P4-S02,Av. Fabio Araujo Santos -> Av. Otto Niemeyer,555.2,3.6,558887,20130316,06:55,SABADO,-30.099689000000001,-51.225358999999997,AV VICENTE MONTEGGIA,,BOLETIM,0,0,0,0,0,0
P4-S02,Av. Fabio Araujo Santos -> Av. Otto Niemeyer,300.9,0.1,558942,20130319,07:30,TERCA-FEIRA,-30.097591000000001,-51.224660999999998,AV VICENTE MONTEGGIA,,BOLETIM,1,1,0,1,0,0
P4-S04,Estr. Aracaju -> Rua Amapa,1243.6,6.2,559285,20130321,13:50,QUINTA-FEIRA,-30.105252680000000,-51.222631999999997,AV VICENTE MONTEGGIA,,BOLETIM,0,0,0,0,0,0
P4-S03,Av. Otto Niemeyer -> Estr. Aracaju,689.8,6.1,559521,20130322,11:10,SEXTA-FEIRA,-30.100792999999999,-51.224783000000002,AV OTTO NIEMEYER,AV VICENTE MONTEGGIA,BOLETIM,0,0,0,0,0,0
P4-S05,Rua Amapa -> Estr. Joao Vedana,1541.0,9.0,559196,20130322,22:00,SEXTA-FEIRA,-30.107761520000000,-51.221663999999997,AV VICENTE MONTEGGIA,,BOLETIM,1,0,0,0,0,0
P4-S03,Av. Otto Niemeyer -> Estr. Aracaju,1063.5,5.3,560839,20130327,21:00,QUARTA-FEIRA,-30.103694090000001,-51.223154999999998,AV VICENTE MONTEGGIA,,BOLETIM,1,1,0,1,0,0
P4-S05,Rua Amapa -> Estr. Joao Vedana,1620.2,2.8,559605,20130329,07:50,SEXTA-FEIRA,-30.108225999999998,-51.221037000000003,AV VICENTE MONTEGGIA,,BOLETIM,0,0,0,0,0,0
P4-S01,Av. da Cavalhada / Av. Nonoai / R. Dr. Campos Velho -> Av. Fabio Araujo Santos,51.1,10.4,559976,20130402,15:30,TERCA-FEIRA,-30.095460920000001,-51.225383999999998,AV VICENTE MONTEGGIA,,BOLETIM,0,0,0,0,0,0
P4-S07,Estr. Joao Passuelo -> Av. Joao Salomoni / Av. Rodrigues da Fonseca,2850.9,3.2,559827,20130402,19:50,TERCA-FEIRA,-30.115105000000000,-51.212421999999997,AV VICENTE MONTEGGIA,,BOLETIM,1,0,0,0,0,0
P4-S05,Rua Amapa -> Estr. Joao Vedana,1799.1,5.9,560161,20130408,07:45,SEGUNDA-FEIRA,-30.109412970000001,-51.219780000000000,AV VICENTE MONTEGGIA,,BOLETIM,1,0,0,1,0,0
P4-S01,Av. da Cavalhada / Av. Nonoai / R. Dr. Campos Velho -> Av. Fabio Araujo Santos,7.6,7.1,560646,20130410,23:30,QUARTA-FEIRA,-30.095172999999999,-51.225712999999999,R DR CAMPOS VELHO,AV CAVALHADA,BOLETIM,0,0,0,0,0,0
P4-S03,Av. Otto Niemeyer -> Estr. Aracaju,689.8,6.1,560415,20130411,07:00,QUINTA-FEIRA,-30.100792999999999,-51.224783000000002,AV OTTO NIEMEYER,AV VICENTE MONTEGGIA,BOLETIM,0,0,0,1,0,0
P4-S01,Av. da Cavalhada / Av. Nonoai / R. Dr. Campos Velho -> Av. Fabio Araujo Santos,0.0,48.9,560635,20130413,15:50,SABADO,-30.094957000000001,-51.226264000000000,R DR CAMPOS VELHO,,BOLETIM,0,0,0,0,0,0
P4-S01,Av. da Cavalhada / Av. Nonoai / R. Dr. Campos Velho -> Av. Fabio Araujo Santos,7.6,7.1,561208,20130416,06:30,TERCA-FEIRA,-30.095172949999998,-51.225712999999999,AV VICENTE MONTEGGIA,AV CAVALHADA,BOLETIM,0,0,0,0,0,0
P4-S01,Av. da Cavalhada / Av. Nonoai / R. Dr. Campos Velho -> Av. Fabio Araujo Santos,7.6,7.1,561275,20130417,12:45,QUARTA-FEIRA,-30.095172999999999,-51.225712999999999,R DR CAMPOS VELHO,AV NONOAI,BOLETIM,1,0,0,1,0,0
P4-S02,Av. Fabio Araujo Santos -> Av. Otto Niemeyer,634.9,4.9,560859,20130417,17:45,QUARTA-FEIRA,-30.100330629999998,-51.224994000000002,AV VICENTE MONTEGGIA,,BOLETIM,1,0,0,0,0,0
P4-S07,Estr. Joao Passuelo -> Av. Joao Salomoni / Av. Rodrigues da Fonseca,2723.6,4.9,561268,20130417,14:50,QUARTA-FEIRA,-30.113992509999999,-51.212662999999999,AV VICENTE MONTEGGIA,,BOLETIM,0,0,0,0,0,0
P4-S01,Av. da Cavalhada / Av. Nonoai / R. Dr. Campos Velho -> Av. Fabio Araujo Santos,1.2,4.7,561015,20130419,20:30,SEXTA-FEIRA,-30.095149280000001,-51.225779000000003,AV CAVALHADA,,BOLETIM,0,0,0,0,0,0
P4-S01,Av. da Cavalhada / Av. Nonoai / R. Dr. Campos Velho -> Av. Fabio Araujo Santos,7.6,7.1,561024,20130419,16:35,SEXTA-FEIRA,-30.095172999999999,-51.225712999999999,R DR CAMPOS VELHO,AV CAVALHADA,BOLETIM,0,0,0,0,0,1
P4-S05,Rua Amapa -> Estr. Joao Vedana,1799.1,5.9,561029,20130419,11:12,SEXTA-FEIRA,-30.109412970000001,-51.219780000000000,AV VICENTE MONTEGGIA,,BOLETIM,0,0,0,0,0,0
P4-S03,Av. Otto Niemeyer -> Estr. Aracaju,689.1,0.0,563495,20130421,20:30,DOMINGO,-30.100758610000000,-51.224733000000001,AV VICENTE MONTEGGIA,,BOLETIM,1,0,0,0,0,0
P4-S03,Av. Otto Niemeyer -> Estr. Aracaju,689.8,6.1,561599,20130426,07:25,SEXTA-FEIRA,-30.100792999999999,-51.224783000000002,AV OTTO NIEMEYER,AV VICENTE MONTEGGIA,BOLETIM,0,0,0,0,0,0
P4-S01,Av. da Cavalhada / Av. Nonoai / R. Dr. Campos Velho -> Av. Fabio Araujo Santos,17.4,39.3,561730,20130429,07:15,SEGUNDA-FEIRA,-30.095056039999999,-51.225375000000000,AV NONOAI,,BOLETIM,0,0,0,0,0,0
P4-S01,Av. da Cavalhada / Av. Nonoai / R. Dr. Campos Velho -> Av. Fabio Araujo Santos,7.6,7.1,562111,20130429,20:00,SEGUNDA-FEIRA,-30.095172999999999,-51.225712999999999,R DR CAMPOS VELHO,AV CAVALHADA,BOLETIM,0,0,0,0,0,0
P4-S06,Estr. Joao Vedana -> Estr. Joao Passuelo,2642.4,6.5,562571,20130506,22:50,SEGUNDA-FEIRA,-30.113307370000001,-51.213003000000000,AV VICENTE MONTEGGIA,ESTR JOAO PASSUELO,BOLETIM,0,0,0,0,0,0
P4-S06,Estr. Joao Vedana -> Estr. Joao Passuelo,1942.9,6.2,562076,20130508,07:45,QUARTA-FEIRA,-30.110460650000000,-51.218919000000000,AV VICENTE MONTEGGIA,,BOLETIM,1,0,0,1,0,0
P4-S02,Av. Fabio Araujo Santos -> Av. Otto Niemeyer,516.3,4.3,562343,20130513,07:50,SEGUNDA-FEIRA,-30.099332109999999,-51.225333999999997,AV VICENTE MONTEGGIA,,BOLETIM,3,1,0,1,0,0
P4-S05,Rua Amapa -> Estr. Joao Vedana,1799.1,5.9,562921,20130515,13:10,QUARTA-FEIRA,-30.109412970000001,-51.219780000000000,AV VICENTE MONTEGGIA,,BOLETIM,0,0,0,0,0,0
P4-S01,Av. da Cavalhada / Av. Nonoai / R. Dr. Campos Velho -> Av. Fabio Araujo Santos,7.6,7.1,562701,20130517,06:45,SEXTA-FEIRA,-30.095172999999999,-51.225712999999999,R DR CAMPOS VELHO,AV CAVALHADA,BOLETIM,0,0,0,0,0,1
P4-S01,Av. da Cavalhada / Av. Nonoai / R. Dr. Campos Velho -> Av. Fabio Araujo Santos,7.6,7.1,563392,20130522,20:00,QUARTA-FEIRA,-30.095172999999999,-51.225712999999999,R DR CAMPOS VELHO,AV NONOAI,BOLETIM,0,0,0,0,0,0
P4-S07,Estr. Joao Passuelo -> Av. Joao Salomoni / Av. Rodrigues da Fonseca,2723.6,4.9,563440,20130522,07:15,QUARTA-FEIRA,-30.113992509999999,-51.212662999999999,AV VICENTE MONTEGGIA,,BOLETIM,0,0,0,0,0,0
P4-S01,Av. da Cavalhada / Av. Nonoai / R. Dr. Campos Velho -> Av. Fabio Araujo Santos,17.4,39.3,563553,20130523,10:35,QUINTA-FEIRA,-30.095056039999999,-51.225375000000000,AV NONOAI,,BOLETIM,0,0,0,0,0,1
P4-S05,Rua Amapa -> Estr. Joao Vedana,1505.6,5.1,564302,20130524,18:00,SEXTA-FEIRA,-30.107507999999999,-51.221893999999999,AV VICENTE MONTEGGIA,,BOLETIM,1,0,0,1,0,0
P4-S07,Estr. Joao Passuelo -> Av. Joao Salomoni / Av. Rodrigues da Fonseca,2850.9,3.2,563596,20130603,22:10,SEGUNDA-FEIRA,-30.115105000000000,-51.212421999999997,AV VICENTE MONTEGGIA,,BOLETIM,0,0,0,0,0,0
P4-S03,Av. Otto Niemeyer -> Estr. Aracaju,1067.4,5.5,563973,20130604,12:30,TERCA-FEIRA,-30.103728860000000,-51.223149999999997,AV VICENTE MONTEGGIA,,BOLETIM,0,0,0,0,0,0
P4-S01,Av. da Cavalhada / Av. Nonoai / R. Dr. Campos Velho -> Av. Fabio Araujo Santos,16.4,30.2,564071,20130606,23:55,QUINTA-FEIRA,-30.095101199999998,-51.225453999999999,AV NONOAI,,BOLETIM,1,0,0,1,0,0
P4-S01,Av. da Cavalhada / Av. Nonoai / R. Dr. Campos Velho -> Av. Fabio Araujo Santos,1.2,4.7,564188,20130610,20:00,SEGUNDA-FEIRA,-30.095149280000001,-51.225779000000003,AV CAVALHADA,,BOLETIM,1,0,0,2,0,0
P4-S03,Av. Otto Niemeyer -> Estr. Aracaju,1056.1,2.6,570111,20130611,18:25,TERCA-FEIRA,-30.103624000000000,-51.223140000000001,AV VICENTE MONTEGGIA,,BOLETIM,1,0,0,1,0,0
P4-S07,Estr. Joao Passuelo -> Av. Joao Salomoni / Av. Rodrigues da Fonseca,2890.5,13.3,564501,20130613,18:00,QUINTA-FEIRA,-30.115496000000000,-51.212370999999997,AV RODRIGUES DA FONSECA,,BOLETIM,1,0,0,0,0,0
P4-S07,Estr. Joao Passuelo -> Av. Joao Salomoni / Av. Rodrigues da Fonseca,2897.6,13.9,564505,20130613,20:00,QUINTA-FEIRA,-30.115548000000000,-51.212387000000000,AV RODRIGUES DA FONSECA,,BOLETIM,1,0,0,1,0,0
P4-S03,Av. Otto Niemeyer -> Estr. Aracaju,980.0,8.0,564805,20130618,12:20,TERCA-FEIRA,-30.102964320000002,-51.223354999999998,AV VICENTE MONTEGGIA,,BOLETIM,0,0,0,0,0,0
P4-S01,Av. da Cavalhada / Av. Nonoai / R. Dr. Campos Velho -> Av. Fabio Araujo Santos,7.6,7.1,564873,20130620,08:15,QUINTA-FEIRA,-30.095172999999999,-51.225712999999999,R DR CAMPOS VELHO,AV NONOAI,BOLETIM,0,0,0,1,0,0
P4-S07,Estr. Joao Passuelo -> Av. Joao Salomoni / Av. Rodrigues da Fonseca,2723.6,4.9,564948,20130621,14:30,SEXTA-FEIRA,-30.113992509999999,-51.212662999999999,AV VICENTE MONTEGGIA,,BOLETIM,1,1,0,1,0,0
P4-S01,Av. da Cavalhada / Av. Nonoai / R. Dr. Campos Velho -> Av. Fabio Araujo Santos,5.5,21.2,565402,20130628,19:10,SEXTA-FEIRA,-30.095066679999999,-51.225630000000002,AV NONOAI,,BOLETIM,1,0,0,1,0,0
P4-S01,Av. da Cavalhada / Av. Nonoai / R. Dr. Campos Velho -> Av. Fabio Araujo Santos,7.6,7.1,565503,20130630,09:40,DOMINGO,-30.095172999999999,-51.225712999999999,AV VICENTE MONTEGGIA,AV NONOAI,BOLETIM,0,0,0,0,0,0
P4-S04,Estr. Aracaju -> Rua Amapa,1366.6,5.5,566945,20130701,12:50,SEGUNDA-FEIRA,-30.106349999999999,-51.222431999999998,AV VICENTE MONTEGGIA,,BOLETIM,1,0,0,1,0,0
P4-S03,Av. Otto Niemeyer -> Estr. Aracaju,689.8,6.1,565696,20130703,12:15,QUARTA-FEIRA,-30.100792999999999,-51.224783000000002,AV OTTO NIEMEYER,AV VICENTE MONTEGGIA,BOLETIM,1,0,0,0,0,0
P4-S01,Av. da Cavalhada / Av. Nonoai / R. Dr. Campos Velho -> Av. Fabio Araujo Santos,7.6,7.1,565720,20130704,07:20,QUINTA-FEIRA,-30.095172999999999,-51.225712999999999,R DR CAMPOS VELHO,AV NONOAI,BOLETIM,1,0,0,0,0,1
P4-S01,Av. da Cavalhada / Av. Nonoai / R. Dr. Campos Velho -> Av. Fabio Araujo Santos,17.4,39.3,565918,20130706,12:30,SABADO,-30.095056039999999,-51.225375000000000,AV NONOAI,,BOLETIM,0,0,0,0,0,0
P4-S02,Av. Fabio Araujo Santos -> Av. Otto Niemeyer,316.6,4.1,566143,20130709,12:30,TERCA-FEIRA,-30.097698999999999,-51.224773999999996,AV VICENTE MONTEGGIA,,BOLETIM,0,0,0,0,0,0
P4-S06,Estr. Joao Vedana -> Estr. Joao Passuelo,2620.3,4.9,566210,20130711,20:43,QUINTA-FEIRA,-30.113164000000001,-51.213161999999997,AV VICENTE MONTEGGIA,,BOLETIM,2,0,0,1,0,0
P4-S01,Av. da Cavalhada / Av. Nonoai / R. Dr. Campos Velho -> Av. Fabio Araujo Santos,7.6,7.1,566344,20130713,08:00,SABADO,-30.095172999999999,-51.225712999999999,R DR CAMPOS VELHO,AV NONOAI,BOLETIM,0,0,0,0,0,0
P4-S03,Av. Otto Niemeyer -> Estr. Aracaju,1064.6,6.7,566304,20130713,23:40,SABADO,-30.103685760000001,-51.223030000000001,AV VICENTE MONTEGGIA,,BOLETIM,3,0,0,2,0,0
P4-S01,Av. da Cavalhada / Av. Nonoai / R. Dr. Campos Velho -> Av. Fabio Araujo Santos,51.1,10.4,566491,20130716,18:10,TERCA-FEIRA,-30.095460920000001,-51.225383999999998,AV VICENTE MONTEGGIA,,BOLETIM,1,0,0,1,0,0
P4-S05,Rua Amapa -> Estr. Joao Vedana,1476.9,3.1,566460,20130716,09:00,TERCA-FEIRA,-30.107299999999999,-51.222088999999997,R AMAPA,AV VICENTE MONTEGGIA,BOLETIM,1,0,0,0,0,1
P4-S07,Estr. Joao Passuelo -> Av. Joao Salomoni / Av. Rodrigues da Fonseca,2674.0,24.7,566681,20130720,16:30,SABADO,-30.113497469999999,-51.212654999999998,ESTR JOAO PASSUELO,,BOLETIM,2,0,0,1,0,0
P4-S03,Av. Otto Niemeyer -> Estr. Aracaju,864.3,0.3,566693,20130721,10:30,DOMINGO,-30.101939999999999,-51.223551000000000,AV VICENTE MONTEGGIA,,BOLETIM,2,0,0,1,0,0
P4-S06,Estr. Joao Vedana -> Estr. Joao Passuelo,2632.9,7.5,566927,20130724,18:50,QUARTA-FEIRA,-30.113236000000001,-51.213057999999997,AV VICENTE MONTEGGIA,,BOLETIM,2,0,0,1,0,0
P4-S05,Rua Amapa -> Estr. Joao Vedana,1581.7,6.9,567083,20130726,22:39,SEXTA-FEIRA,-30.108006719999999,-51.221350000000001,AV VICENTE MONTEGGIA,,BOLETIM,2,0,0,0,0,0
P4-S01,Av. da Cavalhada / Av. Nonoai / R. Dr. Campos Velho -> Av. Fabio Araujo Santos,1.2,4.7,567139,20130728,07:30,DOMINGO,-30.095149280000001,-51.225779000000003,AV CAVALHADA,,BOLETIM,1,0,0,0,0,0
P4-S03,Av. Otto Niemeyer -> Estr. Aracaju,999.0,6.2,567256,20130730,14:30,TERCA-FEIRA,-30.103105530000001,-51.223170000000003,AV VICENTE MONTEGGIA,,BOLETIM,1,0,0,1,0,0
P4-S01,Av. da Cavalhada / Av. Nonoai / R. Dr. Campos Velho -> Av. Fabio Araujo Santos,7.6,7.1,567769,20130731,18:30,QUARTA-FEIRA,-30.095172999999999,-51.225712999999999,R DR CAMPOS VELHO,AV CAVALHADA,BOLETIM,1,0,0,1,0,0
P4-S03,Av. Otto Niemeyer -> Estr. Aracaju,689.8,6.1,567383,20130731,12:40,QUARTA-FEIRA,-30.100792999999999,-51.224783000000002,AV OTTO NIEMEYER,AV VICENTE MONTEGGIA,BOLETIM,0,0,0,0,0,0
P4-S01,Av. da Cavalhada / Av. Nonoai / R. Dr. Campos Velho -> Av. Fabio Araujo Santos,7.6,7.1,567490,20130801,05:25,QUINTA-FEIRA,-30.095172999999999,-51.225712999999999,R DR CAMPOS VELHO,AV NONOAI,BOLETIM,0,0,0,0,0,0
P4-S03,Av. Otto Niemeyer -> Estr. Aracaju,689.8,6.1,567551,20130801,07:50,QUINTA-FEIRA,-30.100792999999999,-51.224783000000002,AV OTTO NIEMEYER,AV VICENTE MONTEGGIA,BOLETIM,0,0,0,0,0,0
P4-S01,Av. da Cavalhada / Av. Nonoai / R. Dr. Campos Velho -> Av. Fabio Araujo Santos,7.6,7.1,568075,20130805,21:45,SEGUNDA-FEIRA,-30.095172999999999,-51.225712999999999,R DR CAMPOS VELHO,AV NONOAI,BOLETIM,0,0,0,0,0,0
P4-S01,Av. da Cavalhada / Av. Nonoai / R. Dr. Campos Velho -> Av. Fabio Araujo Santos,7.6,7.1,567812,20130807,14:20,QUARTA-FEIRA,-30.095172999999999,-51.225712999999999,R DR CAMPOS VELHO,AV NONOAI,BOLETIM,2,0,0,0,0,0
P4-S06,Estr. Joao Vedana -> Estr. Joao Passuelo,2642.4,6.5,567854,20130807,12:40,QUARTA-FEIRA,-30.113307370000001,-51.213003000000000,AV VICENTE MONTEGGIA,ESTR JOAO PASSUELO,BOLETIM,0,0,0,0,0,0
P4-S01,Av. da Cavalhada / Av. Nonoai / R. Dr. Campos Velho -> Av. Fabio Araujo Santos,51.1,10.4,568293,20130811,07:00,DOMINGO,-30.095460920000001,-51.225383999999998,AV VICENTE MONTEGGIA,,BOLETIM,1,0,0,1,0,0
P4-S03,Av. Otto Niemeyer -> Estr. Aracaju,1178.3,0.9,568046,20130812,14:25,SEGUNDA-FEIRA,-30.104699000000000,-51.222873000000000,AV VICENTE MONTEGGIA,,BOLETIM,0,0,0,0,0,0
P4-S02,Av. Fabio Araujo Santos -> Av. Otto Niemeyer,405.4,3.4,568542,20130814,07:17,QUARTA-FEIRA,-30.098381000000000,-51.225245000000001,AV VICENTE MONTEGGIA,,BOLETIM,4,0,0,0,0,0
P4-S04,Estr. Aracaju -> Rua Amapa,1270.4,3.6,568446,20130817,15:10,SABADO,-30.105508000000000,-51.222662000000000,AV VICENTE MONTEGGIA,,BOLETIM,0,0,0,0,0,0
P4-S03,Av. Otto Niemeyer -> Estr. Aracaju,1077.9,6.2,568649,20130819,08:05,SEGUNDA-FEIRA,-30.103822990000001,-51.223139000000003,AV VICENTE MONTEGGIA,,BOLETIM,0,0,0,0,0,0
P4-S03,Av. Otto Niemeyer -> Estr. Aracaju,689.8,6.1,568877,20130822,07:50,QUINTA-FEIRA,-30.100792999999999,-51.224783000000002,AV OTTO NIEMEYER,AV VICENTE MONTEGGIA,BOLETIM,0,0,0,0,0,0
P4-S01,Av. da Cavalhada / Av. Nonoai / R. Dr. Campos Velho -> Av. Fabio Araujo Santos,7.6,7.1,568984,20130823,07:20,SEXTA-FEIRA,-30.095172949999998,-51.225712999999999,AV VICENTE MONTEGGIA,AV CAVALHADA,BOLETIM,0,0,0,0,0,0
P4-S03,Av. Otto Niemeyer -> Estr. Aracaju,1077.9,6.2,568931,20130823,11:30,SEXTA-FEIRA,-30.103822990000001,-51.223139000000003,AV VICENTE MONTEGGIA,,BOLETIM,0,0,0,0,0,0
P4-S01,Av. da Cavalhada / Av. Nonoai / R. Dr. Campos Velho -> Av. Fabio Araujo Santos,1.2,4.7,569273,20130828,15:30,QUARTA-FEIRA,-30.095149280000001,-51.225779000000003,AV CAVALHADA,,BOLETIM,1,0,0,0,0,0
P4-S01,Av. da Cavalhada / Av. Nonoai / R. Dr. Campos Velho -> Av. Fabio Araujo Santos,5.5,21.2,569610,20130903,10:00,TERCA-FEIRA,-30.095066679999999,-51.225630000000002,AV NONOAI,,BOLETIM,0,0,0,0,0,0
P4-S03,Av. Otto Niemeyer -> Estr. Aracaju,999.0,6.2,569843,20130905,23:30,QUINTA-FEIRA,-30.103105530000001,-51.223170000000003,AV VICENTE MONTEGGIA,,BOLETIM,2,0,0,1,0,0
P4-S06,Estr. Joao Vedana -> Estr. Joao Passuelo,2326.5,2.0,570037,20130909,22:15,SEGUNDA-FEIRA,-30.112490999999999,-51.215992999999997,AV VICENTE MONTEGGIA,,BOLETIM,2,0,0,1,0,0
P4-S01,Av. da Cavalhada / Av. Nonoai / R. Dr. Campos Velho -> Av. Fabio Araujo Santos,7.6,7.1,570083,20130910,08:56,TERCA-FEIRA,-30.095172999999999,-51.225712999999999,R DR CAMPOS VELHO,AV NONOAI,BOLETIM,0,0,0,0,0,0
P4-S01,Av. da Cavalhada / Av. Nonoai / R. Dr. Campos Velho -> Av. Fabio Araujo Santos,7.6,7.1,570298,20130913,19:20,SEXTA-FEIRA,-30.095172949999998,-51.225712999999999,AV VICENTE MONTEGGIA,AV CAVALHADA,BOLETIM,0,0,0,0,0,0
P4-S02,Av. Fabio Araujo Santos -> Av. Otto Niemeyer,579.3,7.3,570325,20130914,06:30,SABADO,-30.099875810000000,-51.225202000000003,AV VICENTE MONTEGGIA,,BOLETIM,2,1,0,1,0,0
P4-S03,Av. Otto Niemeyer -> Estr. Aracaju,674.6,1.4,570329,20130914,11:50,SABADO,-30.100653999999999,-51.224823000000001,AV VICENTE MONTEGGIA,,BOLETIM,1,0,0,0,0,0
P4-S01,Av. da Cavalhada / Av. Nonoai / R. Dr. Campos Velho -> Av. Fabio Araujo Santos,7.6,7.1,570569,20130917,14:52,TERCA-FEIRA,-30.095172999999999,-51.225712999999999,R DR CAMPOS VELHO,AV CAVALHADA,BOLETIM,0,0,0,0,0,0
P4-S01,Av. da Cavalhada / Av. Nonoai / R. Dr. Campos Velho -> Av. Fabio Araujo Santos,1.2,4.7,570580,20130918,07:25,QUARTA-FEIRA,-30.095149280000001,-51.225779000000003,AV CAVALHADA,,BOLETIM,1,0,0,1,0,0
P4-S03,Av. Otto Niemeyer -> Estr. Aracaju,739.1,2.5,570730,20130919,22:35,QUINTA-FEIRA,-30.101089999999999,-51.224392999999999,AV VICENTE MONTEGGIA,,BOLETIM,1,0,0,2,0,0
P4-S06,Estr. Joao Vedana -> Estr. Joao Passuelo,2632.9,7.5,570908,20130923,15:20,SEGUNDA-FEIRA,-30.113236000000001,-51.213057999999997,AV VICENTE MONTEGGIA,,BOLETIM,1,0,0,0,0,0
P4-S07,Estr. Joao Passuelo -> Av. Joao Salomoni / Av. Rodrigues da Fonseca,2723.6,4.9,571467,20131001,10:10,TERCA-FEIRA,-30.113992509999999,-51.212662999999999,AV VICENTE MONTEGGIA,,BOLETIM,0,0,0,0,0,0
P4-S01,Av. da Cavalhada / Av. Nonoai / R. Dr. Campos Velho -> Av. Fabio Araujo Santos,7.6,7.1,571595,20131003,09:18,QUINTA-FEIRA,-30.095172999999999,-51.225712999999999,R DR CAMPOS VELHO,AV CAVALHADA,BOLETIM,0,0,0,0,0,0
P4-S03,Av. Otto Niemeyer -> Estr. Aracaju,689.8,6.1,571744,20131006,18:30,DOMINGO,-30.100792999999999,-51.224783000000002,AV OTTO NIEMEYER,AV VICENTE MONTEGGIA,BOLETIM,0,0,0,0,0,0
P4-S01,Av. da Cavalhada / Av. Nonoai / R. Dr. Campos Velho -> Av. Fabio Araujo Santos,1.2,4.7,571911,20131007,23:20,SEGUNDA-FEIRA,-30.095149280000001,-51.225779000000003,AV CAVALHADA,,BOLETIM,1,1,0,1,0,0
P4-S01,Av. da Cavalhada / Av. Nonoai / R. Dr. Campos Velho -> Av. Fabio Araujo Santos,7.6,7.1,571869,20131007,07:05,SEGUNDA-FEIRA,-30.095172999999999,-51.225712999999999,R DR CAMPOS VELHO,AV NONOAI,BOLETIM,0,0,0,1,0,0
P4-S01,Av. da Cavalhada / Av. Nonoai / R. Dr. Campos Velho -> Av. Fabio Araujo Santos,7.6,7.1,572132,20131009,14:00,QUARTA-FEIRA,-30.095172949999998,-51.225712999999999,AV VICENTE MONTEGGIA,AV CAVALHADA,BOLETIM,0,0,0,0,0,0
P4-S01,Av. da Cavalhada / Av. Nonoai / R. Dr. Campos Velho -> Av. Fabio Araujo Santos,6.1,26.2,572910,20131019,01:15,SABADO,-30.095383999999999,-51.225959000000003,AV CAVALHADA,,BOLETIM,0,0,0,0,0,0
P4-S01,Av. da Cavalhada / Av. Nonoai / R. Dr. Campos Velho -> Av. Fabio Araujo Santos,7.6,7.1,572752,20131021,06:40,SEGUNDA-FEIRA,-30.095172999999999,-51.225712999999999,R DR CAMPOS VELHO,AV NONOAI,BOLETIM,0,0,0,0,0,0
P4-S01,Av. da Cavalhada / Av. Nonoai / R. Dr. Campos Velho -> Av. Fabio Araujo Santos,7.6,7.1,573320,20131024,22:00,QUINTA-FEIRA,-30.095172999999999,-51.225712999999999,R DR CAMPOS VELHO,AV NONOAI,BOLETIM,0,0,0,0,0,0
P4-S02,Av. Fabio Araujo Santos -> Av. Otto Niemeyer,354.1,3.8,573324,20131025,20:15,SEXTA-FEIRA,-30.097992000000001,-51.224957000000003,AV VICENTE MONTEGGIA,,BOLETIM,0,0,0,0,0,0
P4-S05,Rua Amapa -> Estr. Joao Vedana,1809.6,0.7,573437,20131030,10:15,QUARTA-FEIRA,-30.109517830000001,-51.219769999999997,AV VICENTE MONTEGGIA,R JORGE NAPOLEAO SILVA SOUZA,BOLETIM,0,0,0,0,0,0
P4-S05,Rua Amapa -> Estr. Joao Vedana,1799.1,5.9,573743,20131106,08:15,QUARTA-FEIRA,-30.109412970000001,-51.219780000000000,AV VICENTE MONTEGGIA,,BOLETIM,1,0,0,1,0,0
P4-S01,Av. da Cavalhada / Av. Nonoai / R. Dr. Campos Velho -> Av. Fabio Araujo Santos,7.6,7.1,574056,20131108,10:55,SEXTA-FEIRA,-30.095172999999999,-51.225712999999999,R DR CAMPOS VELHO,AV NONOAI,BOLETIM,0,0,0,0,0,0
P4-S03,Av. Otto Niemeyer -> Estr. Aracaju,1067.4,5.5,574057,20131108,12:10,SEXTA-FEIRA,-30.103728860000000,-51.223149999999997,AV VICENTE MONTEGGIA,,BOLETIM,0,0,0,0,0,0
P4-S03,Av. Otto Niemeyer -> Estr. Aracaju,689.8,6.1,574068,20131109,13:20,SABADO,-30.100792999999999,-51.224783000000002,AV OTTO NIEMEYER,AV VICENTE MONTEGGIA,BOLETIM,0,0,0,0,0,0
P4-S01,Av. da Cavalhada / Av. Nonoai / R. Dr. Campos Velho -> Av. Fabio Araujo Santos,8.9,41.8,574011,20131111,08:32,SEGUNDA-FEIRA,-30.094951540000000,-51.225459000000001,AV NONOAI,,BOLETIM,0,0,0,0,0,0
P4-S05,Rua Amapa -> Estr. Joao Vedana,1751.4,0.4,574328,20131113,20:10,QUARTA-FEIRA,-30.109076999999999,-51.220095000000001,AV VICENTE MONTEGGIA,,BOLETIM,0,0,0,0,0,0
P4-S06,Estr. Joao Vedana -> Estr. Joao Passuelo,2483.3,5.7,574654,20131120,17:50,QUARTA-FEIRA,-30.112472000000000,-51.214356000000002,AV VICENTE MONTEGGIA,,BOLETIM,2,0,0,1,0,0
P4-S06,Estr. Joao Vedana -> Estr. Joao Passuelo,2626.6,6.2,574715,20131121,18:10,QUINTA-FEIRA,-30.113199999999999,-51.213110000000000,AV VICENTE MONTEGGIA,,BOLETIM,1,1,0,1,0,0
P4-S03,Av. Otto Niemeyer -> Estr. Aracaju,1012.8,2.0,574919,20131124,14:05,DOMINGO,-30.103235000000002,-51.223182999999999,AV VICENTE MONTEGGIA,,BOLETIM,0,0,0,0,0,0
P4-S02,Av. Fabio Araujo Santos -> Av. Otto Niemeyer,516.3,4.3,574965,20131125,12:00,SEGUNDA-FEIRA,-30.099332109999999,-51.225333999999997,AV VICENTE MONTEGGIA,,BOLETIM,1,0,0,1,0,0
P4-S03,Av. Otto Niemeyer -> Estr. Aracaju,967.8,8.4,574960,20131125,08:50,SEGUNDA-FEIRA,-30.102858059999999,-51.223384000000003,AV VICENTE MONTEGGIA,,BOLETIM,1,0,0,1,0,0
P4-S03,Av. Otto Niemeyer -> Estr. Aracaju,689.8,6.1,575418,20131129,09:10,SEXTA-FEIRA,-30.100792999999999,-51.224783000000002,AV OTTO NIEMEYER,AV VICENTE MONTEGGIA,BOLETIM,0,0,0,0,0,0
P4-S02,Av. Fabio Araujo Santos -> Av. Otto Niemeyer,442.8,2.9,575391,20131201,06:40,DOMINGO,-30.098673000000002,-51.225445999999998,AV VICENTE MONTEGGIA,,BOLETIM,1,0,0,0,0,0
P4-S04,Estr. Aracaju -> Rua Amapa,1395.3,8.9,575548,20131204,07:45,QUARTA-FEIRA,-30.106607589999999,-51.222391000000002,AV VICENTE MONTEGGIA,,BOLETIM,1,1,0,1,0,0
P4-S06,Estr. Joao Vedana -> Estr. Joao Passuelo,2377.9,1.3,575661,20131205,19:00,QUINTA-FEIRA,-30.112477999999999,-51.215460999999998,AV VICENTE MONTEGGIA,,BOLETIM,3,0,0,0,0,0
P4-S07,Estr. Joao Passuelo -> Av. Joao Salomoni / Av. Rodrigues da Fonseca,2790.5,2.9,575823,20131208,20:30,DOMINGO,-30.114585000000002,-51.212516000000001,AV VICENTE MONTEGGIA,,BOLETIM,1,0,0,2,0,0
P4-S01,Av. da Cavalhada / Av. Nonoai / R. Dr. Campos Velho -> Av. Fabio Araujo Santos,7.6,7.1,576256,20131212,01:20,QUINTA-FEIRA,-30.095172999999999,-51.225712999999999,AV CAVALHADA,AV NONOAI,BOLETIM,0,0,0,0,0,0
P4-S03,Av. Otto Niemeyer -> Estr. Aracaju,689.1,0.0,576127,20131212,16:00,QUINTA-FEIRA,-30.100758610000000,-51.224733000000001,AV VICENTE MONTEGGIA,,BOLETIM,1,0,0,1,0,0
P4-S01,Av. da Cavalhada / Av. Nonoai / R. Dr. Campos Velho -> Av. Fabio Araujo Santos,0.0,9.5,576562,20131218,19:00,QUARTA-FEIRA,-30.095102000000001,-51.225766999999998,R DR CAMPOS VELHO,,BOLETIM,0,0,0,0,0,0
P4-S03,Av. Otto Niemeyer -> Estr. Aracaju,689.8,6.1,576561,20131218,16:10,QUARTA-FEIRA,-30.100792999999999,-51.224783000000002,AV OTTO NIEMEYER,AV VICENTE MONTEGGIA,BOLETIM,0,0,0,0,0,0
P4-S05,Rua Amapa -> Estr. Joao Vedana,1581.7,6.9,576557,20131218,12:00,QUARTA-FEIRA,-30.108006719999999,-51.221350000000001,AV VICENTE MONTEGGIA,,BOLETIM,0,0,0,0,0,1
P4-S06,Estr. Joao Vedana -> Estr. Joao Passuelo,2412.7,3.8,576786,20131224,14:45,TERCA-FEIRA,-30.112435000000001,-51.215099000000002,AV VICENTE MONTEGGIA,,BOLETIM,2,0,0,1,0,0
P4-S03,Av. Otto Niemeyer -> Estr. Aracaju,674.6,1.4,577446,20140109,11:55,QUINTA-FEIRA,-30.100653999999999,-51.224823000000001,AV VICENTE MONTEGGIA,,BOLETIM,1,0,0,1,0,0
P4-S03,Av. Otto Niemeyer -> Estr. Aracaju,689.8,6.1,579026,20140114,08:00,TERCA-FEIRA,-30.100792999999999,-51.224783000000002,AV OTTO NIEMEYER,AV VICENTE MONTEGGIA,BOLETIM,1,0,0,1,0,0
P4-S01,Av. da Cavalhada / Av. Nonoai / R. Dr. Campos Velho -> Av. Fabio Araujo Santos,1.2,4.7,577844,20140115,12:50,QUARTA-FEIRA,-30.095149280000001,-51.225779000000003,AV CAVALHADA,,BOLETIM,0,0,0,1,0,0
P4-S03,Av. Otto Niemeyer -> Estr. Aracaju,689.1,0.0,596475,20140115,21:40,QUARTA-FEIRA,-30.100758610000000,-51.224733000000001,AV VICENTE MONTEGGIA,,BOLETIM,1,0,0,1,0,0
P4-S01,Av. da Cavalhada / Av. Nonoai / R. Dr. Campos Velho -> Av. Fabio Araujo Santos,7.6,7.1,593369,20140117,15:00,SEXTA-FEIRA,-30.095172999999999,-51.225712999999999,AV VICENTE MONTEGGIA,AV NONOAI,BOLETIM,0,0,0,0,0,0
P4-S03,Av. Otto Niemeyer -> Estr. Aracaju,689.1,0.0,578174,20140122,09:49,QUARTA-FEIRA,-30.100758610000000,-51.224733000000001,AV VICENTE MONTEGGIA,,BOLETIM,1,0,0,1,0,0
P4-S03,Av. Otto Niemeyer -> Estr. Aracaju,1064.6,6.7,578314,20140125,11:30,SABADO,-30.103685760000001,-51.223030000000001,AV VICENTE MONTEGGIA,,BOLETIM,1,0,0,1,0,0
P4-S02,Av. Fabio Araujo Santos -> Av. Otto Niemeyer,611.6,3.5,578505,20140130,11:10,QUINTA-FEIRA,-30.100151000000000,-51.225121000000001,AV VICENTE MONTEGGIA,,BOLETIM,3,1,0,0,0,0
P4-S06,Estr. Joao Vedana -> Estr. Joao Passuelo,2642.4,6.5,579572,20140219,08:20,QUARTA-FEIRA,-30.113307370000001,-51.213003000000000,AV VICENTE MONTEGGIA,ESTR JOAO PASSUELO,BOLETIM,0,0,0,0,0,0
P4-S01,Av. da Cavalhada / Av. Nonoai / R. Dr. Campos Velho -> Av. Fabio Araujo Santos,7.6,7.1,579707,20140222,13:00,SABADO,-30.095172949999998,-51.225712999999999,AV VICENTE MONTEGGIA,AV CAVALHADA,BOLETIM,0,0,0,0,0,0
P4-S01,Av. da Cavalhada / Av. Nonoai / R. Dr. Campos Velho -> Av. Fabio Araujo Santos,7.6,7.1,580023,20140223,18:30,DOMINGO,-30.095172999999999,-51.225712999999999,AV VICENTE MONTEGGIA,AV NONOAI,BOLETIM,0,0,0,0,0,0
P4-S01,Av. da Cavalhada / Av. Nonoai / R. Dr. Campos Velho -> Av. Fabio Araujo Santos,5.5,21.2,579757,20140224,10:30,SEGUNDA-FEIRA,-30.095066679999999,-51.225630000000002,AV NONOAI,,BOLETIM,1,0,0,0,0,0
P4-S03,Av. Otto Niemeyer -> Estr. Aracaju,689.8,6.1,579949,20140224,09:35,SEGUNDA-FEIRA,-30.100792999999999,-51.224783000000002,AV OTTO NIEMEYER,AV VICENTE MONTEGGIA,BOLETIM,0,0,0,0,0,0
P4-S06,Estr. Joao Vedana -> Estr. Joao Passuelo,2578.6,2.8,580291,20140306,11:30,QUINTA-FEIRA,-30.112967000000001,-51.213549000000000,AV VICENTE MONTEGGIA,,BOLETIM,1,0,0,1,0,0
P4-S06,Estr. Joao Vedana -> Estr. Joao Passuelo,2642.4,6.5,580308,20140307,14:45,SEXTA-FEIRA,-30.113307370000001,-51.213003000000000,AV VICENTE MONTEGGIA,ESTR JOAO PASSUELO,BOLETIM,0,0,0,0,0,0
P4-S06,Estr. Joao Vedana -> Estr. Joao Passuelo,2062.7,4.7,580535,20140311,13:05,TERCA-FEIRA,-30.111325000000001,-51.218192000000002,AV VICENTE MONTEGGIA,,BOLETIM,0,0,0,0,0,0
P4-S01,Av. da Cavalhada / Av. Nonoai / R. Dr. Campos Velho -> Av. Fabio Araujo Santos,7.6,7.1,580616,20140313,11:50,QUINTA-FEIRA,-30.095172999999999,-51.225712999999999,R DR CAMPOS VELHO,AV CAVALHADA,BOLETIM,0,0,0,0,0,0
P4-S01,Av. da Cavalhada / Av. Nonoai / R. Dr. Campos Velho -> Av. Fabio Araujo Santos,7.6,7.1,580680,20140314,02:30,SEXTA-FEIRA,-30.095172949999998,-51.225712999999999,AV VICENTE MONTEGGIA,AV CAVALHADA,BOLETIM,2,0,0,0,0,0
P4-S02,Av. Fabio Araujo Santos -> Av. Otto Niemeyer,642.1,44.3,580873,20140316,14:20,DOMINGO,-30.100662000000000,-51.225357000000002,AV OTTO NIEMEYER,,BOLETIM,2,0,0,0,0,0
P4-S06,Estr. Joao Vedana -> Estr. Joao Passuelo,2431.9,5.6,580955,20140319,08:30,QUARTA-FEIRA,-30.112520960000001,-51.214900000000000,AV VICENTE MONTEGGIA,,BOLETIM,1,0,0,1,0,0
P4-S03,Av. Otto Niemeyer -> Estr. Aracaju,756.3,5.9,581224,20140321,11:45,SEXTA-FEIRA,-30.101178080000000,-51.224241999999997,AV VICENTE MONTEGGIA,,BOLETIM,1,0,0,0,0,0
P4-S04,Estr. Aracaju -> Rua Amapa,1243.6,6.2,581483,20140327,13:40,QUINTA-FEIRA,-30.105252680000000,-51.222631999999997,AV VICENTE MONTEGGIA,,BOLETIM,1,0,0,1,0,0
P4-S01,Av. da Cavalhada / Av. Nonoai / R. Dr. Campos Velho -> Av. Fabio Araujo Santos,238.8,0.5,581636,20140328,18:00,SEXTA-FEIRA,-30.097041510000000,-51.224643999999998,AV VICENTE MONTEGGIA,,BOLETIM,0,0,0,1,0,0
P4-S02,Av. Fabio Araujo Santos -> Av. Otto Niemeyer,544.8,1.9,581576,20140328,18:35,SEXTA-FEIRA,-30.099589000000002,-51.225316999999997,AV VICENTE MONTEGGIA,,BOLETIM,1,0,0,1,0,0
P4-S01,Av. da Cavalhada / Av. Nonoai / R. Dr. Campos Velho -> Av. Fabio Araujo Santos,17.4,39.3,582025,20140404,15:30,SEXTA-FEIRA,-30.095056039999999,-51.225375000000000,AV NONOAI,,BOLETIM,0,0,0,0,0,0
P4-S04,Estr. Aracaju -> Rua Amapa,1467.6,1.1,582033,20140404,10:10,SEXTA-FEIRA,-30.107208000000000,-51.222087999999999,AV VICENTE MONTEGGIA,,BOLETIM,0,0,0,0,0,0
P4-S06,Estr. Joao Vedana -> Estr. Joao Passuelo,2626.6,6.2,582778,20140417,12:25,QUINTA-FEIRA,-30.113199999999999,-51.213110000000000,AV VICENTE MONTEGGIA,,BOLETIM,0,0,0,0,0,0
P4-S01,Av. da Cavalhada / Av. Nonoai / R. Dr. Campos Velho -> Av. Fabio Araujo Santos,7.6,7.1,582786,20140419,05:10,SABADO,-30.095172949999998,-51.225712999999999,AV VICENTE MONTEGGIA,AV CAVALHADA,BOLETIM,0,0,0,0,0,0
P4-S06,Estr. Joao Vedana -> Estr. Joao Passuelo,2377.1,4.8,582979,20140424,14:50,QUINTA-FEIRA,-30.112423000000000,-51.215468999999999,AV VICENTE MONTEGGIA,,BOLETIM,1,0,0,0,0,0
P4-S04,Estr. Aracaju -> Rua Amapa,1243.6,6.2,583186,20140426,15:12,SABADO,-30.105252680000000,-51.222631999999997,AV VICENTE MONTEGGIA,,BOLETIM,0,0,0,0,0,0
P4-S06,Estr. Joao Vedana -> Estr. Joao Passuelo,2473.7,4.5,583232,20140427,17:10,DOMINGO,-30.112461000000000,-51.214455000000001,AV VICENTE MONTEGGIA,,BOLETIM,0,0,0,0,0,0
P4-S01,Av. da Cavalhada / Av. Nonoai / R. Dr. Campos Velho -> Av. Fabio Araujo Santos,7.6,7.1,583488,20140501,16:50,QUINTA-FEIRA,-30.095172999999999,-51.225712999999999,R DR CAMPOS VELHO,AV NONOAI,BOLETIM,0,0,0,0,0,0
P4-S04,Estr. Aracaju -> Rua Amapa,1395.9,23.6,584469,20140502,10:45,SEXTA-FEIRA,-30.106646000000001,-51.222538000000000,AV JOSE CORREA DA SILVA,,BOLETIM,0,0,0,0,0,0
P4-S03,Av. Otto Niemeyer -> Estr. Aracaju,689.8,6.1,584471,20140504,21:00,DOMINGO,-30.100792999999999,-51.224783000000002,AV OTTO NIEMEYER,AV VICENTE MONTEGGIA,BOLETIM,1,1,0,0,0,0
P4-S06,Estr. Joao Vedana -> Estr. Joao Passuelo,2047.7,1.2,583468,20140505,13:50,SEGUNDA-FEIRA,-30.111266000000001,-51.218344999999999,AV VICENTE MONTEGGIA,,BOLETIM,1,0,0,1,0,0
P4-S03,Av. Otto Niemeyer -> Estr. Aracaju,689.8,6.1,583663,20140506,08:30,TERCA-FEIRA,-30.100792999999999,-51.224783000000002,AV OTTO NIEMEYER,AV VICENTE MONTEGGIA,BOLETIM,0,0,0,0,0,0
P4-S04,Estr. Aracaju -> Rua Amapa,1458.9,6.9,583888,20140511,14:35,DOMINGO,-30.107165999999999,-51.222200999999998,AV VICENTE MONTEGGIA,,BOLETIM,0,0,0,0,0,0
P4-S04,Estr. Aracaju -> Rua Amapa,1259.1,3.3,583991,20140513,07:50,TERCA-FEIRA,-30.105409000000002,-51.222687999999998,AV VICENTE MONTEGGIA,,BOLETIM,1,0,0,1,0,0
P4-S06,Estr. Joao Vedana -> Estr. Joao Passuelo,2375.3,4.8,584119,20140514,15:35,QUARTA-FEIRA,-30.112423000000000,-51.215488000000001,AV VICENTE MONTEGGIA,,BOLETIM,0,0,0,0,0,0
P4-S03,Av. Otto Niemeyer -> Estr. Aracaju,1093.8,10.2,584120,20140515,07:55,QUINTA-FEIRA,-30.103934700000000,-51.222940999999999,AV VICENTE MONTEGGIA,,BOLETIM,0,0,0,1,0,0
P4-S02,Av. Fabio Araujo Santos -> Av. Otto Niemeyer,516.3,4.3,584417,20140520,20:50,TERCA-FEIRA,-30.099332109999999,-51.225333999999997,AV VICENTE MONTEGGIA,,BOLETIM,0,0,0,0,0,0
P4-S02,Av. Fabio Araujo Santos -> Av. Otto Niemeyer,616.9,2.4,584373,20140520,17:40,TERCA-FEIRA,-30.100218000000002,-51.225149000000002,AV VICENTE MONTEGGIA,,BOLETIM,0,0,0,1,0,0
P4-S01,Av. da Cavalhada / Av. Nonoai / R. Dr. Campos Velho -> Av. Fabio Araujo Santos,126.1,3.7,584429,20140521,00:50,QUARTA-FEIRA,-30.096128000000000,-51.225147999999997,AV VICENTE MONTEGGIA,,BOLETIM,1,0,0,1,0,0
P4-S05,Rua Amapa -> Estr. Joao Vedana,1476.9,3.1,584641,20140523,23:00,SEXTA-FEIRA,-30.107299999999999,-51.222088999999997,R AMAPA,AV VICENTE MONTEGGIA,BOLETIM,1,0,0,0,1,0
P4-S04,Estr. Aracaju -> Rua Amapa,1352.1,0.6,584643,20140524,19:10,SABADO,-30.106210000000001,-51.222408000000001,AV VICENTE MONTEGGIA,,BOLETIM,0,0,0,1,0,0
P4-S03,Av. Otto Niemeyer -> Estr. Aracaju,689.1,0.0,584647,20140526,07:35,SEGUNDA-FEIRA,-30.100758610000000,-51.224733000000001,AV VICENTE MONTEGGIA,,BOLETIM,1,0,0,1,0,0
P4-S06,Estr. Joao Vedana -> Estr. Joao Passuelo,2554.0,3.2,584645,20140526,07:25,SEGUNDA-FEIRA,-30.112825999999998,-51.213746000000000,AV VICENTE MONTEGGIA,,BOLETIM,1,0,0,1,0,0
P4-S01,Av. da Cavalhada / Av. Nonoai / R. Dr. Campos Velho -> Av. Fabio Araujo Santos,7.6,7.1,584815,20140527,16:30,TERCA-FEIRA,-30.095172999999999,-51.225712999999999,R DR CAMPOS VELHO,AV NONOAI,BOLETIM,0,0,0,0,0,0
P4-S02,Av. Fabio Araujo Santos -> Av. Otto Niemeyer,555.2,3.6,585082,20140602,16:50,SEGUNDA-FEIRA,-30.099689000000001,-51.225358999999997,AV VICENTE MONTEGGIA,,BOLETIM,1,0,0,1,0,0
P4-S01,Av. da Cavalhada / Av. Nonoai / R. Dr. Campos Velho -> Av. Fabio Araujo Santos,204.8,3.2,585831,20140612,14:25,QUINTA-FEIRA,-30.096741999999999,-51.224736000000000,AV VICENTE MONTEGGIA,,BOLETIM,0,0,0,0,0,0
P4-S06,Estr. Joao Vedana -> Estr. Joao Passuelo,2543.6,3.2,585790,20140612,17:15,QUINTA-FEIRA,-30.112722999999999,-51.213791000000001,AV VICENTE MONTEGGIA,,BOLETIM,0,0,0,0,0,0
P4-S01,Av. da Cavalhada / Av. Nonoai / R. Dr. Campos Velho -> Av. Fabio Araujo Santos,7.6,7.1,585732,20140615,14:45,DOMINGO,-30.095172999999999,-51.225712999999999,R DR CAMPOS VELHO,AV NONOAI,BOLETIM,0,0,0,0,0,0
P4-S03,Av. Otto Niemeyer -> Estr. Aracaju,1024.8,5.2,586105,20140625,09:15,QUARTA-FEIRA,-30.103334810000000,-51.223125000000003,AV VICENTE MONTEGGIA,,BOLETIM,1,0,0,1,0,0
P4-S06,Estr. Joao Vedana -> Estr. Joao Passuelo,2326.5,2.0,586461,20140703,02:20,QUINTA-FEIRA,-30.112490999999999,-51.215992999999997,AV VICENTE MONTEGGIA,,BOLETIM,2,1,0,0,0,0
P4-S03,Av. Otto Niemeyer -> Estr. Aracaju,1152.4,1.6,586826,20140705,13:10,SABADO,-30.104472999999999,-51.222935999999997,AV VICENTE MONTEGGIA,,BOLETIM,0,0,0,0,0,0
P4-S05,Rua Amapa -> Estr. Joao Vedana,1751.4,0.4,586741,20140707,06:50,SEGUNDA-FEIRA,-30.109076999999999,-51.220095000000001,AV VICENTE MONTEGGIA,,BOLETIM,0,0,0,0,0,0
P4-S01,Av. da Cavalhada / Av. Nonoai / R. Dr. Campos Velho -> Av. Fabio Araujo Santos,7.6,7.1,586820,20140708,14:40,TERCA-FEIRA,-30.095172999999999,-51.225712999999999,AV VICENTE MONTEGGIA,AV NONOAI,BOLETIM,0,0,0,0,0,0
P4-S02,Av. Fabio Araujo Santos -> Av. Otto Niemeyer,405.4,3.4,587022,20140710,12:00,QUINTA-FEIRA,-30.098381000000000,-51.225245000000001,AV VICENTE MONTEGGIA,,BOLETIM,0,0,0,0,0,0
P4-S03,Av. Otto Niemeyer -> Estr. Aracaju,1012.8,2.0,605990,20140715,19:30,TERCA-FEIRA,-30.103235000000002,-51.223182999999999,AV VICENTE MONTEGGIA,,BOLETIM,1,0,0,1,0,0
P4-S02,Av. Fabio Araujo Santos -> Av. Otto Niemeyer,544.8,1.9,587236,20140717,07:00,QUINTA-FEIRA,-30.099589000000002,-51.225316999999997,AV VICENTE MONTEGGIA,,BOLETIM,2,0,0,0,0,0
P4-S03,Av. Otto Niemeyer -> Estr. Aracaju,689.8,6.1,587494,20140721,08:30,SEGUNDA-FEIRA,-30.100792999999999,-51.224783000000002,AV OTTO NIEMEYER,AV VICENTE MONTEGGIA,BOLETIM,0,0,0,0,0,0
P4-S07,Estr. Joao Passuelo -> Av. Joao Salomoni / Av. Rodrigues da Fonseca,2895.4,4.6,587791,20140726,09:30,SABADO,-30.115501999999999,-51.212471000000001,AV VICENTE MONTEGGIA,AV RODRIGUES DA FONSECA,BOLETIM,0,0,0,0,0,0
P4-S02,Av. Fabio Araujo Santos -> Av. Otto Niemeyer,549.7,1.9,587799,20140728,10:50,SEGUNDA-FEIRA,-30.099633000000001,-51.225310000000000,AV VICENTE MONTEGGIA,,BOLETIM,0,0,0,0,0,0
P4-S05,Rua Amapa -> Estr. Joao Vedana,1809.6,0.7,587783,20140728,10:40,SEGUNDA-FEIRA,-30.109517830000001,-51.219769999999997,AV VICENTE MONTEGGIA,R JORGE NAPOLEAO SILVA SOUZA,BOLETIM,0,0,0,0,0,0
P4-S07,Estr. Joao Passuelo -> Av. Joao Salomoni / Av. Rodrigues da Fonseca,2790.5,2.9,587926,20140729,16:30,TERCA-FEIRA,-30.114585000000002,-51.212516000000001,AV VICENTE MONTEGGIA,,BOLETIM,0,0,0,0,0,0
P4-S03,Av. Otto Niemeyer -> Estr. Aracaju,1161.7,1.3,587990,20140731,11:00,QUINTA-FEIRA,-30.104554000000000,-51.222912999999998,AV VICENTE MONTEGGIA,,BOLETIM,0,0,0,0,0,0
P4-S03,Av. Otto Niemeyer -> Estr. Aracaju,733.3,6.8,588042,20140801,02:24,SEXTA-FEIRA,-30.101112430000001,-51.224505000000001,AV VICENTE MONTEGGIA,,BOLETIM,0,0,0,0,0,0
P4-S01,Av. da Cavalhada / Av. Nonoai / R. Dr. Campos Velho -> Av. Fabio Araujo Santos,7.6,7.1,588398,20140802,05:30,SABADO,-30.095172949999998,-51.225712999999999,AV VICENTE MONTEGGIA,AV CAVALHADA,BOLETIM,0,0,0,0,0,0
P4-S01,Av. da Cavalhada / Av. Nonoai / R. Dr. Campos Velho -> Av. Fabio Araujo Santos,7.6,7.1,588088,20140802,20:20,SABADO,-30.095172999999999,-51.225712999999999,R DR CAMPOS VELHO,AV NONOAI,BOLETIM,0,0,0,0,0,0
P4-S06,Estr. Joao Vedana -> Estr. Joao Passuelo,2377.1,4.8,588397,20140802,19:15,SABADO,-30.112423000000000,-51.215468999999999,AV VICENTE MONTEGGIA,,BOLETIM,0,0,0,0,0,0
P4-S01,Av. da Cavalhada / Av. Nonoai / R. Dr. Campos Velho -> Av. Fabio Araujo Santos,7.6,7.1,588271,20140805,10:30,TERCA-FEIRA,-30.095172999999999,-51.225712999999999,R DR CAMPOS VELHO,AV NONOAI,BOLETIM,0,0,0,0,0,0
P4-S01,Av. da Cavalhada / Av. Nonoai / R. Dr. Campos Velho -> Av. Fabio Araujo Santos,7.6,7.1,588280,20140806,10:30,QUARTA-FEIRA,-30.095172999999999,-51.225712999999999,AV CAVALHADA,AV NONOAI,BOLETIM,0,0,0,0,0,0
P4-S05,Rua Amapa -> Estr. Joao Vedana,1799.1,5.9,588353,20140809,14:00,SABADO,-30.109412970000001,-51.219780000000000,AV VICENTE MONTEGGIA,,BOLETIM,0,0,1,1,0,0
P4-S04,Estr. Aracaju -> Rua Amapa,1395.3,8.9,588368,20140809,19:15,SABADO,-30.106607589999999,-51.222391000000002,AV VICENTE MONTEGGIA,,BOLETIM,1,1,0,1,0,0
P4-S05,Rua Amapa -> Estr. Joao Vedana,1799.1,5.9,588432,20140809,16:00,SABADO,-30.109412970000001,-51.219780000000000,AV VICENTE MONTEGGIA,,BOLETIM,0,0,0,0,0,0
P4-S01,Av. da Cavalhada / Av. Nonoai / R. Dr. Campos Velho -> Av. Fabio Araujo Santos,204.8,3.2,588810,20140816,09:40,SABADO,-30.096741999999999,-51.224736000000000,AV VICENTE MONTEGGIA,,BOLETIM,0,0,0,0,0,0
P4-S01,Av. da Cavalhada / Av. Nonoai / R. Dr. Campos Velho -> Av. Fabio Araujo Santos,7.6,7.1,588881,20140818,12:00,SEGUNDA-FEIRA,-30.095172949999998,-51.225712999999999,AV VICENTE MONTEGGIA,AV CAVALHADA,BOLETIM,0,0,0,0,0,0
P4-S06,Estr. Joao Vedana -> Estr. Joao Passuelo,2575.3,3.1,588861,20140818,11:45,SEGUNDA-FEIRA,-30.112907000000000,-51.213535000000000,AV VICENTE MONTEGGIA,,BOLETIM,0,0,0,0,0,0
P4-S02,Av. Fabio Araujo Santos -> Av. Otto Niemeyer,415.0,2.7,588959,20140820,18:50,QUARTA-FEIRA,-30.098483000000002,-51.225245999999999,AV VICENTE MONTEGGIA,,BOLETIM,1,0,0,1,0,0
P4-S03,Av. Otto Niemeyer -> Estr. Aracaju,942.0,0.0,589167,20140822,14:30,SEXTA-FEIRA,-30.102615000000000,-51.223354000000000,AV VICENTE MONTEGGIA,,BOLETIM,0,0,0,0,0,0
P4-S06,Estr. Joao Vedana -> Estr. Joao Passuelo,1934.0,0.6,589318,20140826,21:15,TERCA-FEIRA,-30.110429109999998,-51.219022000000002,ESTR JOAO VEDANA,AV VICENTE MONTEGGIA,BOLETIM,1,0,0,1,0,0
P4-S03,Av. Otto Niemeyer -> Estr. Aracaju,756.3,5.9,592141,20140827,18:20,QUARTA-FEIRA,-30.101178080000000,-51.224241999999997,AV VICENTE MONTEGGIA,,BOLETIM,1,0,0,1,0,0
P4-S04,Estr. Aracaju -> Rua Amapa,1243.6,6.2,590001,20140908,13:40,SEGUNDA-FEIRA,-30.105252680000000,-51.222631999999997,AV VICENTE MONTEGGIA,,BOLETIM,0,0,0,0,0,0
P4-S02,Av. Fabio Araujo Santos -> Av. Otto Niemeyer,516.3,4.3,590238,20140912,21:50,SEXTA-FEIRA,-30.099332109999999,-51.225333999999997,AV VICENTE MONTEGGIA,,BOLETIM,1,0,0,1,0,0
P4-S05,Rua Amapa -> Estr. Joao Vedana,1751.4,0.4,590472,20140917,22:50,QUARTA-FEIRA,-30.109076999999999,-51.220095000000001,AV VICENTE MONTEGGIA,,BOLETIM,1,0,0,1,0,0
P4-S03,Av. Otto Niemeyer -> Estr. Aracaju,1024.8,5.2,590523,20140918,14:30,QUINTA-FEIRA,-30.103334810000000,-51.223125000000003,AV VICENTE MONTEGGIA,,BOLETIM,0,0,0,0,0,0
P4-S04,Estr. Aracaju -> Rua Amapa,1300.2,4.5,590545,20140919,19:30,SEXTA-FEIRA,-30.105749029999998,-51.222504000000001,AV VICENTE MONTEGGIA,,BOLETIM,1,0,0,1,0,0
P4-S03,Av. Otto Niemeyer -> Estr. Aracaju,816.8,3.5,590563,20140920,19:00,SABADO,-30.101619950000000,-51.223863000000001,AV VICENTE MONTEGGIA,,BOLETIM,1,0,0,0,0,0
P4-S02,Av. Fabio Araujo Santos -> Av. Otto Niemeyer,415.0,2.7,590938,20140925,16:30,QUINTA-FEIRA,-30.098483000000002,-51.225245999999999,AV VICENTE MONTEGGIA,,BOLETIM,0,0,0,0,0,0
P4-S02,Av. Fabio Araujo Santos -> Av. Otto Niemeyer,544.8,1.9,591030,20140925,18:00,QUINTA-FEIRA,-30.099589000000002,-51.225316999999997,AV VICENTE MONTEGGIA,,BOLETIM,1,0,0,1,0,0
P4-S02,Av. Fabio Araujo Santos -> Av. Otto Niemeyer,377.7,2.3,590981,20140926,18:50,SEXTA-FEIRA,-30.098199999999999,-51.225037999999998,AV VICENTE MONTEGGIA,,BOLETIM,1,0,0,1,0,0
P4-S04,Estr. Aracaju -> Rua Amapa,1243.6,6.2,591248,20141003,11:50,SEXTA-FEIRA,-30.105252680000000,-51.222631999999997,AV VICENTE MONTEGGIA,,BOLETIM,1,1,0,1,0,0
P4-S05,Rua Amapa -> Estr. Joao Vedana,1541.0,9.0,591437,20141003,13:45,SEXTA-FEIRA,-30.107761520000000,-51.221663999999997,AV VICENTE MONTEGGIA,,BOLETIM,0,0,0,0,0,0
P4-S05,Rua Amapa -> Estr. Joao Vedana,1581.7,6.9,591262,20141004,03:38,SABADO,-30.108006719999999,-51.221350000000001,AV VICENTE MONTEGGIA,,BOLETIM,0,0,0,0,0,0
P4-S01,Av. da Cavalhada / Av. Nonoai / R. Dr. Campos Velho -> Av. Fabio Araujo Santos,7.6,7.1,591270,20141005,11:20,DOMINGO,-30.095172999999999,-51.225712999999999,R DR CAMPOS VELHO,AV NONOAI,BOLETIM,0,0,0,0,0,0
P4-S04,Estr. Aracaju -> Rua Amapa,1304.4,4.6,591515,20141008,10:00,QUARTA-FEIRA,-30.105806000000001,-51.222583999999998,AV VICENTE MONTEGGIA,,BOLETIM,1,0,0,1,0,0
P4-S01,Av. da Cavalhada / Av. Nonoai / R. Dr. Campos Velho -> Av. Fabio Araujo Santos,7.6,7.1,591711,20141010,05:35,SEXTA-FEIRA,-30.095172999999999,-51.225712999999999,AV VICENTE MONTEGGIA,AV NONOAI,BOLETIM,0,0,0,0,0,0
P4-S03,Av. Otto Niemeyer -> Estr. Aracaju,900.7,1.3,593227,20141013,18:00,SEGUNDA-FEIRA,-30.102253999999999,-51.223455000000001,AV VICENTE MONTEGGIA,,BOLETIM,1,0,0,0,0,0
P4-S06,Estr. Joao Vedana -> Estr. Joao Passuelo,2483.3,5.7,591706,20141013,16:00,SEGUNDA-FEIRA,-30.112472000000000,-51.214356000000002,AV VICENTE MONTEGGIA,,BOLETIM,1,0,0,0,0,0
P4-S03,Av. Otto Niemeyer -> Estr. Aracaju,864.3,0.3,592614,20141029,15:00,QUARTA-FEIRA,-30.101939999999999,-51.223551000000000,AV VICENTE MONTEGGIA,,BOLETIM,1,0,0,1,0,0
P4-S03,Av. Otto Niemeyer -> Estr. Aracaju,977.4,1.0,592619,20141029,16:45,QUARTA-FEIRA,-30.102924999999999,-51.223269000000002,AV VICENTE MONTEGGIA,,BOLETIM,1,0,0,0,0,0
P4-S03,Av. Otto Niemeyer -> Estr. Aracaju,1063.5,5.3,592658,20141030,17:50,QUINTA-FEIRA,-30.103694090000001,-51.223154999999998,AV VICENTE MONTEGGIA,,BOLETIM,2,0,0,1,0,0
P4-S05,Rua Amapa -> Estr. Joao Vedana,1753.1,2.4,592660,20141030,08:58,QUINTA-FEIRA,-30.109073570000000,-51.220059999999997,AV VICENTE MONTEGGIA,,BOLETIM,0,0,0,0,0,0
P4-S02,Av. Fabio Araujo Santos -> Av. Otto Niemeyer,561.4,2.7,592751,20141103,11:00,SEGUNDA-FEIRA,-30.099736000000000,-51.225285000000000,AV VICENTE MONTEGGIA,,BOLETIM,1,1,0,1,0,0
P4-S06,Estr. Joao Vedana -> Estr. Joao Passuelo,2011.4,3.2,592845,20141103,08:30,SEGUNDA-FEIRA,-30.111024520000001,-51.218603000000002,AV VICENTE MONTEGGIA,,BOLETIM,0,0,0,0,0,0
P4-S01,Av. da Cavalhada / Av. Nonoai / R. Dr. Campos Velho -> Av. Fabio Araujo Santos,7.6,7.1,593112,20141105,12:35,QUARTA-FEIRA,-30.095172999999999,-51.225712999999999,R DR CAMPOS VELHO,AV NONOAI,BOLETIM,0,0,0,0,0,0
P4-S02,Av. Fabio Araujo Santos -> Av. Otto Niemeyer,287.9,5.8,593036,20141106,13:40,QUINTA-FEIRA,-30.097466000000001,-51.224687000000003,AV VICENTE MONTEGGIA,,BOLETIM,1,0,0,1,0,0
P4-S01,Av. da Cavalhada / Av. Nonoai / R. Dr. Campos Velho -> Av. Fabio Araujo Santos,1.2,4.7,593109,20141108,19:50,SABADO,-30.095149280000001,-51.225779000000003,AV CAVALHADA,,BOLETIM,2,0,0,1,0,0
P4-S01,Av. da Cavalhada / Av. Nonoai / R. Dr. Campos Velho -> Av. Fabio Araujo Santos,6.1,26.2,593106,20141108,16:30,SABADO,-30.095383999999999,-51.225959000000003,AV CAVALHADA,,BOLETIM,1,0,0,0,0,0
P4-S02,Av. Fabio Araujo Santos -> Av. Otto Niemeyer,405.4,3.4,593352,20141110,14:20,SEGUNDA-FEIRA,-30.098381000000000,-51.225245000000001,AV VICENTE MONTEGGIA,,BOLETIM,0,0,0,0,0,0
P4-S02,Av. Fabio Araujo Santos -> Av. Otto Niemeyer,403.7,2.7,593451,20141111,08:54,TERCA-FEIRA,-30.098398000000000,-51.225183000000001,AV VICENTE MONTEGGIA,,BOLETIM,0,0,0,0,0,0
P4-S03,Av. Otto Niemeyer -> Estr. Aracaju,1085.9,0.7,593597,20141114,12:00,SEXTA-FEIRA,-30.103885890000001,-51.223067999999998,ESTR ARACAJU,AV VICENTE MONTEGGIA,BOLETIM,0,0,0,0,0,0
P4-S05,Rua Amapa -> Estr. Joao Vedana,1809.6,0.7,593598,20141114,13:25,SEXTA-FEIRA,-30.109517830000001,-51.219769999999997,AV VICENTE MONTEGGIA,R JORGE NAPOLEAO SILVA SOUZA,BOLETIM,0,0,0,0,0,0
P4-S05,Rua Amapa -> Estr. Joao Vedana,1739.7,8.5,594214,20141126,21:50,QUARTA-FEIRA,-30.109044330000000,-51.220238000000002,AV VICENTE MONTEGGIA,,BOLETIM,3,0,1,0,0,1
P4-S06,Estr. Joao Vedana -> Estr. Joao Passuelo,2062.7,4.7,594585,20141203,07:35,QUARTA-FEIRA,-30.111325000000001,-51.218192000000002,AV VICENTE MONTEGGIA,,BOLETIM,0,0,0,0,0,0
P4-S04,Estr. Aracaju -> Rua Amapa,1243.6,6.2,594659,20141204,08:30,QUINTA-FEIRA,-30.105252680000000,-51.222631999999997,AV VICENTE MONTEGGIA,,BOLETIM,1,0,0,1,0,0
P4-S05,Rua Amapa -> Estr. Joao Vedana,1476.9,3.1,594835,20141205,07:45,SEXTA-FEIRA,-30.107300039999998,-51.222088999999997,R GREGORIO PEREZ,AV VICENTE MONTEGGIA,BOLETIM,0,0,0,0,0,0
P4-S06,Estr. Joao Vedana -> Estr. Joao Passuelo,1934.0,0.6,594754,20141206,13:00,SABADO,-30.110429109999998,-51.219022000000002,ESTR JOAO VEDANA,AV VICENTE MONTEGGIA,BOLETIM,0,0,0,0,0,0
P4-S01,Av. da Cavalhada / Av. Nonoai / R. Dr. Campos Velho -> Av. Fabio Araujo Santos,22.4,54.4,595148,20141209,16:15,TERCA-FEIRA,-30.094997960000001,-51.225225999999999,AV NONOAI,,BOLETIM,0,0,0,0,0,0
P4-S07,Estr. Joao Passuelo -> Av. Joao Salomoni / Av. Rodrigues da Fonseca,2723.6,4.9,595008,20141213,13:40,SABADO,-30.113992509999999,-51.212662999999999,AV VICENTE MONTEGGIA,,BOLETIM,1,0,0,1,0,0
P4-S01,Av. da Cavalhada / Av. Nonoai / R. Dr. Campos Velho -> Av. Fabio Araujo Santos,17.4,39.3,595307,20141214,05:00,DOMINGO,-30.095056039999999,-51.225375000000000,AV NONOAI,,BOLETIM,0,0,0,0,0,0
P4-S06,Estr. Joao Vedana -> Estr. Joao Passuelo,1937.0,6.5,595350,20141218,20:00,QUINTA-FEIRA,-30.110417720000001,-51.218955000000001,AV VICENTE MONTEGGIA,,BOLETIM,1,0,0,1,0,0
P4-S01,Av. da Cavalhada / Av. Nonoai / R. Dr. Campos Velho -> Av. Fabio Araujo Santos,7.6,7.1,595628,20141222,14:15,SEGUNDA-FEIRA,-30.095172999999999,-51.225712999999999,R DR CAMPOS VELHO,AV NONOAI,BOLETIM,0,0,0,0,0,0
P4-S01,Av. da Cavalhada / Av. Nonoai / R. Dr. Campos Velho -> Av. Fabio Araujo Santos,213.9,0.3,595970,20141223,18:00,TERCA-FEIRA,-30.096827999999999,-51.224724000000002,AV VICENTE MONTEGGIA,AV FABIO ARAUJO SANTOS,BOLETIM,1,0,0,1,0,0
P4-S05,Rua Amapa -> Estr. Joao Vedana,1707.8,3.2,595789,20141226,19:30,SEXTA-FEIRA,-30.108794000000000,-51.220410000000001,AV VICENTE MONTEGGIA,,BOLETIM,0,0,0,1,0,0
P4-S06,Estr. Joao Vedana -> Estr. Joao Passuelo,2375.3,4.8,597316,20150106,18:20,TERCA-FEIRA,-30.112423000000000,-51.215488000000001,AV VICENTE MONTEGGIA,,BOLETIM,1,0,0,0,0,0
P4-S01,Av. da Cavalhada / Av. Nonoai / R. Dr. Campos Velho -> Av. Fabio Araujo Santos,17.4,39.3,596139,20150109,22:20,SEXTA-FEIRA,-30.095056039999999,-51.225375000000000,AV NONOAI,,BOLETIM,1,0,0,0,0,0
P4-S04,Estr. Aracaju -> Rua Amapa,1259.1,3.3,596259,20150113,07:30,TERCA-FEIRA,-30.105409000000002,-51.222687999999998,AV VICENTE MONTEGGIA,,BOLETIM,1,1,0,0,0,0
P4-S05,Rua Amapa -> Estr. Joao Vedana,1799.1,5.9,596413,20150113,13:40,TERCA-FEIRA,-30.109412970000001,-51.219780000000000,AV VICENTE MONTEGGIA,,BOLETIM,0,0,0,0,0,2
P4-S01,Av. da Cavalhada / Av. Nonoai / R. Dr. Campos Velho -> Av. Fabio Araujo Santos,174.0,3.0,597072,20150131,05:50,SABADO,-30.096492999999999,-51.224874000000000,AV VICENTE MONTEGGIA,,BOLETIM,1,0,0,0,0,0
P4-S01,Av. da Cavalhada / Av. Nonoai / R. Dr. Campos Velho -> Av. Fabio Araujo Santos,238.8,0.5,597172,20150203,18:10,TERCA-FEIRA,-30.097041510000000,-51.224643999999998,AV VICENTE MONTEGGIA,,BOLETIM,1,0,0,1,0,0
P4-S01,Av. da Cavalhada / Av. Nonoai / R. Dr. Campos Velho -> Av. Fabio Araujo Santos,1.2,4.7,597374,20150207,12:00,SABADO,-30.095149280000001,-51.225779000000003,AV CAVALHADA,,BOLETIM,1,0,0,0,0,0
P4-S04,Estr. Aracaju -> Rua Amapa,1228.2,3.8,602959,20150209,18:00,SEGUNDA-FEIRA,-30.105124000000000,-51.222695000000002,AV VICENTE MONTEGGIA,,BOLETIM,0,0,0,0,0,0
P4-S01,Av. da Cavalhada / Av. Nonoai / R. Dr. Campos Velho -> Av. Fabio Araujo Santos,7.6,7.1,597686,20150212,18:50,QUINTA-FEIRA,-30.095172999999999,-51.225712999999999,R DR CAMPOS VELHO,AV CAVALHADA,BOLETIM,0,0,0,0,0,0
P4-S05,Rua Amapa -> Estr. Joao Vedana,1800.2,3.0,597758,20150214,07:50,SABADO,-30.109435000000001,-51.219799999999999,AV VICENTE MONTEGGIA,,BOLETIM,0,0,0,0,0,0
P4-S06,Estr. Joao Vedana -> Estr. Joao Passuelo,2642.4,6.5,597771,20150218,08:50,QUARTA-FEIRA,-30.113307370000001,-51.213003000000000,AV VICENTE MONTEGGIA,ESTR JOAO PASSUELO,BOLETIM,0,0,0,0,0,0
P4-S07,Estr. Joao Passuelo -> Av. Joao Salomoni / Av. Rodrigues da Fonseca,2813.4,0.8,598020,20150223,23:00,SEGUNDA-FEIRA,-30.114771260000001,-51.212406000000001,AV VICENTE MONTEGGIA,,BOLETIM,0,0,0,0,0,0
P4-S01,Av. da Cavalhada / Av. Nonoai / R. Dr. Campos Velho -> Av. Fabio Araujo Santos,7.6,7.1,607824,20150225,11:25,QUARTA-FEIRA,-30.095172949999998,-51.225712999999999,AV VICENTE MONTEGGIA,AV CAVALHADA,BOLETIM,0,0,0,0,0,0
P4-S01,Av. da Cavalhada / Av. Nonoai / R. Dr. Campos Velho -> Av. Fabio Araujo Santos,7.6,7.1,598118,20150225,12:10,QUARTA-FEIRA,-30.095172999999999,-51.225712999999999,R DR CAMPOS VELHO,AV NONOAI,BOLETIM,0,0,0,0,0,0
P4-S01,Av. da Cavalhada / Av. Nonoai / R. Dr. Campos Velho -> Av. Fabio Araujo Santos,7.6,7.1,599167,20150301,21:30,DOMINGO,-30.095172999999999,-51.225712999999999,R DR CAMPOS VELHO,AV NONOAI,BOLETIM,1,0,0,0,0,1
P4-S01,Av. da Cavalhada / Av. Nonoai / R. Dr. Campos Velho -> Av. Fabio Araujo Santos,20.6,3.0,599943,20150302,23:30,SEGUNDA-FEIRA,-30.095286000000002,-51.225645000000000,AV VICENTE MONTEGGIA,,BOLETIM,1,0,0,1,0,0
P4-S06,Estr. Joao Vedana -> Estr. Joao Passuelo,2268.4,3.1,598188,20150302,20:05,SEGUNDA-FEIRA,-30.112521999999998,-51.216600999999997,AV VICENTE MONTEGGIA,,BOLETIM,1,0,0,0,0,0
P4-S05,Rua Amapa -> Estr. Joao Vedana,1476.9,3.1,598304,20150305,08:40,QUINTA-FEIRA,-30.107299999999999,-51.222088999999997,R AMAPA,AV VICENTE MONTEGGIA,BOLETIM,0,0,0,0,0,0
P4-S02,Av. Fabio Araujo Santos -> Av. Otto Niemeyer,296.5,3.2,614355,20150314,19:24,SABADO,-30.097559159999999,-51.224617000000002,AV VICENTE MONTEGGIA,,BOLETIM,0,0,0,0,0,0
P4-S01,Av. da Cavalhada / Av. Nonoai / R. Dr. Campos Velho -> Av. Fabio Araujo Santos,51.1,10.4,599414,20150324,23:45,TERCA-FEIRA,-30.095460920000001,-51.225383999999998,AV VICENTE MONTEGGIA,,BOLETIM,0,0,0,0,0,0
P4-S07,Estr. Joao Passuelo -> Av. Joao Salomoni / Av. Rodrigues da Fonseca,2804.4,2.8,599351,20150326,17:40,QUINTA-FEIRA,-30.114702999999999,-51.212468000000001,AV VICENTE MONTEGGIA,,BOLETIM,1,0,0,1,0,0
P4-S01,Av. da Cavalhada / Av. Nonoai / R. Dr. Campos Velho -> Av. Fabio Araujo Santos,7.6,7.1,599381,20150327,19:30,SEXTA-FEIRA,-30.095172999999999,-51.225712999999999,R DR CAMPOS VELHO,AV NONOAI,BOLETIM,1,0,0,0,1,0
P4-S01,Av. da Cavalhada / Av. Nonoai / R. Dr. Campos Velho -> Av. Fabio Araujo Santos,7.6,7.1,599490,20150329,17:00,DOMINGO,-30.095172999999999,-51.225712999999999,R DR CAMPOS VELHO,AV NONOAI,BOLETIM,0,0,0,0,0,0
P4-S05,Rua Amapa -> Estr. Joao Vedana,1799.1,5.9,599444,20150330,08:20,SEGUNDA-FEIRA,-30.109412970000001,-51.219780000000000,AV VICENTE MONTEGGIA,,BOLETIM,1,1,0,1,0,0
P4-S01,Av. da Cavalhada / Av. Nonoai / R. Dr. Campos Velho -> Av. Fabio Araujo Santos,212.8,45.5,599708,20150402,15:35,QUINTA-FEIRA,-30.096678000000001,-51.224285999999999,AV FABIO ARAUJO SANTOS,,BOLETIM,0,0,0,1,0,0
P4-S01,Av. da Cavalhada / Av. Nonoai / R. Dr. Campos Velho -> Av. Fabio Araujo Santos,1.2,4.7,599742,20150406,11:10,SEGUNDA-FEIRA,-30.095149280000001,-51.225779000000003,AV CAVALHADA,,BOLETIM,0,0,0,0,0,0
P4-S01,Av. da Cavalhada / Av. Nonoai / R. Dr. Campos Velho -> Av. Fabio Araujo Santos,7.6,7.1,600027,20150408,20:00,QUARTA-FEIRA,-30.095172949999998,-51.225712999999999,AV VICENTE MONTEGGIA,AV CAVALHADA,BOLETIM,0,0,0,0,0,1
P4-S03,Av. Otto Niemeyer -> Estr. Aracaju,689.8,6.1,600187,20150411,10:10,SABADO,-30.100792999999999,-51.224783000000002,AV OTTO NIEMEYER,AV VICENTE MONTEGGIA,BOLETIM,0,0,0,0,0,0
P4-S02,Av. Fabio Araujo Santos -> Av. Otto Niemeyer,415.0,2.7,600494,20150417,23:00,SEXTA-FEIRA,-30.098483000000002,-51.225245999999999,AV VICENTE MONTEGGIA,,BOLETIM,1,0,0,1,0,0
P4-S01,Av. da Cavalhada / Av. Nonoai / R. Dr. Campos Velho -> Av. Fabio Araujo Santos,7.6,7.1,600416,20150419,12:25,DOMINGO,-30.095172949999998,-51.225712999999999,AV VICENTE MONTEGGIA,AV CAVALHADA,BOLETIM,0,0,0,0,0,0
P4-S01,Av. da Cavalhada / Av. Nonoai / R. Dr. Campos Velho -> Av. Fabio Araujo Santos,7.6,7.1,600488,20150422,07:50,QUARTA-FEIRA,-30.095172999999999,-51.225712999999999,R DR CAMPOS VELHO,AV CAVALHADA,BOLETIM,0,0,0,0,0,0
P4-S03,Av. Otto Niemeyer -> Estr. Aracaju,1085.9,0.7,600841,20150428,08:30,TERCA-FEIRA,-30.103885890000001,-51.223067999999998,ESTR ARACAJU,AV VICENTE MONTEGGIA,BOLETIM,1,0,0,1,0,0
P4-S06,Estr. Joao Vedana -> Estr. Joao Passuelo,1934.0,0.6,602114,20150502,22:35,SABADO,-30.110429109999998,-51.219022000000002,ESTR JOAO VEDANA,AV VICENTE MONTEGGIA,BOLETIM,0,0,0,0,0,0
P4-S03,Av. Otto Niemeyer -> Estr. Aracaju,689.8,6.1,601072,20150504,14:15,SEGUNDA-FEIRA,-30.100792999999999,-51.224783000000002,AV OTTO NIEMEYER,AV VICENTE MONTEGGIA,BOLETIM,0,0,0,1,0,0
P4-S01,Av. da Cavalhada / Av. Nonoai / R. Dr. Campos Velho -> Av. Fabio Araujo Santos,213.9,0.3,601479,20150505,12:30,TERCA-FEIRA,-30.096827999999999,-51.224724000000002,AV VICENTE MONTEGGIA,AV FABIO ARAUJO SANTOS,BOLETIM,0,0,0,0,0,0
P4-S05,Rua Amapa -> Estr. Joao Vedana,1799.1,5.9,601120,20150505,13:30,TERCA-FEIRA,-30.109412970000001,-51.219780000000000,AV VICENTE MONTEGGIA,,BOLETIM,1,0,0,1,0,0
P4-S03,Av. Otto Niemeyer -> Estr. Aracaju,674.6,1.4,601377,20150508,12:20,SEXTA-FEIRA,-30.100653999999999,-51.224823000000001,AV VICENTE MONTEGGIA,,BOLETIM,1,0,0,0,0,0
P4-S06,Estr. Joao Vedana -> Estr. Joao Passuelo,1959.8,4.0,602034,20150512,16:40,TERCA-FEIRA,-30.110602000000000,-51.218837999999998,AV VICENTE MONTEGGIA,,BOLETIM,0,0,0,0,0,0
P4-S01,Av. da Cavalhada / Av. Nonoai / R. Dr. Campos Velho -> Av. Fabio Araujo Santos,7.6,7.1,603294,20150527,11:30,QUARTA-FEIRA,-30.095172999999999,-51.225712999999999,R DR CAMPOS VELHO,AV NONOAI,BOLETIM,0,0,0,0,0,0
P4-S03,Av. Otto Niemeyer -> Estr. Aracaju,689.8,6.1,603686,20150527,07:35,QUARTA-FEIRA,-30.100792999999999,-51.224783000000002,AV OTTO NIEMEYER,AV VICENTE MONTEGGIA,BOLETIM,0,0,0,0,0,0
P4-S01,Av. da Cavalhada / Av. Nonoai / R. Dr. Campos Velho -> Av. Fabio Araujo Santos,0.0,46.2,603845,20150605,20:05,SEXTA-FEIRA,-30.095471000000000,-51.226157000000001,AV CAVALHADA,,BOLETIM,0,0,0,0,0,0
P4-S03,Av. Otto Niemeyer -> Estr. Aracaju,689.1,0.0,603868,20150607,18:50,DOMINGO,-30.100758610000000,-51.224733000000001,AV VICENTE MONTEGGIA,,BOLETIM,0,0,0,0,0,0
P4-S01,Av. da Cavalhada / Av. Nonoai / R. Dr. Campos Velho -> Av. Fabio Araujo Santos,7.6,7.1,604597,20150615,23:45,SEGUNDA-FEIRA,-30.095172999999999,-51.225712999999999,AV VICENTE MONTEGGIA,AV NONOAI,BOLETIM,1,1,0,1,0,0
P4-S03,Av. Otto Niemeyer -> Estr. Aracaju,689.1,0.0,605101,20150618,13:25,QUINTA-FEIRA,-30.100758610000000,-51.224733000000001,AV VICENTE MONTEGGIA,,BOLETIM,0,0,0,0,0,0
P4-S01,Av. da Cavalhada / Av. Nonoai / R. Dr. Campos Velho -> Av. Fabio Araujo Santos,7.6,7.1,605276,20150620,11:18,SABADO,-30.095172999999999,-51.225712999999999,R DR CAMPOS VELHO,AV CAVALHADA,BOLETIM,0,0,0,0,0,0
P4-S07,Estr. Joao Passuelo -> Av. Joao Salomoni / Av. Rodrigues da Fonseca,2897.6,13.9,605004,20150620,17:10,SABADO,-30.115548000000000,-51.212387000000000,AV RODRIGUES DA FONSECA,,BOLETIM,0,0,0,0,0,0
P4-S04,Estr. Aracaju -> Rua Amapa,1314.0,1.1,605548,20150623,13:25,TERCA-FEIRA,-30.105877000000000,-51.222501999999999,AV VICENTE MONTEGGIA,,BOLETIM,0,0,0,0,0,0
P4-S06,Estr. Joao Vedana -> Estr. Joao Passuelo,2578.6,2.8,605406,20150624,14:30,QUARTA-FEIRA,-30.112967000000001,-51.213549000000000,AV VICENTE MONTEGGIA,,BOLETIM,0,0,0,0,0,0
P4-S03,Av. Otto Niemeyer -> Estr. Aracaju,689.8,6.1,605553,20150627,12:20,SABADO,-30.100792999999999,-51.224783000000002,AV OTTO NIEMEYER,AV VICENTE MONTEGGIA,BOLETIM,0,0,0,0,0,0
P4-S04,Estr. Aracaju -> Rua Amapa,1287.5,1.9,605554,20150627,13:45,SABADO,-30.105644999999999,-51.222563000000001,AV VICENTE MONTEGGIA,,BOLETIM,0,0,0,0,0,0
P4-S05,Rua Amapa -> Estr. Joao Vedana,1753.1,2.4,605885,20150630,18:40,TERCA-FEIRA,-30.109073570000000,-51.220059999999997,AV VICENTE MONTEGGIA,,BOLETIM,0,0,0,0,0,0
P4-S01,Av. da Cavalhada / Av. Nonoai / R. Dr. Campos Velho -> Av. Fabio Araujo Santos,17.4,39.3,605800,20150701,15:30,QUARTA-FEIRA,-30.095056039999999,-51.225375000000000,AV NONOAI,,BOLETIM,1,0,0,0,0,0
P4-S02,Av. Fabio Araujo Santos -> Av. Otto Niemeyer,316.6,4.1,605847,20150701,09:15,QUARTA-FEIRA,-30.097698999999999,-51.224773999999996,AV VICENTE MONTEGGIA,,BOLETIM,0,0,0,0,0,0
P4-S03,Av. Otto Niemeyer -> Estr. Aracaju,1028.9,3.5,605737,20150702,07:45,QUINTA-FEIRA,-30.103387000000001,-51.223205000000000,AV VICENTE MONTEGGIA,,BOLETIM,1,0,0,1,0,0
P4-S05,Rua Amapa -> Estr. Joao Vedana,1799.1,5.9,605897,20150706,08:30,SEGUNDA-FEIRA,-30.109412970000001,-51.219780000000000,AV VICENTE MONTEGGIA,,BOLETIM,1,0,0,1,0,0
P4-S03,Av. Otto Niemeyer -> Estr. Aracaju,1018.7,10.3,606155,20150707,17:30,TERCA-FEIRA,-30.103309729999999,-51.223295000000000,AV VICENTE MONTEGGIA,,BOLETIM,0,0,0,0,0,0
P4-S03,Av. Otto Niemeyer -> Estr. Aracaju,689.1,0.0,606396,20150710,18:30,SEXTA-FEIRA,-30.100758610000000,-51.224733000000001,AV VICENTE MONTEGGIA,,BOLETIM,0,0,0,0,0,0
P4-S04,Estr. Aracaju -> Rua Amapa,1243.6,6.2,606624,20150711,16:20,SABADO,-30.105252680000000,-51.222631999999997,AV VICENTE MONTEGGIA,,BOLETIM,0,0,0,1,0,0
P4-S04,Estr. Aracaju -> Rua Amapa,1461.4,7.2,606868,20150718,19:25,SABADO,-30.107187509999999,-51.222192999999997,AV VICENTE MONTEGGIA,,BOLETIM,2,0,0,1,0,0
P4-S01,Av. da Cavalhada / Av. Nonoai / R. Dr. Campos Velho -> Av. Fabio Araujo Santos,7.6,7.1,607154,20150721,19:00,TERCA-FEIRA,-30.095172999999999,-51.225712999999999,R DR CAMPOS VELHO,AV NONOAI,BOLETIM,0,0,0,0,0,0
P4-S07,Estr. Joao Passuelo -> Av. Joao Salomoni / Av. Rodrigues da Fonseca,2831.8,3.0,607221,20150723,23:35,QUINTA-FEIRA,-30.114932520000000,-51.212358000000002,AV VICENTE MONTEGGIA,,BOLETIM,0,0,0,0,0,0
P4-S04,Estr. Aracaju -> Rua Amapa,1326.1,2.3,609652,20150725,03:15,SABADO,-30.105989810000001,-51.222504999999998,R MODESTO PEREIRA PINTO,AV VICENTE MONTEGGIA,BOLETIM,1,0,0,0,0,0
P4-S01,Av. da Cavalhada / Av. Nonoai / R. Dr. Campos Velho -> Av. Fabio Araujo Santos,124.9,6.8,607557,20150726,19:50,DOMINGO,-30.096130190000000,-51.225181999999997,AV VICENTE MONTEGGIA,,BOLETIM,0,0,0,0,0,0
P4-S02,Av. Fabio Araujo Santos -> Av. Otto Niemeyer,328.2,3.8,607575,20150729,14:30,QUARTA-FEIRA,-30.097792999999999,-51.224826000000000,AV VICENTE MONTEGGIA,,BOLETIM,0,0,0,0,0,0
P4-S02,Av. Fabio Araujo Santos -> Av. Otto Niemeyer,516.3,4.3,607877,20150801,07:45,SABADO,-30.099332109999999,-51.225333999999997,AV VICENTE MONTEGGIA,,BOLETIM,0,0,0,0,0,0
P4-S04,Estr. Aracaju -> Rua Amapa,1300.2,4.5,608460,20150805,15:00,QUARTA-FEIRA,-30.105749029999998,-51.222504000000001,AV VICENTE MONTEGGIA,,BOLETIM,0,0,0,0,0,0
P4-S06,Estr. Joao Vedana -> Estr. Joao Passuelo,2417.8,2.4,608660,20150808,16:30,SABADO,-30.112490999999999,-51.215046000000001,AV VICENTE MONTEGGIA,,BOLETIM,0,0,0,0,0,0
P4-S05,Rua Amapa -> Estr. Joao Vedana,1581.7,6.9,608991,20150809,18:25,DOMINGO,-30.108006719999999,-51.221350000000001,AV VICENTE MONTEGGIA,,BOLETIM,0,0,0,0,0,0
P4-S07,Estr. Joao Passuelo -> Av. Joao Salomoni / Av. Rodrigues da Fonseca,2723.6,4.9,608837,20150815,23:50,SABADO,-30.113992509999999,-51.212662999999999,AV VICENTE MONTEGGIA,,BOLETIM,1,0,0,0,0,0
P4-S01,Av. da Cavalhada / Av. Nonoai / R. Dr. Campos Velho -> Av. Fabio Araujo Santos,1.2,4.7,608900,20150818,13:30,TERCA-FEIRA,-30.095149280000001,-51.225779000000003,AV CAVALHADA,,BOLETIM,1,0,0,1,0,0
P4-S02,Av. Fabio Araujo Santos -> Av. Otto Niemeyer,634.9,4.9,609718,20150821,17:20,SEXTA-FEIRA,-30.100330629999998,-51.224994000000002,AV VICENTE MONTEGGIA,,BOLETIM,0,0,0,0,0,0
P4-S07,Estr. Joao Passuelo -> Av. Joao Salomoni / Av. Rodrigues da Fonseca,2723.6,4.9,609662,20150824,17:30,SEGUNDA-FEIRA,-30.113992509999999,-51.212662999999999,AV VICENTE MONTEGGIA,,BOLETIM,0,0,0,0,0,0
P4-S01,Av. da Cavalhada / Av. Nonoai / R. Dr. Campos Velho -> Av. Fabio Araujo Santos,51.1,10.4,609553,20150825,07:30,TERCA-FEIRA,-30.095460920000001,-51.225383999999998,AV VICENTE MONTEGGIA,,BOLETIM,0,0,0,0,0,0
P4-S01,Av. da Cavalhada / Av. Nonoai / R. Dr. Campos Velho -> Av. Fabio Araujo Santos,213.9,0.3,610045,20150828,12:30,SEXTA-FEIRA,-30.096827999999999,-51.224724000000002,AV VICENTE MONTEGGIA,AV FABIO ARAUJO SANTOS,BOLETIM,0,0,0,0,0,0
P4-S07,Estr. Joao Passuelo -> Av. Joao Salomoni / Av. Rodrigues da Fonseca,2736.8,3.9,609986,20150829,23:00,SABADO,-30.114129999999999,-51.212705000000000,AV VICENTE MONTEGGIA,,BOLETIM,0,0,0,0,0,0
P4-S03,Av. Otto Niemeyer -> Estr. Aracaju,689.8,6.1,610639,20150901,10:20,TERCA-FEIRA,-30.100792999999999,-51.224783000000002,AV OTTO NIEMEYER,AV VICENTE MONTEGGIA,BOLETIM,0,0,0,0,0,0
P4-S06,Estr. Joao Vedana -> Estr. Joao Passuelo,2019.0,0.1,610284,20150903,13:00,QUINTA-FEIRA,-30.111066000000001,-51.218533000000001,AV VICENTE MONTEGGIA,,BOLETIM,0,0,0,0,0,0
P4-S06,Estr. Joao Vedana -> Estr. Joao Passuelo,1942.9,6.2,610356,20150908,08:00,TERCA-FEIRA,-30.110460650000000,-51.218919000000000,AV VICENTE MONTEGGIA,,BOLETIM,0,0,0,1,0,0
P4-S02,Av. Fabio Araujo Santos -> Av. Otto Niemeyer,287.9,5.8,611046,20150917,12:10,QUINTA-FEIRA,-30.097466000000001,-51.224687000000003,AV VICENTE MONTEGGIA,,BOLETIM,0,0,0,0,0,0
P4-S03,Av. Otto Niemeyer -> Estr. Aracaju,1028.9,3.5,610835,20150917,13:20,QUINTA-FEIRA,-30.103387000000001,-51.223205000000000,AV VICENTE MONTEGGIA,,BOLETIM,1,0,0,1,0,0
P4-S06,Estr. Joao Vedana -> Estr. Joao Passuelo,2011.4,3.2,610854,20150917,07:50,QUINTA-FEIRA,-30.111024520000001,-51.218603000000002,AV VICENTE MONTEGGIA,,BOLETIM,0,0,0,0,0,0
P4-S03,Av. Otto Niemeyer -> Estr. Aracaju,689.1,0.0,612672,20150925,07:40,SEXTA-FEIRA,-30.100758610000000,-51.224733000000001,AV VICENTE MONTEGGIA,,BOLETIM,0,0,0,0,0,0
P4-S01,Av. da Cavalhada / Av. Nonoai / R. Dr. Campos Velho -> Av. Fabio Araujo Santos,7.6,7.1,612295,20151005,10:30,SEGUNDA-FEIRA,-30.095172999999999,-51.225712999999999,R DR CAMPOS VELHO,AV CAVALHADA,BOLETIM,0,0,0,0,0,0
P4-S06,Estr. Joao Vedana -> Estr. Joao Passuelo,2473.7,4.5,614095,20151009,18:45,SEXTA-FEIRA,-30.112461000000000,-51.214455000000001,AV VICENTE MONTEGGIA,,BOLETIM,0,0,0,0,0,0
P4-S06,Estr. Joao Vedana -> Estr. Joao Passuelo,2620.3,4.9,613071,20151017,11:50,SABADO,-30.113164000000001,-51.213161999999997,AV VICENTE MONTEGGIA,,BOLETIM,0,0,0,0,0,0
P4-S01,Av. da Cavalhada / Av. Nonoai / R. Dr. Campos Velho -> Av. Fabio Araujo Santos,7.6,7.1,613062,20151021,20:50,QUARTA-FEIRA,-30.095172949999998,-51.225712999999999,AV VICENTE MONTEGGIA,AV CAVALHADA,BOLETIM,0,0,0,0,0,0
P4-S01,Av. da Cavalhada / Av. Nonoai / R. Dr. Campos Velho -> Av. Fabio Araujo Santos,7.6,7.1,613518,20151029,11:50,QUINTA-FEIRA,-30.095172999999999,-51.225712999999999,R DR CAMPOS VELHO,AV NONOAI,BOLETIM,0,0,0,0,0,0
P4-S01,Av. da Cavalhada / Av. Nonoai / R. Dr. Campos Velho -> Av. Fabio Araujo Santos,8.9,41.8,613428,20151030,10:15,SEXTA-FEIRA,-30.094951540000000,-51.225459000000001,AV NONOAI,,BOLETIM,0,0,0,0,0,0
P4-S01,Av. da Cavalhada / Av. Nonoai / R. Dr. Campos Velho -> Av. Fabio Araujo Santos,7.6,7.1,614008,20151103,11:00,TERCA-FEIRA,-30.095172949999998,-51.225712999999999,AV VICENTE MONTEGGIA,AV CAVALHADA,BOLETIM,0,0,0,0,0,0
P4-S01,Av. da Cavalhada / Av. Nonoai / R. Dr. Campos Velho -> Av. Fabio Araujo Santos,0.0,11.1,614004,20151109,16:30,SEGUNDA-FEIRA,-30.095074000000000,-51.225813000000002,R DR CAMPOS VELHO,,BOLETIM,0,0,0,0,0,0
P4-S01,Av. da Cavalhada / Av. Nonoai / R. Dr. Campos Velho -> Av. Fabio Araujo Santos,0.0,3.7,614036,20151110,13:45,TERCA-FEIRA,-30.095141999999999,-51.225807000000003,R DR CAMPOS VELHO,,BOLETIM,1,0,0,1,0,0
P4-S01,Av. da Cavalhada / Av. Nonoai / R. Dr. Campos Velho -> Av. Fabio Araujo Santos,7.6,7.1,614106,20151110,07:40,TERCA-FEIRA,-30.095172999999999,-51.225712999999999,AV VICENTE MONTEGGIA,AV NONOAI,BOLETIM,0,0,0,0,0,0
P4-S02,Av. Fabio Araujo Santos -> Av. Otto Niemeyer,634.9,4.9,614387,20151111,15:45,QUARTA-FEIRA,-30.100330629999998,-51.224994000000002,AV VICENTE MONTEGGIA,,BOLETIM,0,0,0,0,0,0
P4-S05,Rua Amapa -> Estr. Joao Vedana,1476.9,3.1,614923,20151119,12:30,QUINTA-FEIRA,-30.107299999999999,-51.222088999999997,R AMAPA,AV VICENTE MONTEGGIA,BOLETIM,0,0,0,0,0,0
P4-S03,Av. Otto Niemeyer -> Estr. Aracaju,900.7,1.3,615218,20151123,18:30,SEGUNDA-FEIRA,-30.102253999999999,-51.223455000000001,AV VICENTE MONTEGGIA,,BOLETIM,1,0,0,1,0,0
P4-S05,Rua Amapa -> Estr. Joao Vedana,1541.0,9.0,615374,20151126,09:55,QUINTA-FEIRA,-30.107761520000000,-51.221663999999997,AV VICENTE MONTEGGIA,,BOLETIM,0,0,0,0,0,0
P4-S01,Av. da Cavalhada / Av. Nonoai / R. Dr. Campos Velho -> Av. Fabio Araujo Santos,1.2,4.7,615356,20151127,15:00,SEXTA-FEIRA,-30.095149280000001,-51.225779000000003,AV CAVALHADA,,BOLETIM,1,0,0,1,0,0
P4-S05,Rua Amapa -> Estr. Joao Vedana,1540.4,1.4,615540,20151130,11:05,SEGUNDA-FEIRA,-30.107690999999999,-51.221592000000001,AV VICENTE MONTEGGIA,,BOLETIM,0,0,0,0,0,0
P4-S03,Av. Otto Niemeyer -> Estr. Aracaju,689.8,6.1,615804,20151203,09:50,QUINTA-FEIRA,-30.100792999999999,-51.224783000000002,AV OTTO NIEMEYER,AV VICENTE MONTEGGIA,BOLETIM,0,0,0,0,0,0
P4-S03,Av. Otto Niemeyer -> Estr. Aracaju,689.8,6.1,615943,20151204,09:45,SEXTA-FEIRA,-30.100792999999999,-51.224783000000002,AV OTTO NIEMEYER,AV VICENTE MONTEGGIA,BOLETIM,0,0,0,0,0,0
P4-S05,Rua Amapa -> Estr. Joao Vedana,1800.2,3.0,616200,20151211,10:45,SEXTA-FEIRA,-30.109435000000001,-51.219799999999999,AV VICENTE MONTEGGIA,,BOLETIM,1,0,0,1,0,1
P4-S05,Rua Amapa -> Estr. Joao Vedana,1919.4,7.4,616199,20151211,10:00,SEXTA-FEIRA,-30.110289280000000,-51.219056000000002,AV VICENTE MONTEGGIA,,BOLETIM,2,0,0,1,0,0
P4-S06,Estr. Joao Vedana -> Estr. Joao Passuelo,1957.2,2.2,616242,20151211,09:30,SEXTA-FEIRA,-30.110613000000001,-51.218905999999997,AV VICENTE MONTEGGIA,,BOLETIM,0,0,0,0,0,0
P4-S02,Av. Fabio Araujo Santos -> Av. Otto Niemeyer,316.6,4.1,616898,20151222,16:50,TERCA-FEIRA,-30.097698999999999,-51.224773999999996,AV VICENTE MONTEGGIA,,BOLETIM,0,0,0,0,0,0
P4-S03,Av. Otto Niemeyer -> Estr. Aracaju,689.8,6.1,616808,20151222,13:50,TERCA-FEIRA,-30.100792999999999,-51.224783000000002,AV OTTO NIEMEYER,AV VICENTE MONTEGGIA,BOLETIM,0,0,0,0,0,0
P4-S03,Av. Otto Niemeyer -> Estr. Aracaju,689.8,6.1,617173,20151224,22:09,QUINTA-FEIRA,-30.100792999999999,-51.224783000000002,AV OTTO NIEMEYER,AV VICENTE MONTEGGIA,BOLETIM,0,0,0,0,0,0
P4-S06,Estr. Joao Vedana -> Estr. Joao Passuelo,2125.1,4.3,616913,20151225,15:40,SEXTA-FEIRA,-30.111723999999999,-51.217736000000002,AV VICENTE MONTEGGIA,,BOLETIM,0,0,0,0,0,0
P4-S01,Av. da Cavalhada / Av. Nonoai / R. Dr. Campos Velho -> Av. Fabio Araujo Santos,16.4,30.2,616994,20151228,11:36,SEGUNDA-FEIRA,-30.095101199999998,-51.225453999999999,AV NONOAI,,BOLETIM,1,0,0,1,0,0
P4-S03,Av. Otto Niemeyer -> Estr. Aracaju,679.0,1.8,617024,20151228,10:30,SEGUNDA-FEIRA,-30.100690000000000,-51.224803000000001,AV VICENTE MONTEGGIA,,BOLETIM,1,0,0,1,0,0
P4-S03,Av. Otto Niemeyer -> Estr. Aracaju,689.8,6.1,617023,20151228,09:00,SEGUNDA-FEIRA,-30.100792999999999,-51.224783000000002,AV OTTO NIEMEYER,AV VICENTE MONTEGGIA,BOLETIM,0,0,0,1,0,0
P4-S03,Av. Otto Niemeyer -> Estr. Aracaju,689.8,6.1,617542,20160108,14:15,SEXTA-FEIRA,-30.100792999999999,-51.224783000000002,AV OTTO NIEMEYER,AV VICENTE MONTEGGIA,BOLETIM,0,0,0,0,0,0
P4-S01,Av. da Cavalhada / Av. Nonoai / R. Dr. Campos Velho -> Av. Fabio Araujo Santos,7.6,7.1,617629,20160117,08:32,DOMINGO,-30.095172999999999,-51.225712999999999,R DR CAMPOS VELHO,AV CAVALHADA,BOLETIM,2,0,0,0,0,0
P4-S02,Av. Fabio Araujo Santos -> Av. Otto Niemeyer,312.1,4.5,617654,20160118,14:00,SEGUNDA-FEIRA,-30.097662000000000,-51.224755999999999,AV VICENTE MONTEGGIA,,BOLETIM,1,0,0,1,0,0
P4-S05,Rua Amapa -> Estr. Joao Vedana,1505.6,5.1,617971,20160122,07:55,SEXTA-FEIRA,-30.107507999999999,-51.221893999999999,AV VICENTE MONTEGGIA,,BOLETIM,0,0,0,0,0,0
P4-S07,Estr. Joao Passuelo -> Av. Joao Salomoni / Av. Rodrigues da Fonseca,2680.4,3.5,618050,20160123,23:10,SABADO,-30.113651999999998,-51.212896999999998,AV VICENTE MONTEGGIA,,BOLETIM,0,0,0,0,0,0
P4-S03,Av. Otto Niemeyer -> Estr. Aracaju,689.8,6.1,618160,20160126,21:30,TERCA-FEIRA,-30.100792999999999,-51.224783000000002,AV OTTO NIEMEYER,AV VICENTE MONTEGGIA,BOLETIM,0,0,0,0,0,0
P4-S06,Estr. Joao Vedana -> Estr. Joao Passuelo,2028.6,2.9,618391,20160205,17:30,SEXTA-FEIRA,-30.111118999999999,-51.218454999999999,BC DO JOAO CONTE,AV VICENTE MONTEGGIA,BOLETIM,1,0,0,1,0,0
P4-S03,Av. Otto Niemeyer -> Estr. Aracaju,967.0,0.7,618660,20160216,17:00,TERCA-FEIRA,-30.102834000000001,-51.223294000000003,AV VICENTE MONTEGGIA,,BOLETIM,1,0,0,1,0,0
P4-S06,Estr. Joao Vedana -> Estr. Joao Passuelo,1934.0,0.6,621247,20160218,18:30,QUINTA-FEIRA,-30.110429109999998,-51.219022000000002,ESTR JOAO VEDANA,AV VICENTE MONTEGGIA,BOLETIM,1,0,0,1,0,0
P4-S02,Av. Fabio Araujo Santos -> Av. Otto Niemeyer,328.2,3.8,619090,20160227,09:00,SABADO,-30.097792999999999,-51.224826000000000,AV VICENTE MONTEGGIA,,BOLETIM,1,0,0,1,0,0
P4-S01,Av. da Cavalhada / Av. Nonoai / R. Dr. Campos Velho -> Av. Fabio Araujo Santos,1.2,4.7,619317,20160304,08:30,SEXTA-FEIRA,-30.095149280000001,-51.225779000000003,AV CAVALHADA,,BOLETIM,1,0,0,1,0,0
P4-S03,Av. Otto Niemeyer -> Estr. Aracaju,689.8,6.1,619479,20160307,07:55,SEGUNDA-FEIRA,-30.100792999999999,-51.224783000000002,AV OTTO NIEMEYER,AV VICENTE MONTEGGIA,BOLETIM,0,0,0,0,0,0
P4-S06,Estr. Joao Vedana -> Estr. Joao Passuelo,1937.0,6.5,619411,20160307,18:35,SEGUNDA-FEIRA,-30.110417720000001,-51.218955000000001,AV VICENTE MONTEGGIA,,BOLETIM,1,1,0,1,0,0
P4-S07,Estr. Joao Passuelo -> Av. Joao Salomoni / Av. Rodrigues da Fonseca,2895.4,4.6,619596,20160308,15:35,TERCA-FEIRA,-30.115501999999999,-51.212471000000001,ESTR JOAO SALOMONI,AV VICENTE MONTEGGIA,BOLETIM,0,0,0,0,0,0
P4-S03,Av. Otto Niemeyer -> Estr. Aracaju,942.0,0.0,619528,20160309,08:00,QUARTA-FEIRA,-30.102615000000000,-51.223354000000000,AV VICENTE MONTEGGIA,,BOLETIM,1,0,0,1,0,0
P4-S01,Av. da Cavalhada / Av. Nonoai / R. Dr. Campos Velho -> Av. Fabio Araujo Santos,7.6,7.1,619818,20160310,20:30,QUINTA-FEIRA,-30.095172949999998,-51.225712999999999,AV VICENTE MONTEGGIA,AV CAVALHADA,BOLETIM,0,0,0,0,0,0
P4-S03,Av. Otto Niemeyer -> Estr. Aracaju,689.8,6.1,619969,20160319,16:35,SABADO,-30.100792999999999,-51.224783000000002,AV OTTO NIEMEYER,AV VICENTE MONTEGGIA,BOLETIM,0,0,0,0,0,0
P4-S01,Av. da Cavalhada / Av. Nonoai / R. Dr. Campos Velho -> Av. Fabio Araujo Santos,0.0,21.8,619963,20160320,20:30,DOMINGO,-30.095012000000001,-51.225949000000000,R DR CAMPOS VELHO,,BOLETIM,1,1,0,0,0,0
P4-S03,Av. Otto Niemeyer -> Estr. Aracaju,1122.0,3.5,620129,20160322,22:30,TERCA-FEIRA,-30.104196000000002,-51.222949000000000,AV VICENTE MONTEGGIA,,BOLETIM,2,0,0,2,0,0
P4-S01,Av. da Cavalhada / Av. Nonoai / R. Dr. Campos Velho -> Av. Fabio Araujo Santos,5.5,21.2,620367,20160329,20:45,TERCA-FEIRA,-30.095066679999999,-51.225630000000002,AV NONOAI,,BOLETIM,0,0,0,1,0,0
P4-S05,Rua Amapa -> Estr. Joao Vedana,1753.1,2.4,620378,20160330,07:47,QUARTA-FEIRA,-30.109073570000000,-51.220059999999997,AV VICENTE MONTEGGIA,,BOLETIM,1,0,0,1,0,0
P4-S06,Estr. Joao Vedana -> Estr. Joao Passuelo,2538.6,3.7,621882,20160404,07:35,SEGUNDA-FEIRA,-30.112694000000001,-51.213831999999996,AV VICENTE MONTEGGIA,,BOLETIM,2,1,0,1,1,0
P4-S03,Av. Otto Niemeyer -> Estr. Aracaju,689.8,6.1,620836,20160411,07:45,SEGUNDA-FEIRA,-30.100792999999999,-51.224783000000002,AV OTTO NIEMEYER,AV VICENTE MONTEGGIA,BOLETIM,1,1,0,1,0,0
P4-S07,Estr. Joao Passuelo -> Av. Joao Salomoni / Av. Rodrigues da Fonseca,2805.4,3.2,620994,20160411,12:15,SEGUNDA-FEIRA,-30.114694000000000,-51.212406000000001,AV VICENTE MONTEGGIA,,BOLETIM,0,0,0,0,0,0
P4-S04,Estr. Aracaju -> Rua Amapa,1397.5,2.9,621101,20160416,17:00,SABADO,-30.106612999999999,-51.222324999999998,AV JOSE CORREA DA SILVA,AV VICENTE MONTEGGIA,BOLETIM,1,0,0,1,0,0
P4-S06,Estr. Joao Vedana -> Estr. Joao Passuelo,2473.7,4.5,621095,20160416,16:00,SABADO,-30.112461000000000,-51.214455000000001,AV VICENTE MONTEGGIA,,BOLETIM,1,0,0,1,0,0
P4-S03,Av. Otto Niemeyer -> Estr. Aracaju,674.6,1.4,621154,20160418,09:45,SEGUNDA-FEIRA,-30.100653999999999,-51.224823000000001,AV VICENTE MONTEGGIA,,BOLETIM,1,0,0,0,0,0
P4-S06,Estr. Joao Vedana -> Estr. Joao Passuelo,2328.6,7.0,621330,20160425,05:30,SEGUNDA-FEIRA,-30.112408299999998,-51.215980000000002,AV VICENTE MONTEGGIA,,BOLETIM,0,0,0,0,0,0
P4-S06,Estr. Joao Vedana -> Estr. Joao Passuelo,1942.9,6.2,621554,20160428,07:30,QUINTA-FEIRA,-30.110460650000000,-51.218919000000000,AV VICENTE MONTEGGIA,,BOLETIM,1,0,0,1,0,0
P4-S03,Av. Otto Niemeyer -> Estr. Aracaju,689.1,0.0,621724,20160503,11:50,TERCA-FEIRA,-30.100758610000000,-51.224733000000001,AV VICENTE MONTEGGIA,,BOLETIM,1,1,0,1,0,0
P4-S03,Av. Otto Niemeyer -> Estr. Aracaju,689.8,6.1,621838,20160505,10:50,QUINTA-FEIRA,-30.100792999999999,-51.224783000000002,AV OTTO NIEMEYER,AV VICENTE MONTEGGIA,BOLETIM,1,0,0,1,0,0
P4-S05,Rua Amapa -> Estr. Joao Vedana,1541.0,9.0,621928,20160505,16:25,QUINTA-FEIRA,-30.107761520000000,-51.221663999999997,AV VICENTE MONTEGGIA,,BOLETIM,0,0,0,0,0,0
P4-S02,Av. Fabio Araujo Santos -> Av. Otto Niemeyer,415.0,2.7,622249,20160516,19:00,SEGUNDA-FEIRA,-30.098483000000002,-51.225245999999999,AV VICENTE MONTEGGIA,,BOLETIM,1,0,0,1,0,0
P4-S03,Av. Otto Niemeyer -> Estr. Aracaju,689.1,0.0,622365,20160519,07:00,QUINTA-FEIRA,-30.100758610000000,-51.224733000000001,AV VICENTE MONTEGGIA,,BOLETIM,1,0,0,0,0,0
P4-S01,Av. da Cavalhada / Av. Nonoai / R. Dr. Campos Velho -> Av. Fabio Araujo Santos,23.9,2.6,622589,20160525,09:15,QUARTA-FEIRA,-30.095310999999999,-51.225625999999998,AV VICENTE MONTEGGIA,,BOLETIM,1,0,0,2,0,0
P4-S02,Av. Fabio Araujo Santos -> Av. Otto Niemeyer,555.2,3.6,622629,20160527,19:30,SEXTA-FEIRA,-30.099689000000001,-51.225358999999997,AV VICENTE MONTEGGIA,,BOLETIM,2,1,0,1,0,0
P4-S03,Av. Otto Niemeyer -> Estr. Aracaju,689.8,6.1,622849,20160531,10:35,TERCA-FEIRA,-30.100792999999999,-51.224783000000002,AV OTTO NIEMEYER,AV VICENTE MONTEGGIA,BOLETIM,0,0,0,1,0,0
P4-S06,Estr. Joao Vedana -> Estr. Joao Passuelo,2511.8,1.3,639350,20160601,16:30,QUARTA-FEIRA,-30.112575730000000,-51.214081000000000,AV VICENTE MONTEGGIA,R ANGELO PASSUELO,BOLETIM,1,0,0,1,0,0
P4-S05,Rua Amapa -> Estr. Joao Vedana,1799.1,5.9,623030,20160606,13:40,SEGUNDA-FEIRA,-30.109412970000001,-51.219780000000000,AV VICENTE MONTEGGIA,,BOLETIM,1,0,0,1,0,0
P4-S01,Av. da Cavalhada / Av. Nonoai / R. Dr. Campos Velho -> Av. Fabio Araujo Santos,7.6,7.1,623083,20160608,10:35,QUARTA-FEIRA,-30.095172999999999,-51.225712999999999,R DR CAMPOS VELHO,AV NONOAI,BOLETIM,0,0,0,0,0,1
P4-S01,Av. da Cavalhada / Av. Nonoai / R. Dr. Campos Velho -> Av. Fabio Araujo Santos,7.6,7.1,623513,20160611,18:40,SABADO,-30.095172949999998,-51.225712999999999,AV VICENTE MONTEGGIA,AV CAVALHADA,BOLETIM,0,0,0,0,0,0
P4-S07,Estr. Joao Passuelo -> Av. Joao Salomoni / Av. Rodrigues da Fonseca,2813.4,0.8,623317,20160613,18:30,SEGUNDA-FEIRA,-30.114771260000001,-51.212406000000001,AV VICENTE MONTEGGIA,,BOLETIM,1,0,0,1,0,0
P4-S01,Av. da Cavalhada / Av. Nonoai / R. Dr. Campos Velho -> Av. Fabio Araujo Santos,17.4,39.3,623499,20160615,09:05,QUARTA-FEIRA,-30.095056039999999,-51.225375000000000,AV NONOAI,,BOLETIM,0,0,0,0,0,0
P4-S01,Av. da Cavalhada / Av. Nonoai / R. Dr. Campos Velho -> Av. Fabio Araujo Santos,7.6,7.1,623686,20160617,07:08,SEXTA-FEIRA,-30.095172999999999,-51.225712999999999,AV VICENTE MONTEGGIA,AV NONOAI,BOLETIM,0,0,0,0,0,0
P4-S03,Av. Otto Niemeyer -> Estr. Aracaju,689.1,0.0,623829,20160623,08:00,QUINTA-FEIRA,-30.100758610000000,-51.224733000000001,AV VICENTE MONTEGGIA,,BOLETIM,2,0,0,1,0,0
P4-S05,Rua Amapa -> Estr. Joao Vedana,1632.4,2.5,624017,20160628,06:55,TERCA-FEIRA,-30.108301999999998,-51.220945000000000,AV VICENTE MONTEGGIA,,BOLETIM,2,0,0,1,0,0
P4-S01,Av. da Cavalhada / Av. Nonoai / R. Dr. Campos Velho -> Av. Fabio Araujo Santos,7.6,7.1,624218,20160701,13:30,SEXTA-FEIRA,-30.095172949999998,-51.225712999999999,AV VICENTE MONTEGGIA,AV CAVALHADA,BOLETIM,0,0,0,0,0,0
P4-S06,Estr. Joao Vedana -> Estr. Joao Passuelo,2214.7,7.5,624277,20160703,08:30,DOMINGO,-30.112272409999999,-51.217053000000000,AV VICENTE MONTEGGIA,,BOLETIM,1,0,0,1,0,0
P4-S01,Av. da Cavalhada / Av. Nonoai / R. Dr. Campos Velho -> Av. Fabio Araujo Santos,7.6,7.1,624381,20160706,22:00,QUARTA-FEIRA,-30.095172999999999,-51.225712999999999,R DR CAMPOS VELHO,AV NONOAI,BOLETIM,1,0,0,1,0,0
P4-S03,Av. Otto Niemeyer -> Estr. Aracaju,689.8,6.1,624607,20160709,17:20,SABADO,-30.100792999999999,-51.224783000000002,AV OTTO NIEMEYER,AV VICENTE MONTEGGIA,BOLETIM,0,0,0,0,0,0
P4-S03,Av. Otto Niemeyer -> Estr. Aracaju,689.8,6.1,624602,20160711,09:29,SEGUNDA-FEIRA,-30.100792999999999,-51.224783000000002,AV OTTO NIEMEYER,AV VICENTE MONTEGGIA,BOLETIM,0,0,0,0,0,0
P4-S03,Av. Otto Niemeyer -> Estr. Aracaju,1056.1,2.6,624727,20160716,12:35,SABADO,-30.103624000000000,-51.223140000000001,AV VICENTE MONTEGGIA,,BOLETIM,1,0,0,1,0,0
P4-S06,Estr. Joao Vedana -> Estr. Joao Passuelo,2302.4,3.2,624920,20160719,16:30,TERCA-FEIRA,-30.112463999999999,-51.216248000000000,AV VICENTE MONTEGGIA,,BOLETIM,0,0,0,0,0,0
P4-S03,Av. Otto Niemeyer -> Estr. Aracaju,689.8,6.1,624967,20160720,11:16,QUARTA-FEIRA,-30.100792999999999,-51.224783000000002,AV OTTO NIEMEYER,AV VICENTE MONTEGGIA,BOLETIM,0,0,0,0,0,0
P4-S05,Rua Amapa -> Estr. Joao Vedana,1800.2,3.0,625038,20160725,06:15,SEGUNDA-FEIRA,-30.109435000000001,-51.219799999999999,AV VICENTE MONTEGGIA,,BOLETIM,0,0,0,0,0,0
P4-S04,Estr. Aracaju -> Rua Amapa,1458.9,6.9,629082,20160730,00:15,SABADO,-30.107165999999999,-51.222200999999998,AV VICENTE MONTEGGIA,,BOLETIM,1,0,0,1,0,0
P4-S03,Av. Otto Niemeyer -> Estr. Aracaju,756.3,5.9,625438,20160803,16:15,QUARTA-FEIRA,-30.101178080000000,-51.224241999999997,AV VICENTE MONTEGGIA,,BOLETIM,0,0,0,0,0,0
P4-S01,Av. da Cavalhada / Av. Nonoai / R. Dr. Campos Velho -> Av. Fabio Araujo Santos,17.4,39.3,625449,20160805,07:35,SEXTA-FEIRA,-30.095056039999999,-51.225375000000000,AV NONOAI,,BOLETIM,0,0,0,1,0,0
P4-S03,Av. Otto Niemeyer -> Estr. Aracaju,739.1,2.5,626059,20160815,18:30,SEGUNDA-FEIRA,-30.101089999999999,-51.224392999999999,AV VICENTE MONTEGGIA,,BOLETIM,1,0,0,1,0,0
P4-S02,Av. Fabio Araujo Santos -> Av. Otto Niemeyer,403.7,2.7,626170,20160823,08:40,TERCA-FEIRA,-30.098398000000000,-51.225183000000001,AV VICENTE MONTEGGIA,,BOLETIM,0,0,0,0,0,0
P4-S06,Estr. Joao Vedana -> Estr. Joao Passuelo,2062.7,4.7,626169,20160823,10:40,TERCA-FEIRA,-30.111325000000001,-51.218192000000002,AV VICENTE MONTEGGIA,,BOLETIM,0,0,0,0,0,0
P4-S01,Av. da Cavalhada / Av. Nonoai / R. Dr. Campos Velho -> Av. Fabio Araujo Santos,7.6,7.1,628049,20160826,21:20,SEXTA-FEIRA,-30.095172999999999,-51.225712999999999,AV VICENTE MONTEGGIA,AV NONOAI,BOLETIM,0,0,0,0,0,0
P4-S01,Av. da Cavalhada / Av. Nonoai / R. Dr. Campos Velho -> Av. Fabio Araujo Santos,5.6,33.2,626579,20160902,18:30,SEXTA-FEIRA,-30.095427000000001,-51.226013000000002,AV CAVALHADA,,BOLETIM,2,0,0,0,0,0
P4-S04,Estr. Aracaju -> Rua Amapa,1237.8,3.5,626589,20160904,06:30,DOMINGO,-30.105208000000001,-51.222673999999998,AV VICENTE MONTEGGIA,,BOLETIM,1,0,0,1,0,0
P4-S01,Av. da Cavalhada / Av. Nonoai / R. Dr. Campos Velho -> Av. Fabio Araujo Santos,51.1,10.4,626934,20160914,15:00,QUARTA-FEIRA,-30.095460920000001,-51.225383999999998,AV VICENTE MONTEGGIA,,BOLETIM,0,0,0,0,0,0
P4-S03,Av. Otto Niemeyer -> Estr. Aracaju,1104.3,3.0,627043,20160915,08:20,QUINTA-FEIRA,-30.104051999999999,-51.223052000000003,AV VICENTE MONTEGGIA,,BOLETIM,0,0,0,0,0,0
P4-S05,Rua Amapa -> Estr. Joao Vedana,1753.1,2.4,627308,20160915,18:30,QUINTA-FEIRA,-30.109073570000000,-51.220059999999997,AV VICENTE MONTEGGIA,,BOLETIM,0,0,0,0,0,0
P4-S01,Av. da Cavalhada / Av. Nonoai / R. Dr. Campos Velho -> Av. Fabio Araujo Santos,8.9,41.8,627240,20160916,11:30,SEXTA-FEIRA,-30.094951540000000,-51.225459000000001,AV NONOAI,,BOLETIM,0,0,0,0,0,1
P4-S03,Av. Otto Niemeyer -> Estr. Aracaju,1085.9,0.7,627060,20160916,12:45,SEXTA-FEIRA,-30.103885890000001,-51.223067999999998,ESTR ARACAJU,AV VICENTE MONTEGGIA,BOLETIM,1,0,0,1,0,0
P4-S06,Estr. Joao Vedana -> Estr. Joao Passuelo,2642.4,6.5,627058,20160916,11:04,SEXTA-FEIRA,-30.113307370000001,-51.213003000000000,AV VICENTE MONTEGGIA,ESTR JOAO PASSUELO,BOLETIM,1,0,0,0,0,0
P4-S01,Av. da Cavalhada / Av. Nonoai / R. Dr. Campos Velho -> Av. Fabio Araujo Santos,7.6,7.1,627074,20160918,06:40,DOMINGO,-30.095172949999998,-51.225712999999999,AV VICENTE MONTEGGIA,AV CAVALHADA,BOLETIM,1,0,0,1,0,0
P4-S02,Av. Fabio Araujo Santos -> Av. Otto Niemeyer,634.9,4.9,627108,20160919,22:12,SEGUNDA-FEIRA,-30.100330629999998,-51.224994000000002,AV VICENTE MONTEGGIA,,BOLETIM,2,0,0,0,0,0
P4-S02,Av. Fabio Araujo Santos -> Av. Otto Niemeyer,346.1,1.9,627122,20160920,15:15,TERCA-FEIRA,-30.097960000000000,-51.224862000000002,AV VICENTE MONTEGGIA,,BOLETIM,1,0,0,1,0,0
P4-S04,Estr. Aracaju -> Rua Amapa,1243.6,6.2,627127,20160921,17:50,QUARTA-FEIRA,-30.105252680000000,-51.222631999999997,AV VICENTE MONTEGGIA,,BOLETIM,1,0,0,1,0,0
P4-S05,Rua Amapa -> Estr. Joao Vedana,1928.8,7.0,627638,20160929,21:05,QUINTA-FEIRA,-30.110357340000000,-51.219003000000001,AV VICENTE MONTEGGIA,,BOLETIM,0,0,0,0,0,0
P4-S01,Av. da Cavalhada / Av. Nonoai / R. Dr. Campos Velho -> Av. Fabio Araujo Santos,7.6,7.1,627564,20161001,18:30,SABADO,-30.095172999999999,-51.225712999999999,R DR CAMPOS VELHO,AV CAVALHADA,BOLETIM,1,0,0,1,0,0
P4-S06,Estr. Joao Vedana -> Estr. Joao Passuelo,2028.3,40.1,628071,20161008,18:30,SABADO,-30.111345900000000,-51.218817000000001,BC DO JOAO CONTE,,BOLETIM,0,0,0,0,0,0
P4-S01,Av. da Cavalhada / Av. Nonoai / R. Dr. Campos Velho -> Av. Fabio Araujo Santos,51.1,10.4,628000,20161010,11:16,SEGUNDA-FEIRA,-30.095460920000001,-51.225383999999998,AV VICENTE MONTEGGIA,,BOLETIM,0,0,0,1,0,0
P4-S01,Av. da Cavalhada / Av. Nonoai / R. Dr. Campos Velho -> Av. Fabio Araujo Santos,7.6,7.1,627911,20161011,11:50,TERCA-FEIRA,-30.095172999999999,-51.225712999999999,AV VICENTE MONTEGGIA,AV NONOAI,BOLETIM,0,0,0,0,0,0
P4-S01,Av. da Cavalhada / Av. Nonoai / R. Dr. Campos Velho -> Av. Fabio Araujo Santos,7.6,7.1,628453,20161024,11:25,SEGUNDA-FEIRA,-30.095172949999998,-51.225712999999999,AV VICENTE MONTEGGIA,AV CAVALHADA,BOLETIM,0,0,0,0,0,0
P4-S05,Rua Amapa -> Estr. Joao Vedana,1476.9,3.1,628454,20161024,18:40,SEGUNDA-FEIRA,-30.107299999999999,-51.222088999999997,R AMAPA,AV VICENTE MONTEGGIA,BOLETIM,0,0,0,1,0,0
P4-S06,Estr. Joao Vedana -> Estr. Joao Passuelo,2626.6,6.2,628358,20161024,11:50,SEGUNDA-FEIRA,-30.113199999999999,-51.213110000000000,AV VICENTE MONTEGGIA,,BOLETIM,1,0,0,1,0,0
P4-S02,Av. Fabio Araujo Santos -> Av. Otto Niemeyer,566.4,2.9,628433,20161026,16:10,QUARTA-FEIRA,-30.099779999999999,-51.225276000000001,AV VICENTE MONTEGGIA,,BOLETIM,1,0,0,0,0,0
P4-S01,Av. da Cavalhada / Av. Nonoai / R. Dr. Campos Velho -> Av. Fabio Araujo Santos,1.2,4.7,628620,20161028,18:55,SEXTA-FEIRA,-30.095149280000001,-51.225779000000003,AV CAVALHADA,,BOLETIM,0,0,0,0,0,0
P4-S02,Av. Fabio Araujo Santos -> Av. Otto Niemeyer,328.2,3.8,628618,20161028,10:40,SEXTA-FEIRA,-30.097792999999999,-51.224826000000000,AV VICENTE MONTEGGIA,,BOLETIM,0,0,0,0,0,0
P4-S01,Av. da Cavalhada / Av. Nonoai / R. Dr. Campos Velho -> Av. Fabio Araujo Santos,7.6,7.1,628621,20161029,10:45,SABADO,-30.095172999999999,-51.225712999999999,R DR CAMPOS VELHO,AV NONOAI,BOLETIM,0,0,0,0,0,0
P4-S02,Av. Fabio Araujo Santos -> Av. Otto Niemeyer,328.2,3.8,628651,20161101,19:10,TERCA-FEIRA,-30.097792999999999,-51.224826000000000,AV VICENTE MONTEGGIA,,BOLETIM,1,0,0,1,0,0
P4-S07,Estr. Joao Passuelo -> Av. Joao Salomoni / Av. Rodrigues da Fonseca,2897.6,13.9,628703,20161103,07:45,QUINTA-FEIRA,-30.115548000000000,-51.212387000000000,AV RODRIGUES DA FONSECA,,BOLETIM,1,1,0,1,0,0
P4-S05,Rua Amapa -> Estr. Joao Vedana,1536.2,4.8,629813,20161130,20:00,QUARTA-FEIRA,-30.107703999999998,-51.221668000000001,AV VICENTE MONTEGGIA,,BOLETIM,0,0,0,0,0,0
P4-S03,Av. Otto Niemeyer -> Estr. Aracaju,689.8,6.1,630261,20161212,10:20,SEGUNDA-FEIRA,-30.100792999999999,-51.224783000000002,AV OTTO NIEMEYER,AV VICENTE MONTEGGIA,BOLETIM,0,0,0,0,0,0
P4-S01,Av. da Cavalhada / Av. Nonoai / R. Dr. Campos Velho -> Av. Fabio Araujo Santos,7.6,7.1,630525,20161220,07:45,TERCA-FEIRA,-30.095172999999999,-51.225712999999999,R DR CAMPOS VELHO,AV NONOAI,BOLETIM,0,0,0,0,0,0
P4-S01,Av. da Cavalhada / Av. Nonoai / R. Dr. Campos Velho -> Av. Fabio Araujo Santos,8.9,41.8,630560,20161221,08:00,QUARTA-FEIRA,-30.094951540000000,-51.225459000000001,AV NONOAI,,BOLETIM,1,0,0,0,0,0
P4-S07,Estr. Joao Passuelo -> Av. Joao Salomoni / Av. Rodrigues da Fonseca,2736.8,3.9,630963,20161229,19:40,QUINTA-FEIRA,-30.114129999999999,-51.212705000000000,AV VICENTE MONTEGGIA,,BOLETIM,0,0,0,0,0,0
P4-S05,Rua Amapa -> Estr. Joao Vedana,1928.8,7.0,631233,20170114,18:00,SABADO,-30.110357340000000,-51.219003000000001,AV VICENTE MONTEGGIA,,BOLETIM,1,0,0,0,0,0
P4-S07,Estr. Joao Passuelo -> Av. Joao Salomoni / Av. Rodrigues da Fonseca,2895.4,4.6,631766,20170129,09:54,DOMINGO,-30.115501999999999,-51.212471000000001,AV VICENTE MONTEGGIA,AV RODRIGUES DA FONSECA,BOLETIM,0,0,0,0,0,0
P4-S05,Rua Amapa -> Estr. Joao Vedana,1753.1,2.4,631866,20170131,16:40,TERCA-FEIRA,-30.109073570000000,-51.220059999999997,AV VICENTE MONTEGGIA,,BOLETIM,0,0,0,0,0,0
P4-S03,Av. Otto Niemeyer -> Estr. Aracaju,935.7,0.2,631942,20170206,08:35,SEGUNDA-FEIRA,-30.102560000000000,-51.223368999999998,AV VICENTE MONTEGGIA,,BOLETIM,0,0,0,0,0,0
P4-S03,Av. Otto Niemeyer -> Estr. Aracaju,1063.5,5.3,631973,20170208,07:50,QUARTA-FEIRA,-30.103694090000001,-51.223154999999998,AV VICENTE MONTEGGIA,,BOLETIM,1,0,0,0,1,0
P4-S06,Estr. Joao Vedana -> Estr. Joao Passuelo,1942.9,6.2,632355,20170219,23:30,DOMINGO,-30.110460650000000,-51.218919000000000,AV VICENTE MONTEGGIA,,BOLETIM,2,1,0,2,0,0
P4-S02,Av. Fabio Araujo Santos -> Av. Otto Niemeyer,405.4,3.4,632787,20170304,22:55,SABADO,-30.098381000000000,-51.225245000000001,AV VICENTE MONTEGGIA,,BOLETIM,0,0,0,0,0,0
P4-S06,Estr. Joao Vedana -> Estr. Joao Passuelo,2352.1,5.1,633106,20170314,15:45,TERCA-FEIRA,-30.112418999999999,-51.215729000000003,AV VICENTE MONTEGGIA,,BOLETIM,0,0,0,0,0,0
P4-S04,Estr. Aracaju -> Rua Amapa,1339.4,0.7,633806,20170328,04:25,TERCA-FEIRA,-30.106099000000000,-51.222439999999999,AV VICENTE MONTEGGIA,,BOLETIM,0,0,0,0,0,0
P4-S03,Av. Otto Niemeyer -> Estr. Aracaju,689.1,0.0,633833,20170331,15:40,SEXTA-FEIRA,-30.100758610000000,-51.224733000000001,AV VICENTE MONTEGGIA,,BOLETIM,0,0,0,0,0,0
P4-S06,Estr. Joao Vedana -> Estr. Joao Passuelo,2037.4,0.9,633701,20170403,15:32,SEGUNDA-FEIRA,-30.111198999999999,-51.218418000000000,AV VICENTE MONTEGGIA,,BOLETIM,1,0,0,0,1,0
P4-S03,Av. Otto Niemeyer -> Estr. Aracaju,689.8,6.1,633854,20170404,07:00,TERCA-FEIRA,-30.100792999999999,-51.224783000000002,AV OTTO NIEMEYER,AV VICENTE MONTEGGIA,BOLETIM,0,0,0,0,0,0
P4-S05,Rua Amapa -> Estr. Joao Vedana,1753.1,2.4,634533,20170420,07:10,QUINTA-FEIRA,-30.109073570000000,-51.220059999999997,AV VICENTE MONTEGGIA,,BOLETIM,0,0,0,0,0,0
P4-S06,Estr. Joao Vedana -> Estr. Joao Passuelo,2050.2,4.7,634553,20170422,12:00,SABADO,-30.111245000000000,-51.218283000000000,AV VICENTE MONTEGGIA,,BOLETIM,0,0,0,0,0,0
P4-S02,Av. Fabio Araujo Santos -> Av. Otto Niemeyer,634.9,4.9,634575,20170424,17:40,SEGUNDA-FEIRA,-30.100330629999998,-51.224994000000002,AV VICENTE MONTEGGIA,,BOLETIM,1,1,0,0,1,0
P4-S07,Estr. Joao Passuelo -> Av. Joao Salomoni / Av. Rodrigues da Fonseca,2790.5,2.9,634757,20170427,19:00,QUINTA-FEIRA,-30.114585000000002,-51.212516000000001,AV VICENTE MONTEGGIA,,BOLETIM,0,0,0,1,0,0
P4-S03,Av. Otto Niemeyer -> Estr. Aracaju,673.0,1.2,635240,20170508,06:40,SEGUNDA-FEIRA,-30.100641000000000,-51.224829999999997,AV VICENTE MONTEGGIA,,BOLETIM,1,0,0,1,0,0
P4-S06,Estr. Joao Vedana -> Estr. Joao Passuelo,2214.7,7.5,636372,20170514,17:30,DOMINGO,-30.112272409999999,-51.217053000000000,AV VICENTE MONTEGGIA,,BOLETIM,1,0,0,1,0,0
P4-S03,Av. Otto Niemeyer -> Estr. Aracaju,689.8,6.1,635711,20170525,08:15,QUINTA-FEIRA,-30.100792999999999,-51.224783000000002,AV OTTO NIEMEYER,AV VICENTE MONTEGGIA,BOLETIM,0,0,0,0,0,0
P4-S06,Estr. Joao Vedana -> Estr. Joao Passuelo,1937.0,6.5,635977,20170602,12:00,SEXTA-FEIRA,-30.110417720000001,-51.218955000000001,AV VICENTE MONTEGGIA,,BOLETIM,1,1,0,1,0,0
P4-S05,Rua Amapa -> Estr. Joao Vedana,1476.9,3.1,636209,20170606,14:45,TERCA-FEIRA,-30.107299999999999,-51.222088999999997,R AMAPA,AV VICENTE MONTEGGIA,BOLETIM,0,0,0,0,0,0
P4-S05,Rua Amapa -> Estr. Joao Vedana,1798.0,2.9,636211,20170606,13:10,TERCA-FEIRA,-30.109418000000002,-51.219813000000002,AV VICENTE MONTEGGIA,,BOLETIM,0,0,0,0,0,0
P4-S06,Estr. Joao Vedana -> Estr. Joao Passuelo,2573.5,3.0,636595,20170612,01:35,SEGUNDA-FEIRA,-30.112938000000000,-51.213591000000001,AV VICENTE MONTEGGIA,,BOLETIM,0,0,0,0,0,0
P4-S07,Estr. Joao Passuelo -> Av. Joao Salomoni / Av. Rodrigues da Fonseca,2897.6,13.9,636337,20170618,10:30,DOMINGO,-30.115548000000000,-51.212387000000000,AV RODRIGUES DA FONSECA,,BOLETIM,1,0,0,1,0,0
P4-S05,Rua Amapa -> Estr. Joao Vedana,1924.7,1.7,636682,20170621,09:00,QUARTA-FEIRA,-30.110375999999999,-51.219101000000002,AV VICENTE MONTEGGIA,,BOLETIM,0,0,0,0,0,0
P4-S05,Rua Amapa -> Estr. Joao Vedana,1715.9,2.2,636626,20170624,03:40,SABADO,-30.108817999999999,-51.220312999999997,AV VICENTE MONTEGGIA,,BOLETIM,1,0,0,0,0,0
P4-S03,Av. Otto Niemeyer -> Estr. Aracaju,1111.9,3.1,636988,20170702,07:40,DOMINGO,-30.104106999999999,-51.222974000000001,AV VICENTE MONTEGGIA,,BOLETIM,1,0,0,0,0,0
P4-S02,Av. Fabio Araujo Santos -> Av. Otto Niemeyer,312.3,1.6,637075,20170705,19:10,QUARTA-FEIRA,-30.097688000000002,-51.224701000000003,AV VICENTE MONTEGGIA,,BOLETIM,0,0,0,0,0,0
P4-S06,Estr. Joao Vedana -> Estr. Joao Passuelo,1934.0,0.6,637196,20170708,12:10,SABADO,-30.110429109999998,-51.219022000000002,ESTR JOAO VEDANA,AV VICENTE MONTEGGIA,BOLETIM,0,0,0,0,0,0
P4-S03,Av. Otto Niemeyer -> Estr. Aracaju,1056.1,2.6,637546,20170711,11:55,TERCA-FEIRA,-30.103624000000000,-51.223140000000001,AV VICENTE MONTEGGIA,,BOLETIM,0,0,0,0,0,0
P4-S05,Rua Amapa -> Estr. Joao Vedana,1476.9,3.1,637619,20170718,16:10,TERCA-FEIRA,-30.107299999999999,-51.222088999999997,R AMAPA,AV VICENTE MONTEGGIA,BOLETIM,2,2,0,1,0,0
P4-S06,Estr. Joao Vedana -> Estr. Joao Passuelo,2352.1,5.1,637805,20170720,07:15,QUINTA-FEIRA,-30.112418999999999,-51.215729000000003,AV VICENTE MONTEGGIA,,BOLETIM,0,0,0,0,0,0
P4-S06,Estr. Joao Vedana -> Estr. Joao Passuelo,2626.6,6.2,637808,20170720,14:00,QUINTA-FEIRA,-30.113199999999999,-51.213110000000000,AV VICENTE MONTEGGIA,,BOLETIM,0,0,0,0,0,0
P4-S06,Estr. Joao Vedana -> Estr. Joao Passuelo,2252.3,3.8,637918,20170726,10:30,QUARTA-FEIRA,-30.112438999999998,-51.216749000000000,AV VICENTE MONTEGGIA,,BOLETIM,1,0,0,0,0,0
P4-S01,Av. da Cavalhada / Av. Nonoai / R. Dr. Campos Velho -> Av. Fabio Araujo Santos,7.6,7.1,638362,20170805,16:39,SABADO,-30.095172999999999,-51.225712999999999,R DR CAMPOS VELHO,AV NONOAI,BOLETIM,0,0,0,0,0,0
P4-S01,Av. da Cavalhada / Av. Nonoai / R. Dr. Campos Velho -> Av. Fabio Araujo Santos,213.9,0.3,639006,20170821,08:00,SEGUNDA-FEIRA,-30.096827999999999,-51.224724000000002,AV VICENTE MONTEGGIA,AV FABIO ARAUJO SANTOS,BOLETIM,0,0,0,0,0,0
P4-S07,Estr. Joao Passuelo -> Av. Joao Salomoni / Av. Rodrigues da Fonseca,2734.6,2.1,640315,20170926,08:00,TERCA-FEIRA,-30.114094000000001,-51.212654000000001,AV VICENTE MONTEGGIA,,BOLETIM,0,0,0,0,0,0
P4-S04,Estr. Aracaju -> Rua Amapa,1467.6,1.1,640276,20170928,20:00,QUINTA-FEIRA,-30.107208000000000,-51.222087999999999,AV VICENTE MONTEGGIA,,BOLETIM,1,0,0,1,0,0
P4-S04,Estr. Aracaju -> Rua Amapa,1259.1,3.3,640395,20170929,19:00,SEXTA-FEIRA,-30.105409000000002,-51.222687999999998,AV VICENTE MONTEGGIA,,BOLETIM,1,0,0,1,0,0
P4-S01,Av. da Cavalhada / Av. Nonoai / R. Dr. Campos Velho -> Av. Fabio Araujo Santos,7.6,7.1,640598,20171004,10:30,QUARTA-FEIRA,-30.095172999999999,-51.225712999999999,R DR CAMPOS VELHO,AV CAVALHADA,BOLETIM,0,0,0,0,0,0
P4-S06,Estr. Joao Vedana -> Estr. Joao Passuelo,2411.9,2.1,641357,20171016,21:50,SEGUNDA-FEIRA,-30.112487999999999,-51.215108000000001,AV VICENTE MONTEGGIA,,BOLETIM,0,0,0,0,0,0
P4-S04,Estr. Aracaju -> Rua Amapa,1259.1,3.3,641214,20171027,06:40,SEXTA-FEIRA,-30.105409000000002,-51.222687999999998,AV VICENTE MONTEGGIA,,BOLETIM,1,0,0,1,0,0
P4-S04,Estr. Aracaju -> Rua Amapa,1461.4,7.2,641310,20171101,09:45,QUARTA-FEIRA,-30.107187509999999,-51.222192999999997,AV VICENTE MONTEGGIA,,BOLETIM,1,0,0,1,0,0
P4-S05,Rua Amapa -> Estr. Joao Vedana,1476.9,3.1,641672,20171109,11:00,QUINTA-FEIRA,-30.107299999999999,-51.222088999999997,R AMAPA,AV VICENTE MONTEGGIA,BOLETIM,1,0,0,1,0,0
P4-S01,Av. da Cavalhada / Av. Nonoai / R. Dr. Campos Velho -> Av. Fabio Araujo Santos,212.8,45.5,642048,20171121,11:37,TERCA-FEIRA,-30.096678000000001,-51.224285999999999,AV FABIO ARAUJO SANTOS,,BOLETIM,1,0,0,0,0,0
P4-S01,Av. da Cavalhada / Av. Nonoai / R. Dr. Campos Velho -> Av. Fabio Araujo Santos,142.8,3.4,642118,20171122,11:50,QUARTA-FEIRA,-30.096263000000000,-51.225071999999997,AV VICENTE MONTEGGIA,,BOLETIM,1,1,0,1,0,0
P4-S04,Estr. Aracaju -> Rua Amapa,1304.4,4.6,642758,20171130,20:00,QUINTA-FEIRA,-30.105806000000001,-51.222583999999998,AV VICENTE MONTEGGIA,,BOLETIM,0,0,0,0,0,0
P4-S06,Estr. Joao Vedana -> Estr. Joao Passuelo,1934.0,0.6,642754,20171130,14:38,QUINTA-FEIRA,-30.110429109999998,-51.219022000000002,ESTR JOAO VEDANA,AV VICENTE MONTEGGIA,BOLETIM,0,0,0,0,0,0
P4-S06,Estr. Joao Vedana -> Estr. Joao Passuelo,2642.4,6.5,642896,20171202,12:25,SABADO,-30.113307370000001,-51.213003000000000,AV VICENTE MONTEGGIA,ESTR JOAO PASSUELO,BOLETIM,0,0,0,0,0,0
P4-S01,Av. da Cavalhada / Av. Nonoai / R. Dr. Campos Velho -> Av. Fabio Araujo Santos,5.5,21.2,642914,20171203,14:30,DOMINGO,-30.095066679999999,-51.225630000000002,AV NONOAI,,BOLETIM,0,0,0,0,0,0
P4-S02,Av. Fabio Araujo Santos -> Av. Otto Niemeyer,312.1,4.5,643134,20171206,20:15,QUARTA-FEIRA,-30.097662000000000,-51.224755999999999,AV VICENTE MONTEGGIA,,BOLETIM,0,0,0,0,0,0
P4-S03,Av. Otto Niemeyer -> Estr. Aracaju,1064.6,6.7,642823,20171210,22:00,DOMINGO,-30.103685760000001,-51.223030000000001,AV VICENTE MONTEGGIA,,BOLETIM,1,1,0,1,0,0
P4-S05,Rua Amapa -> Estr. Joao Vedana,1492.4,3.6,643324,20171210,19:00,DOMINGO,-30.107367910000001,-51.221922999999997,AV VICENTE MONTEGGIA,,BOLETIM,0,0,0,0,0,0
P4-S05,Rua Amapa -> Estr. Joao Vedana,1476.9,3.1,643166,20171211,12:10,SEGUNDA-FEIRA,-30.107299999999999,-51.222088999999997,R AMAPA,AV VICENTE MONTEGGIA,BOLETIM,0,0,0,0,0,0
P4-S07,Estr. Joao Passuelo -> Av. Joao Salomoni / Av. Rodrigues da Fonseca,2895.4,4.6,643189,20171211,15:00,SEGUNDA-FEIRA,-30.115501999999999,-51.212471000000001,ESTR JOAO SALOMONI,AV RODRIGUES DA FONSECA,BOLETIM,0,0,0,0,0,0
P4-S06,Estr. Joao Vedana -> Estr. Joao Passuelo,2115.7,1.6,643480,20171220,08:00,QUARTA-FEIRA,-30.111702000000001,-51.217849000000001,AV VICENTE MONTEGGIA,,BOLETIM,1,0,0,1,0,0
P4-S06,Estr. Joao Vedana -> Estr. Joao Passuelo,2062.7,4.7,643618,20171222,17:20,SEXTA-FEIRA,-30.111325000000001,-51.218192000000002,AV VICENTE MONTEGGIA,,BOLETIM,0,0,0,1,0,0
P4-S07,Estr. Joao Passuelo -> Av. Joao Salomoni / Av. Rodrigues da Fonseca,2895.4,4.6,643315,20171226,19:45,TERCA-FEIRA,-30.115501999999999,-51.212471000000001,ESTR JOAO SALOMONI,AV RODRIGUES DA FONSECA,BOLETIM,1,0,0,0,0,0
P4-S02,Av. Fabio Araujo Santos -> Av. Otto Niemeyer,328.2,3.8,644749,20180108,08:58,SEGUNDA-FEIRA,-30.097792999999999,-51.224826000000000,AV VICENTE MONTEGGIA,,BOLETIM,1,0,0,1,0,0
P4-S07,Estr. Joao Passuelo -> Av. Joao Salomoni / Av. Rodrigues da Fonseca,2850.9,3.2,644198,20180112,18:25,SEXTA-FEIRA,-30.115105000000000,-51.212421999999997,AV VICENTE MONTEGGIA,,BOLETIM,0,0,0,0,0,0
P4-S03,Av. Otto Niemeyer -> Estr. Aracaju,679.8,1.9,644579,20180131,18:31,QUARTA-FEIRA,-30.100695999999999,-51.224800000000002,AV VICENTE MONTEGGIA,,BOLETIM,1,0,0,1,0,0
P4-S01,Av. da Cavalhada / Av. Nonoai / R. Dr. Campos Velho -> Av. Fabio Araujo Santos,7.6,7.1,644624,20180205,14:00,SEGUNDA-FEIRA,-30.095172999999999,-51.225712999999999,R DR CAMPOS VELHO,AV VICENTE MONTEGGIA,BOLETIM,1,0,0,0,0,0
P4-S01,Av. da Cavalhada / Av. Nonoai / R. Dr. Campos Velho -> Av. Fabio Araujo Santos,7.6,7.1,645082,20180214,01:30,QUARTA-FEIRA,-30.095172999999999,-51.225712999999999,R DR CAMPOS VELHO,AV NONOAI,BOLETIM,0,0,0,0,0,0
P4-S02,Av. Fabio Araujo Santos -> Av. Otto Niemeyer,316.6,4.1,645330,20180226,07:50,SEGUNDA-FEIRA,-30.097698999999999,-51.224773999999996,AV VICENTE MONTEGGIA,,BOLETIM,0,0,0,1,0,0
P4-S03,Av. Otto Niemeyer -> Estr. Aracaju,999.0,6.2,645474,20180228,07:10,QUARTA-FEIRA,-30.103105530000001,-51.223170000000003,AV VICENTE MONTEGGIA,,BOLETIM,0,0,0,0,0,0
P4-S06,Estr. Joao Vedana -> Estr. Joao Passuelo,2358.1,0.9,645789,20180307,10:20,QUARTA-FEIRA,-30.112473000000001,-51.215667000000003,AV VICENTE MONTEGGIA,,BOLETIM,0,0,0,0,0,0
P4-S02,Av. Fabio Araujo Santos -> Av. Otto Niemeyer,574.8,2.9,645851,20180318,08:40,DOMINGO,-30.099865999999999,-51.225316999999997,AV VICENTE MONTEGGIA,,BOLETIM,1,0,0,0,0,0
P4-S02,Av. Fabio Araujo Santos -> Av. Otto Niemeyer,604.4,3.5,645910,20180319,18:10,SEGUNDA-FEIRA,-30.100093999999999,-51.225155999999998,AV VICENTE MONTEGGIA,,BOLETIM,1,1,0,1,0,0
P4-S06,Estr. Joao Vedana -> Estr. Joao Passuelo,2063.6,1.3,646916,20180323,12:15,SEXTA-FEIRA,-30.111369000000000,-51.218229000000001,AV VICENTE MONTEGGIA,,BOLETIM,0,0,0,0,0,0
P4-S03,Av. Otto Niemeyer -> Estr. Aracaju,1067.4,5.5,646134,20180326,07:20,SEGUNDA-FEIRA,-30.103728860000000,-51.223149999999997,AV VICENTE MONTEGGIA,,BOLETIM,2,0,0,1,0,0
P4-S05,Rua Amapa -> Estr. Joao Vedana,1924.7,1.7,646216,20180328,19:30,QUARTA-FEIRA,-30.110375999999999,-51.219101000000002,AV VICENTE MONTEGGIA,,BOLETIM,1,1,0,0,0,0
P4-S02,Av. Fabio Araujo Santos -> Av. Otto Niemeyer,312.1,4.5,646481,20180331,11:00,SABADO,-30.097662000000000,-51.224755999999999,AV VICENTE MONTEGGIA,,BOLETIM,0,0,0,1,0,0
P4-S03,Av. Otto Niemeyer -> Estr. Aracaju,1063.5,5.3,646234,20180331,12:40,SABADO,-30.103694090000001,-51.223154999999998,AV VICENTE MONTEGGIA,,BOLETIM,1,0,0,1,0,0
P4-S06,Estr. Joao Vedana -> Estr. Joao Passuelo,2567.0,3.1,647059,20180410,19:20,TERCA-FEIRA,-30.112901000000001,-51.213642999999998,AV VICENTE MONTEGGIA,,BOLETIM,0,0,0,0,0,0
P4-S04,Estr. Aracaju -> Rua Amapa,1395.3,8.9,646596,20180413,21:15,SEXTA-FEIRA,-30.106607589999999,-51.222391000000002,AV VICENTE MONTEGGIA,,BOLETIM,1,1,0,1,0,0
P4-S01,Av. da Cavalhada / Av. Nonoai / R. Dr. Campos Velho -> Av. Fabio Araujo Santos,7.6,7.1,646710,20180417,00:30,TERCA-FEIRA,-30.095172999999999,-51.225712999999999,R DR CAMPOS VELHO,AV NONOAI,BOLETIM,1,0,0,1,0,0
P4-S01,Av. da Cavalhada / Av. Nonoai / R. Dr. Campos Velho -> Av. Fabio Araujo Santos,7.6,7.1,647336,20180420,15:35,SEXTA-FEIRA,-30.095172999999999,-51.225712999999999,AV VICENTE MONTEGGIA,AV NONOAI,BOLETIM,0,0,0,0,0,0
P4-S07,Estr. Joao Passuelo -> Av. Joao Salomoni / Av. Rodrigues da Fonseca,2736.8,3.9,646690,20180421,23:00,SABADO,-30.114129999999999,-51.212705000000000,AV VICENTE MONTEGGIA,,BOLETIM,1,0,0,1,0,0
P4-S01,Av. da Cavalhada / Av. Nonoai / R. Dr. Campos Velho -> Av. Fabio Araujo Santos,5.5,21.2,647523,20180429,16:45,DOMINGO,-30.095066679999999,-51.225630000000002,AV NONOAI,,BOLETIM,0,0,0,0,0,0
P4-S04,Estr. Aracaju -> Rua Amapa,1447.6,6.9,647674,20180505,13:59,SABADO,-30.107058450000000,-51.222237999999997,AV VICENTE MONTEGGIA,,BOLETIM,0,0,0,0,0,0
P4-S01,Av. da Cavalhada / Av. Nonoai / R. Dr. Campos Velho -> Av. Fabio Araujo Santos,51.1,10.4,647780,20180510,15:05,QUINTA-FEIRA,-30.095460920000001,-51.225383999999998,AV VICENTE MONTEGGIA,,BOLETIM,0,0,0,0,0,0
P4-S07,Estr. Joao Passuelo -> Av. Joao Salomoni / Av. Rodrigues da Fonseca,2736.8,3.9,647837,20180512,10:40,SABADO,-30.114129999999999,-51.212705000000000,AV VICENTE MONTEGGIA,,BOLETIM,0,0,0,0,0,0
P4-S01,Av. da Cavalhada / Av. Nonoai / R. Dr. Campos Velho -> Av. Fabio Araujo Santos,204.8,3.2,648012,20180521,10:27,SEGUNDA-FEIRA,-30.096741999999999,-51.224736000000000,AV VICENTE MONTEGGIA,,BOLETIM,1,0,0,1,0,0
P4-S06,Estr. Joao Vedana -> Estr. Joao Passuelo,2097.7,1.6,648071,20180522,16:10,TERCA-FEIRA,-30.111588000000001,-51.217981000000002,AV VICENTE MONTEGGIA,,BOLETIM,1,0,0,0,0,0
P4-S03,Av. Otto Niemeyer -> Estr. Aracaju,689.1,0.0,648123,20180523,20:15,QUARTA-FEIRA,-30.100758610000000,-51.224733000000001,AV VICENTE MONTEGGIA,,BOLETIM,1,0,0,1,0,0
P4-S01,Av. da Cavalhada / Av. Nonoai / R. Dr. Campos Velho -> Av. Fabio Araujo Santos,7.6,7.1,648356,20180601,21:00,SEXTA-FEIRA,-30.095172999999999,-51.225712999999999,R DR CAMPOS VELHO,AV CAVALHADA,BOLETIM,1,0,0,1,0,0
P4-S03,Av. Otto Niemeyer -> Estr. Aracaju,689.8,6.1,648498,20180604,13:10,SEGUNDA-FEIRA,-30.100792999999999,-51.224783000000002,AV OTTO NIEMEYER,AV VICENTE MONTEGGIA,BOLETIM,0,0,0,0,0,0
P4-S03,Av. Otto Niemeyer -> Estr. Aracaju,689.1,0.0,648885,20180618,12:50,SEGUNDA-FEIRA,-30.100758610000000,-51.224733000000001,AV VICENTE MONTEGGIA,,BOLETIM,1,0,0,1,0,0
P4-S01,Av. da Cavalhada / Av. Nonoai / R. Dr. Campos Velho -> Av. Fabio Araujo Santos,17.4,39.3,648996,20180620,09:00,QUARTA-FEIRA,-30.095056039999999,-51.225375000000000,AV NONOAI,,BOLETIM,1,0,0,1,0,0
P4-S01,Av. da Cavalhada / Av. Nonoai / R. Dr. Campos Velho -> Av. Fabio Araujo Santos,1.2,4.7,649173,20180622,18:00,SEXTA-FEIRA,-30.095149280000001,-51.225779000000003,AV CAVALHADA,,BOLETIM,0,0,0,1,0,0
P4-S01,Av. da Cavalhada / Av. Nonoai / R. Dr. Campos Velho -> Av. Fabio Araujo Santos,7.6,7.1,649169,20180622,10:50,SEXTA-FEIRA,-30.095172999999999,-51.225712999999999,R DR CAMPOS VELHO,AV NONOAI,BOLETIM,0,0,0,0,0,0
P4-S07,Estr. Joao Passuelo -> Av. Joao Salomoni / Av. Rodrigues da Fonseca,2791.1,3.0,649338,20180623,22:00,SABADO,-30.114573000000000,-51.212456000000003,AV VICENTE MONTEGGIA,,BOLETIM,1,0,0,1,0,0
P4-S05,Rua Amapa -> Estr. Joao Vedana,1476.9,3.1,649302,20180628,19:00,QUINTA-FEIRA,-30.107300039999998,-51.222088999999997,R GREGORIO PEREZ,AV VICENTE MONTEGGIA,BOLETIM,1,0,0,1,0,0
P4-S03,Av. Otto Niemeyer -> Estr. Aracaju,705.3,5.0,649570,20180629,13:35,SEXTA-FEIRA,-30.100862880000001,-51.224601999999997,AV VICENTE MONTEGGIA,,BOLETIM,0,0,0,0,0,0
P4-S06,Estr. Joao Vedana -> Estr. Joao Passuelo,2525.7,4.3,649480,20180706,23:50,SEXTA-FEIRA,-30.112624000000000,-51.213939000000003,AV VICENTE MONTEGGIA,,BOLETIM,1,0,0,0,0,0
P4-S01,Av. da Cavalhada / Av. Nonoai / R. Dr. Campos Velho -> Av. Fabio Araujo Santos,7.6,7.1,650121,20180717,10:15,TERCA-FEIRA,-30.095172999999999,-51.225712999999999,AV VICENTE MONTEGGIA,AV NONOAI,BOLETIM,0,0,0,0,0,0
P4-S03,Av. Otto Niemeyer -> Estr. Aracaju,689.8,6.1,650084,20180719,16:15,QUINTA-FEIRA,-30.100792999999999,-51.224783000000002,AV OTTO NIEMEYER,AV VICENTE MONTEGGIA,BOLETIM,1,1,0,0,0,0
P4-S05,Rua Amapa -> Estr. Joao Vedana,1889.9,4.8,650614,20180806,19:18,SEGUNDA-FEIRA,-30.110087000000000,-51.219254999999997,AV VICENTE MONTEGGIA,,BOLETIM,1,0,0,0,0,0
P4-S01,Av. da Cavalhada / Av. Nonoai / R. Dr. Campos Velho -> Av. Fabio Araujo Santos,7.6,7.1,651098,20180811,11:30,SABADO,-30.095172999999999,-51.225712999999999,R DR CAMPOS VELHO,AV NONOAI,BOLETIM,0,0,0,0,0,0
P4-S01,Av. da Cavalhada / Av. Nonoai / R. Dr. Campos Velho -> Av. Fabio Araujo Santos,7.6,7.1,650715,20180812,16:00,DOMINGO,-30.095172999999999,-51.225712999999999,R DR CAMPOS VELHO,AV VICENTE MONTEGGIA,BOLETIM,1,0,0,0,0,0
P4-S01,Av. da Cavalhada / Av. Nonoai / R. Dr. Campos Velho -> Av. Fabio Araujo Santos,7.6,7.1,651164,20180814,16:00,TERCA-FEIRA,-30.095172999999999,-51.225712999999999,R DR CAMPOS VELHO,AV NONOAI,BOLETIM,0,0,0,0,0,0
P4-S04,Estr. Aracaju -> Rua Amapa,1461.4,7.2,650769,20180815,17:15,QUARTA-FEIRA,-30.107187509999999,-51.222192999999997,AV VICENTE MONTEGGIA,,BOLETIM,1,1,0,1,0,0
P4-S05,Rua Amapa -> Estr. Joao Vedana,1711.5,2.5,651559,20180827,14:20,SEGUNDA-FEIRA,-30.108785999999998,-51.220340000000000,AV VICENTE MONTEGGIA,,BOLETIM,0,0,0,0,0,0
P4-S02,Av. Fabio Araujo Santos -> Av. Otto Niemeyer,634.9,4.9,651569,20180828,10:45,TERCA-FEIRA,-30.100330629999998,-51.224994000000002,AV VICENTE MONTEGGIA,,BOLETIM,0,0,0,0,0,0
P4-S03,Av. Otto Niemeyer -> Estr. Aracaju,705.3,5.0,651565,20180828,10:55,TERCA-FEIRA,-30.100862880000001,-51.224601999999997,AV VICENTE MONTEGGIA,,BOLETIM,0,0,0,0,0,0
P4-S01,Av. da Cavalhada / Av. Nonoai / R. Dr. Campos Velho -> Av. Fabio Araujo Santos,7.6,7.1,651780,20180901,02:50,SABADO,-30.095172999999999,-51.225712999999999,R DR CAMPOS VELHO,AV NONOAI,BOLETIM,0,0,0,0,0,0
P4-S06,Estr. Joao Vedana -> Estr. Joao Passuelo,2411.9,2.1,652970,20180908,07:00,SABADO,-30.112487999999999,-51.215108000000001,AV VICENTE MONTEGGIA,,BOLETIM,1,0,0,0,0,0
P4-S01,Av. da Cavalhada / Av. Nonoai / R. Dr. Campos Velho -> Av. Fabio Araujo Santos,17.4,39.3,651943,20180909,17:20,DOMINGO,-30.095056039999999,-51.225375000000000,AV NONOAI,,BOLETIM,0,0,0,0,0,0
P4-S04,Estr. Aracaju -> Rua Amapa,1395.3,8.9,652072,20180914,14:15,SEXTA-FEIRA,-30.106607589999999,-51.222391000000002,AV VICENTE MONTEGGIA,,BOLETIM,0,0,0,0,0,0
P4-S05,Rua Amapa -> Estr. Joao Vedana,1551.9,9.4,652104,20180915,10:40,SABADO,-30.107832840000000,-51.221587000000000,AV VICENTE MONTEGGIA,,BOLETIM,0,0,0,0,0,0
P4-S01,Av. da Cavalhada / Av. Nonoai / R. Dr. Campos Velho -> Av. Fabio Araujo Santos,7.6,7.1,652184,20180917,08:40,SEGUNDA-FEIRA,-30.095172949999998,-51.225712999999999,AV VICENTE MONTEGGIA,AV CAVALHADA,BOLETIM,0,0,0,0,0,0
P4-S01,Av. da Cavalhada / Av. Nonoai / R. Dr. Campos Velho -> Av. Fabio Araujo Santos,7.6,7.1,652183,20180917,11:10,SEGUNDA-FEIRA,-30.095172999999999,-51.225712999999999,AV VICENTE MONTEGGIA,AV NONOAI,BOLETIM,0,0,0,0,0,1
P4-S01,Av. da Cavalhada / Av. Nonoai / R. Dr. Campos Velho -> Av. Fabio Araujo Santos,0.0,12.8,652194,20180918,14:30,TERCA-FEIRA,-30.095068009999999,-51.225766999999998,R DR CAMPOS VELHO,,BOLETIM,0,0,0,0,0,0
P4-S06,Estr. Joao Vedana -> Estr. Joao Passuelo,1952.2,6.6,652320,20180924,09:13,SEGUNDA-FEIRA,-30.110532200000002,-51.218859000000002,AV VICENTE MONTEGGIA,,BOLETIM,0,0,0,0,0,0
P4-S02,Av. Fabio Araujo Santos -> Av. Otto Niemeyer,432.9,2.3,652962,20180925,10:51,TERCA-FEIRA,-30.098617000000001,-51.225346999999999,AV VICENTE MONTEGGIA,,BOLETIM,1,1,0,1,0,0
P4-S02,Av. Fabio Araujo Santos -> Av. Otto Niemeyer,516.3,4.3,652983,20180926,10:00,QUARTA-FEIRA,-30.099332109999999,-51.225333999999997,AV VICENTE MONTEGGIA,,BOLETIM,1,0,0,1,0,0
P4-S06,Estr. Joao Vedana -> Estr. Joao Passuelo,2620.3,4.9,652376,20180926,15:50,QUARTA-FEIRA,-30.113164000000001,-51.213161999999997,AV VICENTE MONTEGGIA,,BOLETIM,0,0,0,0,0,0
P4-S02,Av. Fabio Araujo Santos -> Av. Otto Niemeyer,645.7,6.1,653019,20180927,07:30,QUINTA-FEIRA,-30.100397019999999,-51.224930000000001,AV VICENTE MONTEGGIA,,BOLETIM,2,0,0,0,0,0
P4-S03,Av. Otto Niemeyer -> Estr. Aracaju,689.8,6.1,652534,20181003,12:50,QUARTA-FEIRA,-30.100792999999999,-51.224783000000002,AV OTTO NIEMEYER,AV VICENTE MONTEGGIA,BOLETIM,0,0,0,0,0,0
P4-S03,Av. Otto Niemeyer -> Estr. Aracaju,689.8,6.1,652654,20181008,07:02,SEGUNDA-FEIRA,-30.100792999999999,-51.224783000000002,AV OTTO NIEMEYER,AV VICENTE MONTEGGIA,BOLETIM,0,0,0,0,0,0
P4-S03,Av. Otto Niemeyer -> Estr. Aracaju,1064.6,6.7,665757,20181008,21:30,SEGUNDA-FEIRA,-30.103685760000001,-51.223030000000001,AV VICENTE MONTEGGIA,,BOLETIM,0,0,0,0,0,0
P4-S02,Av. Fabio Araujo Santos -> Av. Otto Niemeyer,482.8,4.5,653253,20181017,11:35,QUARTA-FEIRA,-30.099045000000000,-51.225473000000001,AV VICENTE MONTEGGIA,,BOLETIM,1,1,0,1,0,0
P4-S05,Rua Amapa -> Estr. Joao Vedana,1492.4,3.6,653580,20181023,13:05,TERCA-FEIRA,-30.107367910000001,-51.221922999999997,AV VICENTE MONTEGGIA,,BOLETIM,0,0,0,0,0,0
P4-S06,Estr. Joao Vedana -> Estr. Joao Passuelo,1964.8,4.2,653711,20181029,21:00,SEGUNDA-FEIRA,-30.110638999999999,-51.218806999999998,AV VICENTE MONTEGGIA,,BOLETIM,0,0,0,0,0,0
P4-S03,Av. Otto Niemeyer -> Estr. Aracaju,733.3,6.8,653873,20181101,08:10,QUINTA-FEIRA,-30.101112430000001,-51.224505000000001,AV VICENTE MONTEGGIA,,BOLETIM,0,0,0,0,0,0
P4-S03,Av. Otto Niemeyer -> Estr. Aracaju,1104.3,3.0,654576,20181123,15:00,SEXTA-FEIRA,-30.104051999999999,-51.223052000000003,AV VICENTE MONTEGGIA,,BOLETIM,0,0,0,0,0,0
P4-S05,Rua Amapa -> Estr. Joao Vedana,1799.1,5.9,654512,20181123,09:20,SEXTA-FEIRA,-30.109412970000001,-51.219780000000000,AV VICENTE MONTEGGIA,,BOLETIM,1,0,0,1,0,0
P4-S04,Estr. Aracaju -> Rua Amapa,1300.2,4.5,655063,20181210,01:10,SEGUNDA-FEIRA,-30.105749029999998,-51.222504000000001,AV VICENTE MONTEGGIA,,BOLETIM,1,1,0,1,0,0
P4-S06,Estr. Joao Vedana -> Estr. Joao Passuelo,2620.3,4.9,687906,20181213,14:30,QUINTA-FEIRA,-30.113164000000001,-51.213161999999997,AV VICENTE MONTEGGIA,,BOLETIM,1,1,0,1,0,0
P4-S01,Av. da Cavalhada / Av. Nonoai / R. Dr. Campos Velho -> Av. Fabio Araujo Santos,124.9,6.8,655233,20181216,20:20,DOMINGO,-30.096130190000000,-51.225181999999997,AV VICENTE MONTEGGIA,,BOLETIM,1,1,0,1,0,0
P4-S01,Av. da Cavalhada / Av. Nonoai / R. Dr. Campos Velho -> Av. Fabio Araujo Santos,7.6,7.1,655501,20181217,12:20,SEGUNDA-FEIRA,-30.095172999999999,-51.225712999999999,R DR CAMPOS VELHO,AV NONOAI,BOLETIM,0,0,0,0,0,0
P4-S06,Estr. Joao Vedana -> Estr. Joao Passuelo,1934.0,0.6,655579,20181221,07:15,SEXTA-FEIRA,-30.110429109999998,-51.219022000000002,ESTR JOAO VEDANA,AV VICENTE MONTEGGIA,BOLETIM,0,0,0,1,0,0
P4-S01,Av. da Cavalhada / Av. Nonoai / R. Dr. Campos Velho -> Av. Fabio Araujo Santos,7.6,7.1,655637,20181223,23:40,DOMINGO,-30.095172999999999,-51.225712999999999,R DR CAMPOS VELHO,AV CAVALHADA,BOLETIM,0,0,0,0,0,0
P4-S04,Estr. Aracaju -> Rua Amapa,1467.6,1.1,655684,20181227,02:49,QUINTA-FEIRA,-30.107208000000000,-51.222087999999999,AV VICENTE MONTEGGIA,,BOLETIM,2,0,0,1,0,0
P4-S03,Av. Otto Niemeyer -> Estr. Aracaju,984.5,1.8,655782,20190102,17:00,QUARTA-FEIRA,-30.102993000000001,-51.223281999999998,AV VICENTE MONTEGGIA,,BOLETIM,1,0,0,1,0,0
P4-S01,Av. da Cavalhada / Av. Nonoai / R. Dr. Campos Velho -> Av. Fabio Araujo Santos,3.3,13.7,655822,20190105,06:45,SABADO,-30.095102950000001,-51.225700000000003,AV NONOAI,,BOLETIM,1,0,0,0,0,0
P4-S04,Estr. Aracaju -> Rua Amapa,1397.5,2.9,656121,20190109,18:00,QUARTA-FEIRA,-30.106612999999999,-51.222324999999998,AV VICENTE MONTEGGIA,,BOLETIM,0,0,0,1,0,0
P4-S05,Rua Amapa -> Estr. Joao Vedana,1505.6,5.1,656352,20190109,19:00,QUARTA-FEIRA,-30.107507999999999,-51.221893999999999,AV VICENTE MONTEGGIA,,BOLETIM,1,0,0,1,0,0
P4-S01,Av. da Cavalhada / Av. Nonoai / R. Dr. Campos Velho -> Av. Fabio Araujo Santos,0.0,48.9,656195,20190112,19:10,SABADO,-30.094957000000001,-51.226264000000000,R DR CAMPOS VELHO,,BOLETIM,0,0,0,0,0,0
P4-S06,Estr. Joao Vedana -> Estr. Joao Passuelo,2251.4,0.7,656469,20190120,16:45,DOMINGO,-30.112463000000002,-51.216768000000002,AV VICENTE MONTEGGIA,,BOLETIM,0,0,0,0,0,0
P4-S02,Av. Fabio Araujo Santos -> Av. Otto Niemeyer,312.1,4.5,656522,20190125,22:00,SEXTA-FEIRA,-30.097662000000000,-51.224755999999999,AV VICENTE MONTEGGIA,,BOLETIM,1,1,0,1,0,0
P4-S01,Av. da Cavalhada / Av. Nonoai / R. Dr. Campos Velho -> Av. Fabio Araujo Santos,8.9,41.8,657280,20190212,11:38,TERCA-FEIRA,-30.094951540000000,-51.225459000000001,AV NONOAI,,BOLETIM,0,0,0,0,0,0
P4-S01,Av. da Cavalhada / Av. Nonoai / R. Dr. Campos Velho -> Av. Fabio Araujo Santos,16.4,30.2,657133,20190215,11:00,SEXTA-FEIRA,-30.095101199999998,-51.225453999999999,AV NONOAI,,BOLETIM,2,2,0,1,0,0
P4-S04,Estr. Aracaju -> Rua Amapa,1453.4,0.6,657616,20190215,08:05,SEXTA-FEIRA,-30.107095000000001,-51.222160000000002,AV VICENTE MONTEGGIA,,BOLETIM,1,0,0,1,0,0
P4-S02,Av. Fabio Araujo Santos -> Av. Otto Niemeyer,316.6,4.1,657420,20190222,10:00,SEXTA-FEIRA,-30.097698999999999,-51.224773999999996,AV VICENTE MONTEGGIA,,BOLETIM,0,0,0,0,0,0
P4-S01,Av. da Cavalhada / Av. Nonoai / R. Dr. Campos Velho -> Av. Fabio Araujo Santos,1.2,4.7,658031,20190309,15:15,SABADO,-30.095149280000001,-51.225779000000003,AV CAVALHADA,,BOLETIM,0,0,0,0,0,0
P4-S05,Rua Amapa -> Estr. Joao Vedana,1486.7,2.5,658038,20190309,19:20,SABADO,-30.107368999999998,-51.222009999999997,AV VICENTE MONTEGGIA,,BOLETIM,0,0,0,0,0,0
P4-S06,Estr. Joao Vedana -> Estr. Joao Passuelo,2358.1,0.9,658046,20190311,08:00,SEGUNDA-FEIRA,-30.112473000000001,-51.215667000000003,AV VICENTE MONTEGGIA,,BOLETIM,0,0,0,0,0,0
P4-S01,Av. da Cavalhada / Av. Nonoai / R. Dr. Campos Velho -> Av. Fabio Araujo Santos,8.9,41.8,658166,20190316,09:25,SABADO,-30.094951540000000,-51.225459000000001,AV NONOAI,,BOLETIM,0,0,0,0,0,0
P4-S03,Av. Otto Niemeyer -> Estr. Aracaju,1085.9,0.7,658415,20190316,18:10,SABADO,-30.103885890000001,-51.223067999999998,ESTR ARACAJU,AV VICENTE MONTEGGIA,BOLETIM,0,0,0,0,0,0
P4-S05,Rua Amapa -> Estr. Joao Vedana,1889.9,4.8,658920,20190319,07:30,TERCA-FEIRA,-30.110087000000000,-51.219254999999997,AV VICENTE MONTEGGIA,,BOLETIM,1,0,0,1,0,0
P4-S03,Av. Otto Niemeyer -> Estr. Aracaju,1111.9,3.1,658391,20190323,13:30,SABADO,-30.104106999999999,-51.222974000000001,AV VICENTE MONTEGGIA,,BOLETIM,0,0,0,0,0,0
P4-S01,Av. da Cavalhada / Av. Nonoai / R. Dr. Campos Velho -> Av. Fabio Araujo Santos,7.6,7.1,658632,20190401,15:10,SEGUNDA-FEIRA,-30.095172999999999,-51.225712999999999,R DR CAMPOS VELHO,AV CAVALHADA,BOLETIM,0,0,0,0,0,0
P4-S06,Estr. Joao Vedana -> Estr. Joao Passuelo,2538.6,3.7,659148,20190402,07:00,TERCA-FEIRA,-30.112694000000001,-51.213831999999996,AV VICENTE MONTEGGIA,,BOLETIM,2,0,0,1,0,0
P4-S01,Av. da Cavalhada / Av. Nonoai / R. Dr. Campos Velho -> Av. Fabio Araujo Santos,7.6,7.1,658711,20190404,11:00,QUINTA-FEIRA,-30.095172999999999,-51.225712999999999,R DR CAMPOS VELHO,AV CAVALHADA,BOLETIM,0,0,0,0,0,0
P4-S01,Av. da Cavalhada / Av. Nonoai / R. Dr. Campos Velho -> Av. Fabio Araujo Santos,7.6,7.1,658832,20190409,11:35,TERCA-FEIRA,-30.095172949999998,-51.225712999999999,AV VICENTE MONTEGGIA,AV CAVALHADA,BOLETIM,0,0,0,0,0,0
P4-S05,Rua Amapa -> Estr. Joao Vedana,1753.1,2.4,659547,20190425,08:50,QUINTA-FEIRA,-30.109073570000000,-51.220059999999997,AV VICENTE MONTEGGIA,,BOLETIM,1,1,0,1,0,0
P4-S06,Estr. Joao Vedana -> Estr. Joao Passuelo,2620.5,4.3,660626,20190510,11:20,SEXTA-FEIRA,-30.113217880000001,-51.213234999999997,AV VICENTE MONTEGGIA,,BOLETIM,1,0,0,1,0,0
P4-S01,Av. da Cavalhada / Av. Nonoai / R. Dr. Campos Velho -> Av. Fabio Araujo Santos,7.6,7.1,660882,20190513,16:30,SEGUNDA-FEIRA,-30.095172999999999,-51.225712999999999,R DR CAMPOS VELHO,AV CAVALHADA,BOLETIM,0,0,0,0,0,0
P4-S04,Estr. Aracaju -> Rua Amapa,1458.9,6.9,660878,20190514,21:05,TERCA-FEIRA,-30.107165999999999,-51.222200999999998,AV VICENTE MONTEGGIA,,BOLETIM,1,1,0,1,0,0
P4-S01,Av. da Cavalhada / Av. Nonoai / R. Dr. Campos Velho -> Av. Fabio Araujo Santos,3.3,13.7,660899,20190515,13:30,QUARTA-FEIRA,-30.095102950000001,-51.225700000000003,AV NONOAI,,BOLETIM,1,0,0,1,0,0
P4-S07,Estr. Joao Passuelo -> Av. Joao Salomoni / Av. Rodrigues da Fonseca,2895.4,4.6,660960,20190519,15:15,DOMINGO,-30.115501999999999,-51.212471000000001,AV VICENTE MONTEGGIA,AV RODRIGUES DA FONSECA,BOLETIM,1,0,0,1,0,0
P4-S03,Av. Otto Niemeyer -> Estr. Aracaju,1085.9,0.7,661203,20190523,07:30,QUINTA-FEIRA,-30.103885890000001,-51.223067999999998,ESTR ARACAJU,AV VICENTE MONTEGGIA,BOLETIM,0,0,0,0,0,0
P4-S03,Av. Otto Niemeyer -> Estr. Aracaju,689.8,6.1,660654,20190527,09:10,SEGUNDA-FEIRA,-30.100792999999999,-51.224783000000002,AV OTTO NIEMEYER,AV VICENTE MONTEGGIA,BOLETIM,0,0,0,0,0,0
P4-S03,Av. Otto Niemeyer -> Estr. Aracaju,689.8,6.1,660661,20190528,12:50,TERCA-FEIRA,-30.100792999999999,-51.224783000000002,AV OTTO NIEMEYER,AV VICENTE MONTEGGIA,BOLETIM,0,0,0,0,0,0
P4-S02,Av. Fabio Araujo Santos -> Av. Otto Niemeyer,328.2,3.8,661220,20190604,18:40,TERCA-FEIRA,-30.097792999999999,-51.224826000000000,AV VICENTE MONTEGGIA,,BOLETIM,1,0,0,1,0,0
P4-S07,Estr. Joao Passuelo -> Av. Joao Salomoni / Av. Rodrigues da Fonseca,2813.4,0.8,661249,20190606,07:00,QUINTA-FEIRA,-30.114771260000001,-51.212406000000001,AV VICENTE MONTEGGIA,,BOLETIM,1,0,0,1,0,0
P4-S02,Av. Fabio Araujo Santos -> Av. Otto Niemeyer,296.5,3.2,661331,20190611,13:30,TERCA-FEIRA,-30.097559159999999,-51.224617000000002,AV VICENTE MONTEGGIA,,BOLETIM,1,0,0,0,0,0
P4-S01,Av. da Cavalhada / Av. Nonoai / R. Dr. Campos Velho -> Av. Fabio Araujo Santos,185.3,0.0,661540,20190621,19:40,SEXTA-FEIRA,-30.096596000000002,-51.224853000000003,AV VICENTE MONTEGGIA,,BOLETIM,1,0,0,0,0,0
P4-S02,Av. Fabio Araujo Santos -> Av. Otto Niemeyer,405.4,3.4,668699,20190621,00:52,SEXTA-FEIRA,-30.098381000000000,-51.225245000000001,AV VICENTE MONTEGGIA,,BOLETIM,1,0,0,1,0,0
P4-S05,Rua Amapa -> Estr. Joao Vedana,1633.1,0.6,661817,20190630,09:48,DOMINGO,-30.108287000000001,-51.220917999999998,AV VICENTE MONTEGGIA,,BOLETIM,1,0,0,1,0,0
P4-S01,Av. da Cavalhada / Av. Nonoai / R. Dr. Campos Velho -> Av. Fabio Araujo Santos,0.0,48.9,662352,20190709,11:30,TERCA-FEIRA,-30.094957000000001,-51.226264000000000,R DR CAMPOS VELHO,,BOLETIM,1,0,0,1,0,1
P4-S01,Av. da Cavalhada / Av. Nonoai / R. Dr. Campos Velho -> Av. Fabio Araujo Santos,7.6,7.1,662532,20190709,08:25,TERCA-FEIRA,-30.095172949999998,-51.225712999999999,AV VICENTE MONTEGGIA,AV CAVALHADA,BOLETIM,0,0,0,1,0,0
P4-S02,Av. Fabio Araujo Santos -> Av. Otto Niemeyer,403.7,2.7,662353,20190709,15:00,TERCA-FEIRA,-30.098398000000000,-51.225183000000001,AV VICENTE MONTEGGIA,,BOLETIM,1,0,0,1,0,0
P4-S01,Av. da Cavalhada / Av. Nonoai / R. Dr. Campos Velho -> Av. Fabio Araujo Santos,126.1,3.7,662424,20190710,16:10,QUARTA-FEIRA,-30.096128000000000,-51.225147999999997,AV VICENTE MONTEGGIA,,BOLETIM,1,0,0,1,0,0
P4-S03,Av. Otto Niemeyer -> Estr. Aracaju,1024.8,5.2,662603,20190712,21:30,SEXTA-FEIRA,-30.103334810000000,-51.223125000000003,AV VICENTE MONTEGGIA,,BOLETIM,1,0,0,1,0,0
P4-S02,Av. Fabio Araujo Santos -> Av. Otto Niemeyer,316.6,4.1,662797,20190717,16:10,QUARTA-FEIRA,-30.097698999999999,-51.224773999999996,AV VICENTE MONTEGGIA,,BOLETIM,0,0,0,0,0,0
P4-S03,Av. Otto Niemeyer -> Estr. Aracaju,689.1,0.0,662734,20190719,08:25,SEXTA-FEIRA,-30.100758610000000,-51.224733000000001,AV VICENTE MONTEGGIA,,BOLETIM,0,0,0,0,0,0
P4-S02,Av. Fabio Araujo Santos -> Av. Otto Niemeyer,652.6,1.3,663248,20190805,17:15,SEGUNDA-FEIRA,-30.100473999999998,-51.224921999999999,AV VICENTE MONTEGGIA,,BOLETIM,2,0,0,0,0,0
P4-S03,Av. Otto Niemeyer -> Estr. Aracaju,935.7,0.2,663592,20190808,15:00,QUINTA-FEIRA,-30.102560000000000,-51.223368999999998,AV VICENTE MONTEGGIA,,BOLETIM,0,0,0,0,0,0
P4-S07,Estr. Joao Passuelo -> Av. Joao Salomoni / Av. Rodrigues da Fonseca,2737.7,5.2,664173,20190821,15:05,QUARTA-FEIRA,-30.114111630000000,-51.212612999999997,AV VICENTE MONTEGGIA,,BOLETIM,1,0,0,0,0,0
P4-S01,Av. da Cavalhada / Av. Nonoai / R. Dr. Campos Velho -> Av. Fabio Araujo Santos,5.5,21.2,664436,20190831,02:05,SABADO,-30.095066679999999,-51.225630000000002,AV NONOAI,,BOLETIM,0,0,0,0,0,0
P4-S05,Rua Amapa -> Estr. Joao Vedana,1492.4,3.6,664589,20190904,08:10,QUARTA-FEIRA,-30.107367910000001,-51.221922999999997,AV VICENTE MONTEGGIA,,BOLETIM,0,0,0,0,0,0
P4-S05,Rua Amapa -> Estr. Joao Vedana,1799.1,5.9,665070,20190906,08:13,SEXTA-FEIRA,-30.109412970000001,-51.219780000000000,AV VICENTE MONTEGGIA,,BOLETIM,2,0,0,0,0,0
P4-S06,Estr. Joao Vedana -> Estr. Joao Passuelo,2028.7,2.9,664776,20190912,19:00,QUINTA-FEIRA,-30.111118999999999,-51.218454000000001,AV VICENTE MONTEGGIA,,BOLETIM,1,1,0,1,0,0
P4-S01,Av. da Cavalhada / Av. Nonoai / R. Dr. Campos Velho -> Av. Fabio Araujo Santos,102.3,1.3,665178,20190918,09:45,QUARTA-FEIRA,-30.095925000000001,-51.225230000000003,AV VICENTE MONTEGGIA,,BOLETIM,0,0,0,0,0,0
P4-S05,Rua Amapa -> Estr. Joao Vedana,1800.2,3.0,665209,20190919,13:49,QUINTA-FEIRA,-30.109435000000001,-51.219799999999999,AV VICENTE MONTEGGIA,,BOLETIM,0,0,0,0,0,0
P4-S02,Av. Fabio Araujo Santos -> Av. Otto Niemeyer,328.2,3.8,665970,20191003,23:00,QUINTA-FEIRA,-30.097792999999999,-51.224826000000000,AV VICENTE MONTEGGIA,,BOLETIM,0,0,0,0,0,0
P4-S07,Estr. Joao Passuelo -> Av. Joao Salomoni / Av. Rodrigues da Fonseca,2888.7,2.5,666395,20191005,16:00,SABADO,-30.115423610000001,-51.212513999999999,AV VICENTE MONTEGGIA,,BOLETIM,1,0,0,1,0,0
P4-S04,Estr. Aracaju -> Rua Amapa,1336.3,3.6,666185,20191017,08:00,QUINTA-FEIRA,-30.106065640000001,-51.222419000000002,AV VICENTE MONTEGGIA,,BOLETIM,1,0,0,1,0,0
P4-S02,Av. Fabio Araujo Santos -> Av. Otto Niemeyer,354.1,3.8,666757,20191026,15:40,SABADO,-30.097992000000001,-51.224957000000003,AV VICENTE MONTEGGIA,,BOLETIM,0,0,0,0,0,0
P4-S01,Av. da Cavalhada / Av. Nonoai / R. Dr. Campos Velho -> Av. Fabio Araujo Santos,7.6,7.1,666975,20191105,11:00,TERCA-FEIRA,-30.095172999999999,-51.225712999999999,R DR CAMPOS VELHO,AV CAVALHADA,BOLETIM,0,0,0,0,0,0
P4-S01,Av. da Cavalhada / Av. Nonoai / R. Dr. Campos Velho -> Av. Fabio Araujo Santos,7.6,7.1,667192,20191106,08:10,QUARTA-FEIRA,-30.095172999999999,-51.225712999999999,R DR CAMPOS VELHO,AV CAVALHADA,BOLETIM,0,0,0,0,0,0
P4-S02,Av. Fabio Araujo Santos -> Av. Otto Niemeyer,354.1,3.8,667195,20191106,18:00,QUARTA-FEIRA,-30.097992000000001,-51.224957000000003,AV VICENTE MONTEGGIA,,BOLETIM,0,0,0,1,0,0
P4-S03,Av. Otto Niemeyer -> Estr. Aracaju,689.8,6.1,667709,20191107,14:00,QUINTA-FEIRA,-30.100792999999999,-51.224783000000002,AV OTTO NIEMEYER,AV VICENTE MONTEGGIA,BOLETIM,0,0,0,0,0,0
P4-S02,Av. Fabio Araujo Santos -> Av. Otto Niemeyer,296.5,3.2,667893,20191110,09:00,DOMINGO,-30.097559159999999,-51.224617000000002,AV VICENTE MONTEGGIA,,BOLETIM,1,0,0,1,0,0
P4-S02,Av. Fabio Araujo Santos -> Av. Otto Niemeyer,645.7,6.1,667414,20191112,19:40,TERCA-FEIRA,-30.100397019999999,-51.224930000000001,AV VICENTE MONTEGGIA,,BOLETIM,0,0,0,0,0,1
P4-S02,Av. Fabio Araujo Santos -> Av. Otto Niemeyer,316.6,4.1,667482,20191116,14:40,SABADO,-30.097698999999999,-51.224773999999996,AV VICENTE MONTEGGIA,,BOLETIM,0,0,0,0,0,0
P4-S02,Av. Fabio Araujo Santos -> Av. Otto Niemeyer,544.8,1.9,667768,20191123,07:30,SABADO,-30.099589000000002,-51.225316999999997,AV VICENTE MONTEGGIA,,BOLETIM,0,0,0,0,0,0
P4-S06,Estr. Joao Vedana -> Estr. Joao Passuelo,2473.7,4.5,667644,20191123,07:01,SABADO,-30.112461000000000,-51.214455000000001,AV VICENTE MONTEGGIA,,BOLETIM,1,1,0,1,0,0
P4-S01,Av. da Cavalhada / Av. Nonoai / R. Dr. Campos Velho -> Av. Fabio Araujo Santos,1.2,4.7,667736,20191125,18:00,SEGUNDA-FEIRA,-30.095149280000001,-51.225779000000003,AV CAVALHADA,,BOLETIM,2,0,0,1,0,0
P4-S02,Av. Fabio Araujo Santos -> Av. Otto Niemeyer,328.2,3.8,669749,20191126,18:55,TERCA-FEIRA,-30.097792999999999,-51.224826000000000,AV VICENTE MONTEGGIA,,BOLETIM,2,0,0,1,0,0
P4-S01,Av. da Cavalhada / Av. Nonoai / R. Dr. Campos Velho -> Av. Fabio Araujo Santos,7.6,7.1,668080,20191127,01:30,QUARTA-FEIRA,-30.095172999999999,-51.225712999999999,R DR CAMPOS VELHO,AV NONOAI,BOLETIM,0,0,0,0,0,0
P4-S04,Estr. Aracaju -> Rua Amapa,1313.3,1.9,668181,20191204,18:00,QUARTA-FEIRA,-30.105878000000001,-51.222534000000003,AV VICENTE MONTEGGIA,,BOLETIM,1,0,0,1,0,0
P4-S06,Estr. Joao Vedana -> Estr. Joao Passuelo,2011.4,3.2,668537,20191206,03:00,SEXTA-FEIRA,-30.111024520000001,-51.218603000000002,AV VICENTE MONTEGGIA,,BOLETIM,0,0,0,0,0,0
P4-S01,Av. da Cavalhada / Av. Nonoai / R. Dr. Campos Velho -> Av. Fabio Araujo Santos,7.6,7.1,669186,20191228,15:00,SABADO,-30.095172949999998,-51.225712999999999,AV VICENTE MONTEGGIA,AV CAVALHADA,BOLETIM,0,0,0,0,0,0
P4-S03,Av. Otto Niemeyer -> Estr. Aracaju,1008.0,10.3,669080,20191231,08:30,TERCA-FEIRA,-30.103214980000001,-51.223317999999999,AV VICENTE MONTEGGIA,,BOLETIM,1,0,0,1,0,0
P4-S01,Av. da Cavalhada / Av. Nonoai / R. Dr. Campos Velho -> Av. Fabio Araujo Santos,0.0,48.9,669168,20200105,12:30,DOMINGO,-30.094957000000001,-51.226264000000000,R DR CAMPOS VELHO,,BOLETIM,1,0,0,1,0,0
P4-S01,Av. da Cavalhada / Av. Nonoai / R. Dr. Campos Velho -> Av. Fabio Araujo Santos,1.2,4.7,669625,20200107,20:39,TERCA-FEIRA,-30.095149280000001,-51.225779000000003,AV CAVALHADA,,BOLETIM,0,0,0,0,0,0
P4-S03,Av. Otto Niemeyer -> Estr. Aracaju,1067.4,5.5,669440,20200110,09:15,SEXTA-FEIRA,-30.103728860000000,-51.223149999999997,AV VICENTE MONTEGGIA,,BOLETIM,0,0,0,0,0,0
P4-S02,Av. Fabio Araujo Santos -> Av. Otto Niemeyer,634.9,4.9,669386,20200111,14:10,SABADO,-30.100330629999998,-51.224994000000002,AV VICENTE MONTEGGIA,,BOLETIM,1,0,0,1,0,0
P4-S03,Av. Otto Niemeyer -> Estr. Aracaju,1063.5,5.3,669457,20200113,13:30,SEGUNDA-FEIRA,-30.103694090000001,-51.223154999999998,AV VICENTE MONTEGGIA,,BOLETIM,1,0,0,1,0,0
P4-S04,Estr. Aracaju -> Rua Amapa,1228.4,0.8,669723,20200122,15:00,QUARTA-FEIRA,-30.105132000000001,-51.222724999999997,AV VICENTE MONTEGGIA,,BOLETIM,1,1,0,1,0,0
P4-S05,Rua Amapa -> Estr. Joao Vedana,1492.4,3.6,669833,20200124,15:00,SEXTA-FEIRA,-30.107367910000001,-51.221922999999997,AV VICENTE MONTEGGIA,,BOLETIM,1,0,0,0,0,0
P4-S01,Av. da Cavalhada / Av. Nonoai / R. Dr. Campos Velho -> Av. Fabio Araujo Santos,7.6,7.1,670016,20200130,10:40,QUINTA-FEIRA,-30.095172999999999,-51.225712999999999,R DR CAMPOS VELHO,AV NONOAI,BOLETIM,0,0,0,0,0,0
P4-S02,Av. Fabio Araujo Santos -> Av. Otto Niemeyer,611.6,3.5,670086,20200201,14:55,SABADO,-30.100151000000000,-51.225121000000001,AV VICENTE MONTEGGIA,,BOLETIM,0,0,0,0,0,0
P4-S04,Estr. Aracaju -> Rua Amapa,1275.4,0.8,670959,20200205,18:45,QUARTA-FEIRA,-30.105544999999999,-51.222620999999997,AV VICENTE MONTEGGIA,,BOLETIM,1,0,0,1,0,0
P4-S01,Av. da Cavalhada / Av. Nonoai / R. Dr. Campos Velho -> Av. Fabio Araujo Santos,5.5,21.2,670434,20200212,17:10,QUARTA-FEIRA,-30.095066679999999,-51.225630000000002,AV NONOAI,,BOLETIM,1,0,0,0,0,0
P4-S06,Estr. Joao Vedana -> Estr. Joao Passuelo,2338.0,1.4,671024,20200302,20:23,SEGUNDA-FEIRA,-30.112451000000000,-51.215876000000002,AV VICENTE MONTEGGIA,,BOLETIM,1,1,0,0,0,0
P4-S06,Estr. Joao Vedana -> Estr. Joao Passuelo,1942.9,6.2,671515,20200314,23:00,SABADO,-30.110460650000000,-51.218919000000000,AV VICENTE MONTEGGIA,,BOLETIM,1,1,0,1,0,0
P4-S03,Av. Otto Niemeyer -> Estr. Aracaju,689.8,6.1,671760,20200317,07:20,TERCA-FEIRA,-30.100792999999999,-51.224783000000002,AV OTTO NIEMEYER,AV VICENTE MONTEGGIA,BOLETIM,0,0,0,0,0,0
P4-S03,Av. Otto Niemeyer -> Estr. Aracaju,1024.8,5.2,672360,20200506,16:00,QUARTA-FEIRA,-30.103334810000000,-51.223125000000003,AV VICENTE MONTEGGIA,,BOLETIM,1,0,0,1,0,0
P4-S06,Estr. Joao Vedana -> Estr. Joao Passuelo,2511.8,1.3,672468,20200506,07:48,QUARTA-FEIRA,-30.112575730000000,-51.214081000000000,AV VICENTE MONTEGGIA,R ANGELO PASSUELO,BOLETIM,0,0,0,0,0,0
P4-S06,Estr. Joao Vedana -> Estr. Joao Passuelo,2358.1,0.9,672642,20200517,18:00,DOMINGO,-30.112473000000001,-51.215667000000003,AV VICENTE MONTEGGIA,,BOLETIM,0,0,0,0,0,0
P4-S01,Av. da Cavalhada / Av. Nonoai / R. Dr. Campos Velho -> Av. Fabio Araujo Santos,5.5,21.2,672902,20200523,09:45,SABADO,-30.095066679999999,-51.225630000000002,AV NONOAI,,BOLETIM,0,0,0,0,0,0
P4-S01,Av. da Cavalhada / Av. Nonoai / R. Dr. Campos Velho -> Av. Fabio Araujo Santos,213.9,0.3,672890,20200527,16:50,QUARTA-FEIRA,-30.096827999999999,-51.224724000000002,AV VICENTE MONTEGGIA,AV FABIO ARAUJO SANTOS,BOLETIM,1,0,0,1,0,0
P4-S01,Av. da Cavalhada / Av. Nonoai / R. Dr. Campos Velho -> Av. Fabio Araujo Santos,7.6,7.1,673259,20200618,23:20,QUINTA-FEIRA,-30.095172999999999,-51.225712999999999,R DR CAMPOS VELHO,AV NONOAI,BOLETIM,1,0,0,1,0,0
P4-S01,Av. da Cavalhada / Av. Nonoai / R. Dr. Campos Velho -> Av. Fabio Araujo Santos,7.6,7.1,673327,20200619,12:32,SEXTA-FEIRA,-30.095172999999999,-51.225712999999999,R DR CAMPOS VELHO,AV NONOAI,BOLETIM,1,0,0,1,0,0
P4-S07,Estr. Joao Passuelo -> Av. Joao Salomoni / Av. Rodrigues da Fonseca,2815.1,5.5,673296,20200623,17:00,TERCA-FEIRA,-30.114793580000001,-51.212468000000001,AV VICENTE MONTEGGIA,,BOLETIM,1,0,0,1,0,0
P4-S02,Av. Fabio Araujo Santos -> Av. Otto Niemeyer,316.6,4.1,673432,20200624,10:50,QUARTA-FEIRA,-30.097698999999999,-51.224773999999996,AV VICENTE MONTEGGIA,,BOLETIM,0,0,0,0,0,0
P4-S04,Estr. Aracaju -> Rua Amapa,1259.1,3.3,673686,20200709,06:40,QUINTA-FEIRA,-30.105409000000002,-51.222687999999998,AV VICENTE MONTEGGIA,,BOLETIM,1,1,0,1,0,0
P4-S02,Av. Fabio Araujo Santos -> Av. Otto Niemeyer,654.1,1.2,673714,20200710,23:30,SEXTA-FEIRA,-30.100486000000000,-51.224915000000003,AV VICENTE MONTEGGIA,,BOLETIM,0,0,0,0,0,0
P4-S05,Rua Amapa -> Estr. Joao Vedana,1753.1,2.4,673927,20200724,11:20,SEXTA-FEIRA,-30.109073570000000,-51.220059999999997,AV VICENTE MONTEGGIA,,BOLETIM,1,0,0,1,0,0
P4-S03,Av. Otto Niemeyer -> Estr. Aracaju,1063.5,5.3,674089,20200728,19:46,TERCA-FEIRA,-30.103694090000001,-51.223154999999998,AV VICENTE MONTEGGIA,,BOLETIM,0,0,0,0,0,0
P4-S06,Estr. Joao Vedana -> Estr. Joao Passuelo,2062.7,4.7,674121,20200729,08:10,QUARTA-FEIRA,-30.111325000000001,-51.218192000000002,AV VICENTE MONTEGGIA,,BOLETIM,0,0,0,0,0,0
P4-S04,Estr. Aracaju -> Rua Amapa,1397.5,2.9,674424,20200808,12:00,SABADO,-30.106612999999999,-51.222324999999998,AV VICENTE MONTEGGIA,,BOLETIM,0,0,0,0,0,0
P4-S04,Estr. Aracaju -> Rua Amapa,1467.6,1.1,674423,20200808,11:20,SABADO,-30.107208000000000,-51.222087999999999,AV VICENTE MONTEGGIA,,BOLETIM,0,0,0,0,0,0
P4-S06,Estr. Joao Vedana -> Estr. Joao Passuelo,2062.7,4.7,674338,20200810,20:30,SEGUNDA-FEIRA,-30.111325000000001,-51.218192000000002,AV VICENTE MONTEGGIA,,BOLETIM,1,0,0,1,0,0
P4-S02,Av. Fabio Araujo Santos -> Av. Otto Niemeyer,317.8,4.9,674400,20200817,22:30,SEGUNDA-FEIRA,-30.097745860000000,-51.224696000000002,AV VICENTE MONTEGGIA,,BOLETIM,1,0,0,1,0,0
P4-S07,Estr. Joao Passuelo -> Av. Joao Salomoni / Av. Rodrigues da Fonseca,2895.4,4.6,674831,20200825,05:50,TERCA-FEIRA,-30.115501999999999,-51.212471000000001,AV VICENTE MONTEGGIA,AV RODRIGUES DA FONSECA,BOLETIM,1,0,0,0,0,0
P4-S07,Estr. Joao Passuelo -> Av. Joao Salomoni / Av. Rodrigues da Fonseca,2837.0,2.3,674946,20200826,08:20,QUARTA-FEIRA,-30.114982000000001,-51.212408000000003,AV VICENTE MONTEGGIA,,BOLETIM,0,0,0,0,0,0
P4-S05,Rua Amapa -> Estr. Joao Vedana,1800.2,3.0,675272,20200901,18:45,TERCA-FEIRA,-30.109435000000001,-51.219799999999999,AV VICENTE MONTEGGIA,,BOLETIM,1,0,0,1,0,0
P4-S05,Rua Amapa -> Estr. Joao Vedana,1898.2,4.7,675117,20200903,07:45,QUINTA-FEIRA,-30.110147999999999,-51.219206000000000,AV VICENTE MONTEGGIA,,BOLETIM,0,0,0,0,0,0
P4-S06,Estr. Joao Vedana -> Estr. Joao Passuelo,2043.6,1.9,674990,20200904,12:40,SEXTA-FEIRA,-30.111221000000000,-51.218352000000003,AV VICENTE MONTEGGIA,,BOLETIM,1,0,0,1,0,0
P4-S01,Av. da Cavalhada / Av. Nonoai / R. Dr. Campos Velho -> Av. Fabio Araujo Santos,5.5,21.2,675227,20200912,13:30,SABADO,-30.095066679999999,-51.225630000000002,AV NONOAI,,BOLETIM,0,0,0,0,0,0
P4-S04,Estr. Aracaju -> Rua Amapa,1453.4,0.6,675243,20200916,10:00,QUARTA-FEIRA,-30.107095000000001,-51.222160000000002,AV VICENTE MONTEGGIA,,BOLETIM,0,0,0,0,0,0
P4-S04,Estr. Aracaju -> Rua Amapa,1467.6,1.1,675358,20200917,10:15,QUINTA-FEIRA,-30.107208000000000,-51.222087999999999,AV VICENTE MONTEGGIA,,BOLETIM,0,0,0,0,0,0
P4-S04,Estr. Aracaju -> Rua Amapa,1458.9,6.9,675367,20200921,18:30,SEGUNDA-FEIRA,-30.107165999999999,-51.222200999999998,AV VICENTE MONTEGGIA,,BOLETIM,1,0,0,1,0,0
P4-S03,Av. Otto Niemeyer -> Estr. Aracaju,689.1,0.0,675389,20200922,21:00,TERCA-FEIRA,-30.100758610000000,-51.224733000000001,AV VICENTE MONTEGGIA,,BOLETIM,1,0,0,0,1,0
P4-S01,Av. da Cavalhada / Av. Nonoai / R. Dr. Campos Velho -> Av. Fabio Araujo Santos,1.2,4.7,675495,20200924,10:50,QUINTA-FEIRA,-30.095149280000001,-51.225779000000003,AV CAVALHADA,,BOLETIM,1,0,0,0,0,0
P4-S06,Estr. Joao Vedana -> Estr. Joao Passuelo,1983.1,1.9,675681,20200925,09:25,SEXTA-FEIRA,-30.110786999999998,-51.218722000000000,AV VICENTE MONTEGGIA,,BOLETIM,0,0,0,0,0,0
P4-S06,Estr. Joao Vedana -> Estr. Joao Passuelo,1934.0,0.6,675867,20200929,19:30,TERCA-FEIRA,-30.110429109999998,-51.219022000000002,ESTR JOAO VEDANA,AV VICENTE MONTEGGIA,BOLETIM,0,0,0,1,0,0
P4-S06,Estr. Joao Vedana -> Estr. Joao Passuelo,2019.0,0.1,676177,20201014,17:30,QUARTA-FEIRA,-30.111066000000001,-51.218533000000001,AV VICENTE MONTEGGIA,,BOLETIM,0,0,0,0,0,0
P4-S01,Av. da Cavalhada / Av. Nonoai / R. Dr. Campos Velho -> Av. Fabio Araujo Santos,7.6,7.1,676375,20201022,17:30,QUINTA-FEIRA,-30.095172999999999,-51.225712999999999,R DR CAMPOS VELHO,AV NONOAI,BOLETIM,0,0,0,0,0,0
P4-S02,Av. Fabio Araujo Santos -> Av. Otto Niemeyer,432.9,2.3,676943,20201104,21:10,QUARTA-FEIRA,-30.098617000000001,-51.225346999999999,AV VICENTE MONTEGGIA,,BOLETIM,0,0,0,0,0,0
P4-S01,Av. da Cavalhada / Av. Nonoai / R. Dr. Campos Velho -> Av. Fabio Araujo Santos,126.1,3.7,677128,20201111,20:15,QUARTA-FEIRA,-30.096128000000000,-51.225147999999997,AV VICENTE MONTEGGIA,,BOLETIM,0,0,0,0,0,0
P4-S01,Av. da Cavalhada / Av. Nonoai / R. Dr. Campos Velho -> Av. Fabio Araujo Santos,7.6,7.1,676953,20201112,11:50,QUINTA-FEIRA,-30.095172949999998,-51.225712999999999,AV VICENTE MONTEGGIA,AV CAVALHADA,BOLETIM,0,0,0,1,0,0
P4-S03,Av. Otto Niemeyer -> Estr. Aracaju,675.0,20.3,676846,20201112,14:50,QUINTA-FEIRA,-30.100746000000001,-51.224989000000001,AV OTTO NIEMEYER,,BOLETIM,0,0,0,0,0,0
P4-S03,Av. Otto Niemeyer -> Estr. Aracaju,1008.0,10.3,677005,20201113,08:00,SEXTA-FEIRA,-30.103214980000001,-51.223317999999999,AV VICENTE MONTEGGIA,,BOLETIM,2,0,0,1,0,0
P4-S03,Av. Otto Niemeyer -> Estr. Aracaju,689.8,6.1,677047,20201116,20:10,SEGUNDA-FEIRA,-30.100792999999999,-51.224783000000002,AV OTTO NIEMEYER,AV VICENTE MONTEGGIA,BOLETIM,0,0,0,0,0,0
P4-S02,Av. Fabio Araujo Santos -> Av. Otto Niemeyer,652.6,47.7,679965,20201122,19:11,DOMINGO,-30.100249489999999,-51.224516000000001,R EDY MARIA MUSSOI,,BOLETIM,1,0,0,0,0,0
P4-S06,Estr. Joao Vedana -> Estr. Joao Passuelo,2063.6,1.3,677288,20201127,21:00,SEXTA-FEIRA,-30.111369000000000,-51.218229000000001,AV VICENTE MONTEGGIA,,BOLETIM,1,0,0,1,0,0
P4-S04,Estr. Aracaju -> Rua Amapa,1447.6,6.9,683625,20201207,09:30,SEGUNDA-FEIRA,-30.107058450000000,-51.222237999999997,AV VICENTE MONTEGGIA,,BOLETIM,1,1,0,1,0,0
P4-S01,Av. da Cavalhada / Av. Nonoai / R. Dr. Campos Velho -> Av. Fabio Araujo Santos,7.6,7.1,677962,20201213,19:00,DOMINGO,-30.095172999999999,-51.225712999999999,AV NONOAI,R DR CAMPOS VELHO,BOLETIM,0,0,0,1,0,0
P4-S06,Estr. Joao Vedana -> Estr. Joao Passuelo,2578.6,2.8,677996,20201217,11:00,QUINTA-FEIRA,-30.112967000000001,-51.213549000000000,AV VICENTE MONTEGGIA,,BOLETIM,0,0,0,0,0,0
P4-S05,Rua Amapa -> Estr. Joao Vedana,1481.3,16.3,678250,20201221,13:30,SEGUNDA-FEIRA,-30.107217660000000,-51.221907000000002,AV VICENTE MONTEGGIA,R AMAPA,BOLETIM,0,0,0,0,0,0
P4-S07,Estr. Joao Passuelo -> Av. Joao Salomoni / Av. Rodrigues da Fonseca,2849.4,6.0,677840,20201221,19:30,SEGUNDA-FEIRA,-30.115089999999999,-51.212449999999997,AV VICENTE MONTEGGIA,,BOLETIM,1,1,0,1,0,0
P4-S03,Av. Otto Niemeyer -> Estr. Aracaju,695.1,24.1,677984,20201225,07:20,SEXTA-FEIRA,-30.100917720000002,-51.224913999999998,AV VICENTE MONTEGGIA,AV OTTO NIEMEYER,BOLETIM,1,0,0,0,0,0
P4-S03,Av. Otto Niemeyer -> Estr. Aracaju,1064.6,6.7,678516,20210110,15:45,DOMINGO,-30.103685760000001,-51.223030000000001,AV VICENTE MONTEGGIA,,BOLETIM,0,0,0,0,0,0
P4-S03,Av. Otto Niemeyer -> Estr. Aracaju,1067.4,5.5,679282,20210114,13:30,QUINTA-FEIRA,-30.103728860000000,-51.223149999999997,AV VICENTE MONTEGGIA,,BOLETIM,0,0,0,0,0,0
P4-S03,Av. Otto Niemeyer -> Estr. Aracaju,988.6,4.2,679740,20210116,12:30,SABADO,-30.103018219999999,-51.223211999999997,AV VICENTE MONTEGGIA,,ATENDIMENTO,1,0,0,1,0,0
P4-S03,Av. Otto Niemeyer -> Estr. Aracaju,1008.0,10.3,679016,20210127,14:05,QUARTA-FEIRA,-30.103214980000001,-51.223317999999999,AV VICENTE MONTEGGIA,,BOLETIM,0,0,0,0,0,0
P4-S07,Estr. Joao Passuelo -> Av. Joao Salomoni / Av. Rodrigues da Fonseca,2723.6,4.9,679100,20210131,18:30,DOMINGO,-30.113992509999999,-51.212662999999999,AV VICENTE MONTEGGIA,,BOLETIM,1,0,0,1,0,0
P4-S01,Av. da Cavalhada / Av. Nonoai / R. Dr. Campos Velho -> Av. Fabio Araujo Santos,7.6,7.1,679615,20210215,16:30,SEGUNDA-FEIRA,-30.095172999999999,-51.225712999999999,R DR CAMPOS VELHO,AV NONOAI,BOLETIM,0,0,0,0,0,0
P4-S01,Av. da Cavalhada / Av. Nonoai / R. Dr. Campos Velho -> Av. Fabio Araujo Santos,16.4,30.2,679546,20210217,23:40,QUARTA-FEIRA,-30.095101199999998,-51.225453999999999,AV NONOAI,,BOLETIM,2,1,0,2,0,0
P4-S05,Rua Amapa -> Estr. Joao Vedana,1481.3,16.3,679659,20210218,11:50,QUINTA-FEIRA,-30.107217660000000,-51.221907000000002,AV VICENTE MONTEGGIA,R AMAPA,BOLETIM,0,0,0,0,0,0
P4-S03,Av. Otto Niemeyer -> Estr. Aracaju,695.1,24.1,679839,20210225,11:05,QUINTA-FEIRA,-30.100917720000002,-51.224913999999998,AV VICENTE MONTEGGIA,AV OTTO NIEMEYER,BOLETIM,0,0,0,0,0,0
P4-S04,Estr. Aracaju -> Rua Amapa,1467.6,1.1,680659,20210322,11:20,SEGUNDA-FEIRA,-30.107208000000000,-51.222087999999999,AV VICENTE MONTEGGIA,,BOLETIM,0,0,0,1,0,0
P4-S06,Estr. Joao Vedana -> Estr. Joao Passuelo,2256.5,5.3,681233,20210426,19:30,SEGUNDA-FEIRA,-30.112529920000000,-51.216726000000001,AV VICENTE MONTEGGIA,,BOLETIM,1,0,0,1,0,0
P4-S01,Av. da Cavalhada / Av. Nonoai / R. Dr. Campos Velho -> Av. Fabio Araujo Santos,7.6,7.1,681673,20210429,12:10,QUINTA-FEIRA,-30.095172999999999,-51.225712999999999,AV CAVALHADA,R DR CAMPOS VELHO,BOLETIM,0,0,0,0,0,0
P4-S02,Av. Fabio Araujo Santos -> Av. Otto Niemeyer,516.3,4.3,682004,20210504,11:50,TERCA-FEIRA,-30.099332109999999,-51.225333999999997,AV VICENTE MONTEGGIA,,ATENDIMENTO,1,0,0,0,0,0
P4-S04,Estr. Aracaju -> Rua Amapa,1461.4,7.2,682108,20210507,10:00,SEXTA-FEIRA,-30.107187509999999,-51.222192999999997,AV VICENTE MONTEGGIA,,ATENDIMENTO,1,0,0,1,0,0
P4-S04,Estr. Aracaju -> Rua Amapa,1461.4,7.2,681758,20210507,10:00,SEXTA-FEIRA,-30.107187509999999,-51.222192999999997,AV VICENTE MONTEGGIA,,BOLETIM,1,0,0,1,0,0
P4-S04,Estr. Aracaju -> Rua Amapa,1395.3,8.9,682375,20210515,17:20,SABADO,-30.106607589999999,-51.222391000000002,AV VICENTE MONTEGGIA,,ATENDIMENTO,1,0,0,0,0,0
P4-S01,Av. da Cavalhada / Av. Nonoai / R. Dr. Campos Velho -> Av. Fabio Araujo Santos,7.6,7.1,682635,20210527,12:30,QUINTA-FEIRA,-30.095172949999998,-51.225712999999999,AV VICENTE MONTEGGIA,AV CAVALHADA,BOLETIM,0,0,0,0,0,0
P4-S07,Estr. Joao Passuelo -> Av. Joao Salomoni / Av. Rodrigues da Fonseca,2813.4,0.8,683502,20210606,17:15,DOMINGO,-30.114771260000001,-51.212406000000001,AV VICENTE MONTEGGIA,,ATENDIMENTO,1,0,0,0,0,0
P4-S01,Av. da Cavalhada / Av. Nonoai / R. Dr. Campos Velho -> Av. Fabio Araujo Santos,7.6,7.1,684431,20210622,06:50,TERCA-FEIRA,-30.095172999999999,-51.225712999999999,AV CAVALHADA,R DR CAMPOS VELHO,BOLETIM,0,0,0,0,0,0
P4-S03,Av. Otto Niemeyer -> Estr. Aracaju,1063.6,0.7,683933,20210623,18:45,QUARTA-FEIRA,-30.103685609999999,-51.223092999999999,AV VICENTE MONTEGGIA,PSG VICENTE MONTEGGIA-VICENTE P SOUZA,ATENDIMENTO,0,0,0,1,0,0
P4-S03,Av. Otto Niemeyer -> Estr. Aracaju,1064.6,6.7,683689,20210623,18:15,QUARTA-FEIRA,-30.103685760000001,-51.223030000000001,AV VICENTE MONTEGGIA,,BOLETIM,2,0,0,1,0,0
P4-S02,Av. Fabio Araujo Santos -> Av. Otto Niemeyer,296.5,3.2,684435,20210711,15:50,DOMINGO,-30.097559159999999,-51.224617000000002,AV VICENTE MONTEGGIA,,BOLETIM,0,0,0,0,0,0
P4-S06,Estr. Joao Vedana -> Estr. Joao Passuelo,2001.4,8.6,684658,20210719,07:30,SEGUNDA-FEIRA,-30.110891120000002,-51.218558999999999,AV VICENTE MONTEGGIA,,BOLETIM,1,1,0,1,0,0
P4-S07,Estr. Joao Passuelo -> Av. Joao Salomoni / Av. Rodrigues da Fonseca,2898.6,23.3,684763,20210722,11:30,QUINTA-FEIRA,-30.115447589999999,-51.212755999999999,ESTR JOAO SALOMONI,,BOLETIM,1,0,0,1,0,0
P4-S01,Av. da Cavalhada / Av. Nonoai / R. Dr. Campos Velho -> Av. Fabio Araujo Santos,7.6,7.1,685106,20210730,02:00,SEXTA-FEIRA,-30.095172999999999,-51.225712999999999,AV CAVALHADA,R DR CAMPOS VELHO,BOLETIM,0,0,0,0,0,0
P4-S06,Estr. Joao Vedana -> Estr. Joao Passuelo,2057.7,4.4,685053,20210731,11:30,SABADO,-30.111350850000001,-51.218294999999998,AV VICENTE MONTEGGIA,,BOLETIM,1,0,0,1,0,0
P4-S01,Av. da Cavalhada / Av. Nonoai / R. Dr. Campos Velho -> Av. Fabio Araujo Santos,1.2,4.7,685147,20210802,07:40,SEGUNDA-FEIRA,-30.095149280000001,-51.225779000000003,AV CAVALHADA,,BOLETIM,1,0,0,1,1,0
P4-S01,Av. da Cavalhada / Av. Nonoai / R. Dr. Campos Velho -> Av. Fabio Araujo Santos,1.2,4.7,685104,20210802,07:18,SEGUNDA-FEIRA,-30.095149280000001,-51.225779000000003,AV CAVALHADA,,ATENDIMENTO,2,0,0,1,1,0
P4-S02,Av. Fabio Araujo Santos -> Av. Otto Niemeyer,316.6,4.1,685516,20210804,20:20,QUARTA-FEIRA,-30.097698999999999,-51.224773999999996,AV VICENTE MONTEGGIA,,BOLETIM,0,0,0,0,0,0
P4-S03,Av. Otto Niemeyer -> Estr. Aracaju,926.5,9.5,685333,20210805,13:30,QUINTA-FEIRA,-30.102496760000001,-51.223483999999999,AV VICENTE MONTEGGIA,,BOLETIM,0,0,0,0,0,0
P4-S03,Av. Otto Niemeyer -> Estr. Aracaju,926.5,9.5,685314,20210805,13:30,QUINTA-FEIRA,-30.102496760000001,-51.223483999999999,AV VICENTE MONTEGGIA,,BOLETIM,0,0,0,0,0,0
P4-S05,Rua Amapa -> Estr. Joao Vedana,1928.8,7.0,685361,20210805,21:30,QUINTA-FEIRA,-30.110357340000000,-51.219003000000001,AV VICENTE MONTEGGIA,,BOLETIM,0,0,0,0,0,0
P4-S06,Estr. Joao Vedana -> Estr. Joao Passuelo,2214.7,7.5,685484,20210810,10:30,TERCA-FEIRA,-30.112272409999999,-51.217053000000000,AV VICENTE MONTEGGIA,,BOLETIM,0,0,0,0,0,0
P4-S02,Av. Fabio Araujo Santos -> Av. Otto Niemeyer,579.3,7.3,685653,20210813,10:50,SEXTA-FEIRA,-30.099875810000000,-51.225202000000003,AV VICENTE MONTEGGIA,,BOLETIM,0,0,0,0,0,0
P4-S07,Estr. Joao Passuelo -> Av. Joao Salomoni / Av. Rodrigues da Fonseca,2831.8,3.0,685960,20210817,07:30,TERCA-FEIRA,-30.114932520000000,-51.212358000000002,AV VICENTE MONTEGGIA,,BOLETIM,0,0,0,0,0,0
P4-S06,Estr. Joao Vedana -> Estr. Joao Passuelo,2642.4,6.5,685942,20210821,23:50,SABADO,-30.113307370000001,-51.213003000000000,AV VICENTE MONTEGGIA,ESTR JOAO PASSUELO,ATENDIMENTO,1,0,0,1,0,0
P4-S07,Estr. Joao Passuelo -> Av. Joao Salomoni / Av. Rodrigues da Fonseca,2674.0,24.7,686001,20210821,23:50,SABADO,-30.113497469999999,-51.212654999999998,ESTR JOAO PASSUELO,,BOLETIM,0,0,0,1,0,0
P4-S05,Rua Amapa -> Estr. Joao Vedana,1799.1,5.9,687412,20210825,14:00,QUARTA-FEIRA,-30.109412970000001,-51.219780000000000,AV VICENTE MONTEGGIA,,BOLETIM,1,0,0,1,0,0
P4-S03,Av. Otto Niemeyer -> Estr. Aracaju,756.3,5.9,686478,20210904,00:05,SABADO,-30.101178080000000,-51.224241999999997,AV VICENTE MONTEGGIA,,BOLETIM,0,0,0,1,0,0
P4-S01,Av. da Cavalhada / Av. Nonoai / R. Dr. Campos Velho -> Av. Fabio Araujo Santos,6.0,37.7,686503,20210906,12:00,SEGUNDA-FEIRA,-30.094960830000002,-51.225509000000002,AV CAVALHADA,,BOLETIM,0,0,0,0,0,0
P4-S02,Av. Fabio Araujo Santos -> Av. Otto Niemeyer,634.9,4.9,686638,20210909,11:20,QUINTA-FEIRA,-30.100330629999998,-51.224994000000002,AV VICENTE MONTEGGIA,,BOLETIM,0,0,0,0,0,0
P4-S05,Rua Amapa -> Estr. Joao Vedana,1799.1,5.9,686586,20210912,17:30,DOMINGO,-30.109412970000001,-51.219780000000000,AV VICENTE MONTEGGIA,,BOLETIM,1,0,0,1,0,0
P4-S07,Estr. Joao Passuelo -> Av. Joao Salomoni / Av. Rodrigues da Fonseca,2815.1,5.5,686782,20210916,14:30,QUINTA-FEIRA,-30.114793580000001,-51.212468000000001,AV VICENTE MONTEGGIA,,BOLETIM,1,0,0,1,0,0
P4-S01,Av. da Cavalhada / Av. Nonoai / R. Dr. Campos Velho -> Av. Fabio Araujo Santos,7.6,7.1,687144,20210921,15:45,TERCA-FEIRA,-30.095172999999999,-51.225712999999999,AV NONOAI,R DR CAMPOS VELHO,BOLETIM,0,0,0,0,0,0
P4-S01,Av. da Cavalhada / Av. Nonoai / R. Dr. Campos Velho -> Av. Fabio Araujo Santos,212.9,2.0,686945,20210922,09:05,QUARTA-FEIRA,-30.096814999999999,-51.224710000000002,AV FABIO ARAUJO SANTOS,AV VICENTE MONTEGGIA,BOLETIM,1,0,0,1,0,0
P4-S01,Av. da Cavalhada / Av. Nonoai / R. Dr. Campos Velho -> Av. Fabio Araujo Santos,238.8,0.5,686978,20210923,13:30,QUINTA-FEIRA,-30.097041510000000,-51.224643999999998,AV VICENTE MONTEGGIA,,BOLETIM,1,0,0,1,0,0
P4-S05,Rua Amapa -> Estr. Joao Vedana,1481.3,16.3,687201,20210923,19:40,QUINTA-FEIRA,-30.107217660000000,-51.221907000000002,AV VICENTE MONTEGGIA,R AMAPA,BOLETIM,0,0,0,0,0,0
P4-S01,Av. da Cavalhada / Av. Nonoai / R. Dr. Campos Velho -> Av. Fabio Araujo Santos,7.6,7.1,687487,20211004,10:10,SEGUNDA-FEIRA,-30.095172999999999,-51.225712999999999,R DR CAMPOS VELHO,AV CAVALHADA,BOLETIM,0,0,0,0,0,0
P4-S06,Estr. Joao Vedana -> Estr. Joao Passuelo,1937.0,6.5,687413,20211004,20:30,SEGUNDA-FEIRA,-30.110417720000001,-51.218955000000001,AV VICENTE MONTEGGIA,,BOLETIM,1,1,0,1,0,0
P4-S01,Av. da Cavalhada / Av. Nonoai / R. Dr. Campos Velho -> Av. Fabio Araujo Santos,1.2,4.7,687530,20211007,14:50,QUINTA-FEIRA,-30.095149280000001,-51.225779000000003,AV CAVALHADA,,BOLETIM,0,0,0,0,0,0
P4-S01,Av. da Cavalhada / Av. Nonoai / R. Dr. Campos Velho -> Av. Fabio Araujo Santos,7.6,7.1,687756,20211007,14:50,QUINTA-FEIRA,-30.095172999999999,-51.225712999999999,AV NONOAI,R DR CAMPOS VELHO,BOLETIM,0,0,0,0,0,0
P4-S04,Estr. Aracaju -> Rua Amapa,1395.3,8.9,687605,20211008,08:10,SEXTA-FEIRA,-30.106607589999999,-51.222391000000002,AV VICENTE MONTEGGIA,,BOLETIM,1,0,0,1,0,0
P4-S01,Av. da Cavalhada / Av. Nonoai / R. Dr. Campos Velho -> Av. Fabio Araujo Santos,7.6,7.1,687853,20211013,10:10,QUARTA-FEIRA,-30.095172999999999,-51.225712999999999,AV CAVALHADA,R DR CAMPOS VELHO,BOLETIM,0,0,0,0,0,0
P4-S04,Estr. Aracaju -> Rua Amapa,1412.7,8.4,687856,20211013,14:30,QUARTA-FEIRA,-30.106757320000000,-51.222341999999998,AV VICENTE MONTEGGIA,,BOLETIM,0,0,0,0,0,0
P4-S01,Av. da Cavalhada / Av. Nonoai / R. Dr. Campos Velho -> Av. Fabio Araujo Santos,7.6,7.1,688611,20211025,16:50,SEGUNDA-FEIRA,-30.095172999999999,-51.225712999999999,AV VICENTE MONTEGGIA,AV NONOAI,BOLETIM,0,0,0,0,0,0
P4-S01,Av. da Cavalhada / Av. Nonoai / R. Dr. Campos Velho -> Av. Fabio Araujo Santos,5.5,21.2,688565,20211028,12:40,QUINTA-FEIRA,-30.095066679999999,-51.225630000000002,AV NONOAI,,BOLETIM,0,0,0,1,0,0
P4-S07,Estr. Joao Passuelo -> Av. Joao Salomoni / Av. Rodrigues da Fonseca,2888.7,2.5,689124,20211111,07:20,QUINTA-FEIRA,-30.115423610000001,-51.212513999999999,AV VICENTE MONTEGGIA,,BOLETIM,2,0,0,1,0,0
P4-S01,Av. da Cavalhada / Av. Nonoai / R. Dr. Campos Velho -> Av. Fabio Araujo Santos,16.4,30.2,689498,20211122,12:20,SEGUNDA-FEIRA,-30.095101199999998,-51.225453999999999,AV NONOAI,,BOLETIM,0,0,0,0,0,0
P4-S02,Av. Fabio Araujo Santos -> Av. Otto Niemeyer,348.0,7.0,689955,20211201,08:00,QUARTA-FEIRA,-30.097930630000000,-51.224950999999997,AV VICENTE MONTEGGIA,,BOLETIM,1,0,0,1,0,0
P4-S05,Rua Amapa -> Estr. Joao Vedana,1799.1,5.9,690042,20211202,10:35,QUINTA-FEIRA,-30.109412970000001,-51.219780000000000,AV VICENTE MONTEGGIA,,BOLETIM,0,0,0,0,0,0
P4-S05,Rua Amapa -> Estr. Joao Vedana,1928.8,7.0,690116,20211208,21:15,QUARTA-FEIRA,-30.110357340000000,-51.219003000000001,AV VICENTE MONTEGGIA,,BOLETIM,1,1,0,1,0,0
P4-S01,Av. da Cavalhada / Av. Nonoai / R. Dr. Campos Velho -> Av. Fabio Araujo Santos,22.4,54.4,690346,20211211,15:20,SABADO,-30.094997960000001,-51.225225999999999,AV NONOAI,,BOLETIM,0,0,0,0,0,0
P4-S02,Av. Fabio Araujo Santos -> Av. Otto Niemeyer,510.7,7.7,690278,20211212,09:20,DOMINGO,-30.099297900000000,-51.225465999999997,AV VICENTE MONTEGGIA,,BOLETIM,1,0,0,0,0,0
P4-S03,Av. Otto Niemeyer -> Estr. Aracaju,695.1,24.1,690376,20211213,08:35,SEGUNDA-FEIRA,-30.100917720000002,-51.224913999999998,AV VICENTE MONTEGGIA,AV OTTO NIEMEYER,BOLETIM,0,0,0,0,0,0
P4-S01,Av. da Cavalhada / Av. Nonoai / R. Dr. Campos Velho -> Av. Fabio Araujo Santos,16.4,30.2,690552,20211218,16:00,SABADO,-30.095101199999998,-51.225453999999999,AV NONOAI,,BOLETIM,0,0,0,0,0,1
P4-S06,Estr. Joao Vedana -> Estr. Joao Passuelo,1942.9,6.2,691012,20211220,07:40,SEGUNDA-FEIRA,-30.110460650000000,-51.218919000000000,AV VICENTE MONTEGGIA,,ATENDIMENTO,0,0,0,1,0,0
P4-S06,Estr. Joao Vedana -> Estr. Joao Passuelo,2529.2,7.1,692329,20211220,07:20,SEGUNDA-FEIRA,-30.112620920000001,-51.213892000000001,AV VICENTE MONTEGGIA,,BOLETIM,1,0,0,1,0,0
P4-S06,Estr. Joao Vedana -> Estr. Joao Passuelo,2165.4,7.3,690967,20211223,15:40,QUINTA-FEIRA,-30.111960340000000,-51.217416999999998,AV VICENTE MONTEGGIA,,BOLETIM,0,0,0,0,0,0
P4-S01,Av. da Cavalhada / Av. Nonoai / R. Dr. Campos Velho -> Av. Fabio Araujo Santos,7.6,7.1,690919,20211229,17:50,QUARTA-FEIRA,-30.095172999999999,-51.225712999999999,AV CAVALHADA,R DR CAMPOS VELHO,BOLETIM,0,0,0,0,0,0
P4-S03,Av. Otto Niemeyer -> Estr. Aracaju,1067.4,5.5,691195,20220103,18:40,SEGUNDA-FEIRA,-30.103728860000000,-51.223149999999997,AV VICENTE MONTEGGIA,,BOLETIM,0,0,0,0,0,0
P4-S03,Av. Otto Niemeyer -> Estr. Aracaju,1063.5,5.3,691152,20220108,17:30,SABADO,-30.103694090000001,-51.223154999999998,AV VICENTE MONTEGGIA,,BOLETIM,1,0,0,1,0,0
P4-S06,Estr. Joao Vedana -> Estr. Joao Passuelo,2011.4,3.2,691609,20220113,18:30,QUINTA-FEIRA,-30.111024520000001,-51.218603000000002,AV VICENTE MONTEGGIA,,BOLETIM,0,0,0,0,0,0
P4-S02,Av. Fabio Araujo Santos -> Av. Otto Niemeyer,319.1,7.0,691569,20220114,22:30,SEXTA-FEIRA,-30.097707669999998,-51.224812999999997,AV VICENTE MONTEGGIA,,BOLETIM,0,0,0,0,0,0
P4-S01,Av. da Cavalhada / Av. Nonoai / R. Dr. Campos Velho -> Av. Fabio Araujo Santos,0.0,14.8,691952,20220119,18:30,QUARTA-FEIRA,-30.095101820000000,-51.225951000000002,R DR CAMPOS VELHO,,BOLETIM,2,0,0,1,0,0
P4-S01,Av. da Cavalhada / Av. Nonoai / R. Dr. Campos Velho -> Av. Fabio Araujo Santos,8.9,41.8,691660,20220120,03:48,QUINTA-FEIRA,-30.094951540000000,-51.225459000000001,AV NONOAI,,BOLETIM,0,0,0,0,0,0
P4-S03,Av. Otto Niemeyer -> Estr. Aracaju,705.3,5.0,692259,20220209,07:45,QUARTA-FEIRA,-30.100862880000001,-51.224601999999997,AV VICENTE MONTEGGIA,,BOLETIM,0,0,0,0,0,0
P4-S06,Estr. Joao Vedana -> Estr. Joao Passuelo,1995.0,5.6,692775,20220219,17:40,SABADO,-30.110913910000001,-51.218718000000003,AV VICENTE MONTEGGIA,,BOLETIM,0,0,0,1,0,0
P4-S01,Av. da Cavalhada / Av. Nonoai / R. Dr. Campos Velho -> Av. Fabio Araujo Santos,51.1,10.4,692798,20220224,14:25,QUINTA-FEIRA,-30.095460920000001,-51.225383999999998,AV VICENTE MONTEGGIA,,BOLETIM,0,0,0,0,0,0
P4-S01,Av. da Cavalhada / Av. Nonoai / R. Dr. Campos Velho -> Av. Fabio Araujo Santos,8.9,41.8,692825,20220227,23:10,DOMINGO,-30.094951540000000,-51.225459000000001,AV NONOAI,,BOLETIM,0,0,0,0,0,0
P4-S01,Av. da Cavalhada / Av. Nonoai / R. Dr. Campos Velho -> Av. Fabio Araujo Santos,17.4,39.3,693056,20220303,11:00,QUINTA-FEIRA,-30.095056039999999,-51.225375000000000,AV NONOAI,,BOLETIM,0,0,0,0,0,0
P4-S07,Estr. Joao Passuelo -> Av. Joao Salomoni / Av. Rodrigues da Fonseca,2895.4,4.6,693245,20220311,12:23,SEXTA-FEIRA,-30.115501999999999,-51.212471000000001,ESTR JOAO SALOMONI,AV VICENTE MONTEGGIA,BOLETIM,0,0,0,0,0,0
P4-S04,Estr. Aracaju -> Rua Amapa,1447.6,6.9,693291,20220315,07:30,TERCA-FEIRA,-30.107058450000000,-51.222237999999997,AV VICENTE MONTEGGIA,,BOLETIM,1,0,0,1,0,0
P4-S05,Rua Amapa -> Estr. Joao Vedana,1799.1,5.9,693336,20220317,08:30,QUINTA-FEIRA,-30.109412970000001,-51.219780000000000,AV VICENTE MONTEGGIA,,BOLETIM,2,1,0,1,0,0
P4-S06,Estr. Joao Vedana -> Estr. Joao Passuelo,2004.4,8.0,693854,20220318,18:30,SEXTA-FEIRA,-30.110916230000001,-51.218546000000003,AV VICENTE MONTEGGIA,,BOLETIM,0,0,0,0,0,0
P4-S01,Av. da Cavalhada / Av. Nonoai / R. Dr. Campos Velho -> Av. Fabio Araujo Santos,16.4,30.2,694184,20220331,08:50,QUINTA-FEIRA,-30.095101199999998,-51.225453999999999,AV NONOAI,,BOLETIM,0,0,0,0,0,0
P4-S07,Estr. Joao Passuelo -> Av. Joao Salomoni / Av. Rodrigues da Fonseca,2898.6,23.3,694413,20220405,16:20,TERCA-FEIRA,-30.115447589999999,-51.212755999999999,ESTR JOAO SALOMONI,,ATENDIMENTO,1,0,0,0,0,0
P4-S03,Av. Otto Niemeyer -> Estr. Aracaju,1132.5,5.3,694292,20220406,13:30,QUARTA-FEIRA,-30.104304180000000,-51.223016000000001,AV VICENTE MONTEGGIA,,BOLETIM,1,0,0,1,0,0
P4-S01,Av. da Cavalhada / Av. Nonoai / R. Dr. Campos Velho -> Av. Fabio Araujo Santos,35.9,9.6,695266,20220502,07:45,SEGUNDA-FEIRA,-30.095352080000001,-51.225490000000001,AV VICENTE MONTEGGIA,,BOLETIM,0,0,0,0,0,0
P4-S03,Av. Otto Niemeyer -> Estr. Aracaju,816.8,3.5,695692,20220519,07:42,QUINTA-FEIRA,-30.101619950000000,-51.223863000000001,AV VICENTE MONTEGGIA,,BOLETIM,1,0,0,1,0,0
P4-S01,Av. da Cavalhada / Av. Nonoai / R. Dr. Campos Velho -> Av. Fabio Araujo Santos,7.6,7.1,696008,20220521,14:50,SABADO,-30.095172999999999,-51.225712999999999,AV NONOAI,R DR CAMPOS VELHO,BOLETIM,0,0,0,0,0,0
P4-S06,Estr. Joao Vedana -> Estr. Joao Passuelo,1934.0,0.6,695870,20220521,20:40,SABADO,-30.110429109999998,-51.219022000000002,AV VICENTE MONTEGGIA,ESTR JOAO VEDANA,BOLETIM,1,1,0,1,0,0
P4-S05,Rua Amapa -> Estr. Joao Vedana,1799.1,5.9,695990,20220522,02:30,DOMINGO,-30.109412970000001,-51.219780000000000,AV VICENTE MONTEGGIA,,BOLETIM,0,0,0,0,0,0
P4-S05,Rua Amapa -> Estr. Joao Vedana,1799.1,5.9,695681,20220522,01:30,DOMINGO,-30.109412970000001,-51.219780000000000,AV VICENTE MONTEGGIA,,BOLETIM,0,0,0,0,0,0
P4-S05,Rua Amapa -> Estr. Joao Vedana,1600.4,5.7,696459,20220527,11:57,SEXTA-FEIRA,-30.108046779999999,-51.221119999999999,AV VICENTE MONTEGGIA,,BOLETIM,1,0,0,1,0,0
P4-S04,Estr. Aracaju -> Rua Amapa,1243.6,6.2,696682,20220607,18:20,TERCA-FEIRA,-30.105252680000000,-51.222631999999997,AV VICENTE MONTEGGIA,,ATENDIMENTO,1,0,0,1,0,0
P4-S06,Estr. Joao Vedana -> Estr. Joao Passuelo,2642.4,6.5,696980,20220607,19:50,TERCA-FEIRA,-30.113307370000001,-51.213003000000000,ESTR JOAO PASSUELO,AV VICENTE MONTEGGIA,BOLETIM,0,0,0,1,0,0
P4-S06,Estr. Joao Vedana -> Estr. Joao Passuelo,2127.3,4.8,696823,20220609,09:45,QUINTA-FEIRA,-30.111796170000002,-51.217785999999997,AV VICENTE MONTEGGIA,,BOLETIM,0,0,0,1,0,0
P4-S03,Av. Otto Niemeyer -> Estr. Aracaju,689.1,0.0,696648,20220613,00:30,SEGUNDA-FEIRA,-30.100758610000000,-51.224733000000001,AV VICENTE MONTEGGIA,,BOLETIM,2,1,0,1,0,0
P4-S01,Av. da Cavalhada / Av. Nonoai / R. Dr. Campos Velho -> Av. Fabio Araujo Santos,124.9,6.8,696895,20220619,15:30,DOMINGO,-30.096130190000000,-51.225181999999997,AV VICENTE MONTEGGIA,,BOLETIM,0,0,0,0,0,0
P4-S04,Estr. Aracaju -> Rua Amapa,1219.1,1.2,697228,20220621,12:30,TERCA-FEIRA,-30.105050110000001,-51.222745000000003,AV VICENTE MONTEGGIA,ESTR ARACAJU,BOLETIM,0,0,0,0,0,0
P4-S07,Estr. Joao Passuelo -> Av. Joao Salomoni / Av. Rodrigues da Fonseca,2888.7,2.5,697139,20220624,19:00,SEXTA-FEIRA,-30.115423610000001,-51.212513999999999,AV VICENTE MONTEGGIA,,BOLETIM,1,1,0,0,0,0
P4-S01,Av. da Cavalhada / Av. Nonoai / R. Dr. Campos Velho -> Av. Fabio Araujo Santos,7.6,7.1,697244,20220626,05:50,DOMINGO,-30.095172999999999,-51.225712999999999,AV CAVALHADA,R DR CAMPOS VELHO,BOLETIM,0,0,0,0,0,0
P4-S02,Av. Fabio Araujo Santos -> Av. Otto Niemeyer,296.5,3.2,697325,20220630,13:20,QUINTA-FEIRA,-30.097559159999999,-51.224617000000002,AV VICENTE MONTEGGIA,,ATENDIMENTO,1,0,0,1,0,0
P4-S03,Av. Otto Niemeyer -> Estr. Aracaju,689.8,6.1,697472,20220702,13:15,SABADO,-30.100792999999999,-51.224783000000002,AV OTTO NIEMEYER,AV VICENTE MONTEGGIA,BOLETIM,0,0,0,0,0,0
P4-S03,Av. Otto Niemeyer -> Estr. Aracaju,1067.4,5.5,697621,20220703,02:15,DOMINGO,-30.103728860000000,-51.223149999999997,AV VICENTE MONTEGGIA,,BOLETIM,0,0,0,0,0,0
P4-S01,Av. da Cavalhada / Av. Nonoai / R. Dr. Campos Velho -> Av. Fabio Araujo Santos,16.4,30.2,697708,20220705,12:50,TERCA-FEIRA,-30.095101199999998,-51.225453999999999,AV NONOAI,,BOLETIM,0,0,0,1,0,0
P4-S06,Estr. Joao Vedana -> Estr. Joao Passuelo,2013.7,3.2,697798,20220710,13:30,DOMINGO,-30.111041810000000,-51.218589999999999,AV VICENTE MONTEGGIA,,BOLETIM,1,0,0,1,0,0
P4-S04,Estr. Aracaju -> Rua Amapa,1243.6,6.2,697842,20220712,20:00,TERCA-FEIRA,-30.105252680000000,-51.222631999999997,AV VICENTE MONTEGGIA,,BOLETIM,1,0,0,1,0,0
P4-S03,Av. Otto Niemeyer -> Estr. Aracaju,1024.8,5.2,698100,20220719,17:10,TERCA-FEIRA,-30.103334810000000,-51.223125000000003,AV VICENTE MONTEGGIA,,BOLETIM,1,0,0,1,0,0
P4-S05,Rua Amapa -> Estr. Joao Vedana,1753.1,2.4,698136,20220720,20:16,QUARTA-FEIRA,-30.109073570000000,-51.220059999999997,AV VICENTE MONTEGGIA,,BOLETIM,1,0,0,0,0,0
P4-S05,Rua Amapa -> Estr. Joao Vedana,1919.4,7.4,698171,20220720,08:00,QUARTA-FEIRA,-30.110289280000000,-51.219056000000002,AV VICENTE MONTEGGIA,,BOLETIM,1,0,0,1,0,0
P4-S01,Av. da Cavalhada / Av. Nonoai / R. Dr. Campos Velho -> Av. Fabio Araujo Santos,7.6,7.1,698444,20220722,22:50,SEXTA-FEIRA,-30.095172999999999,-51.225712999999999,AV NONOAI,AV VICENTE MONTEGGIA,BOLETIM,1,0,0,1,0,0
P4-S01,Av. da Cavalhada / Av. Nonoai / R. Dr. Campos Velho -> Av. Fabio Araujo Santos,1.2,4.7,698273,20220725,00:15,SEGUNDA-FEIRA,-30.095149280000001,-51.225779000000003,AV CAVALHADA,,BOLETIM,0,0,0,0,0,0
P4-S01,Av. da Cavalhada / Av. Nonoai / R. Dr. Campos Velho -> Av. Fabio Araujo Santos,7.6,7.1,698509,20220725,00:15,SEGUNDA-FEIRA,-30.095172999999999,-51.225712999999999,AV CAVALHADA,R DR CAMPOS VELHO,BOLETIM,0,0,0,0,0,0
P4-S01,Av. da Cavalhada / Av. Nonoai / R. Dr. Campos Velho -> Av. Fabio Araujo Santos,7.6,7.1,699243,20220729,17:00,SEXTA-FEIRA,-30.095172949999998,-51.225712999999999,AV CAVALHADA,AV VICENTE MONTEGGIA,ATENDIMENTO,1,0,0,0,0,0
P4-S03,Av. Otto Niemeyer -> Estr. Aracaju,777.5,8.4,698624,20220729,15:00,SEXTA-FEIRA,-30.101295709999999,-51.224066999999998,AV VICENTE MONTEGGIA,,BOLETIM,0,0,0,0,0,0
P4-S03,Av. Otto Niemeyer -> Estr. Aracaju,695.1,24.1,698833,20220809,12:10,TERCA-FEIRA,-30.100917720000002,-51.224913999999998,AV VICENTE MONTEGGIA,AV OTTO NIEMEYER,BOLETIM,0,0,0,0,0,0
P4-S01,Av. da Cavalhada / Av. Nonoai / R. Dr. Campos Velho -> Av. Fabio Araujo Santos,238.8,0.5,699655,20220824,15:30,QUARTA-FEIRA,-30.097041510000000,-51.224643999999998,AV VICENTE MONTEGGIA,,BOLETIM,0,0,0,0,0,0
P4-S03,Av. Otto Niemeyer -> Estr. Aracaju,999.0,6.2,699659,20220824,18:30,QUARTA-FEIRA,-30.103105530000001,-51.223170000000003,AV VICENTE MONTEGGIA,,BOLETIM,0,0,0,0,0,0
P4-S07,Estr. Joao Passuelo -> Av. Joao Salomoni / Av. Rodrigues da Fonseca,2737.7,5.2,700939,20220827,19:00,SABADO,-30.114111630000000,-51.212612999999997,AV VICENTE MONTEGGIA,,BOLETIM,0,0,0,1,0,0
P4-S03,Av. Otto Niemeyer -> Estr. Aracaju,1089.7,5.4,699728,20220830,14:00,TERCA-FEIRA,-30.103908120000000,-51.222997999999997,AV VICENTE MONTEGGIA,,BOLETIM,0,0,0,1,0,0
P4-S04,Estr. Aracaju -> Rua Amapa,1390.8,6.1,699940,20220901,11:20,QUINTA-FEIRA,-30.106534320000002,-51.222251999999997,AV VICENTE MONTEGGIA,,BOLETIM,0,0,0,0,0,0
P4-S06,Estr. Joao Vedana -> Estr. Joao Passuelo,2062.7,4.7,700342,20220908,07:40,QUINTA-FEIRA,-30.111325000000001,-51.218192000000002,AV VICENTE MONTEGGIA,,BOLETIM,0,0,0,1,0,0
P4-S06,Estr. Joao Vedana -> Estr. Joao Passuelo,2053.7,4.3,697779,20220910,13:40,SABADO,-30.111324830000001,-51.218324000000003,AV VICENTE MONTEGGIA,,ATENDIMENTO,1,0,0,1,0,0
P4-S05,Rua Amapa -> Estr. Joao Vedana,1799.1,5.9,700162,20220912,12:50,SEGUNDA-FEIRA,-30.109412970000001,-51.219780000000000,AV VICENTE MONTEGGIA,,ATENDIMENTO,1,1,0,1,0,0
P4-S03,Av. Otto Niemeyer -> Estr. Aracaju,733.3,6.8,700740,20220923,06:40,SEXTA-FEIRA,-30.101112430000001,-51.224505000000001,AV VICENTE MONTEGGIA,,BOLETIM,0,0,0,0,0,0
P4-S07,Estr. Joao Passuelo -> Av. Joao Salomoni / Av. Rodrigues da Fonseca,2723.6,4.9,700802,20220924,22:45,SABADO,-30.113992509999999,-51.212662999999999,AV VICENTE MONTEGGIA,,BOLETIM,1,1,0,0,1,0
P4-S07,Estr. Joao Passuelo -> Av. Joao Salomoni / Av. Rodrigues da Fonseca,2723.6,4.9,700764,20220925,00:55,DOMINGO,-30.113992509999999,-51.212662999999999,AV VICENTE MONTEGGIA,,BOLETIM,1,0,0,1,0,0
P4-S03,Av. Otto Niemeyer -> Estr. Aracaju,695.1,24.1,701123,20221001,11:15,SABADO,-30.100917720000002,-51.224913999999998,AV VICENTE MONTEGGIA,AV OTTO NIEMEYER,BOLETIM,1,0,0,1,0,0
P4-S05,Rua Amapa -> Estr. Joao Vedana,1492.4,3.6,701593,20221006,17:00,QUINTA-FEIRA,-30.107367910000001,-51.221922999999997,AV VICENTE MONTEGGIA,,BOLETIM,0,0,0,0,0,0
P4-S06,Estr. Joao Vedana -> Estr. Joao Passuelo,2057.7,4.4,701587,20221006,09:15,QUINTA-FEIRA,-30.111350850000001,-51.218294999999998,AV VICENTE MONTEGGIA,,BOLETIM,0,0,0,1,0,0
P4-S02,Av. Fabio Araujo Santos -> Av. Otto Niemeyer,642.7,43.7,701414,20221008,22:57,SABADO,-30.100662848891101,-51.225348653398200,AV OTTO NIEMEYER,,BOLETIM,0,0,0,0,0,0
P4-S06,Estr. Joao Vedana -> Estr. Joao Passuelo,1969.6,4.8,702144,20221017,16:30,SEGUNDA-FEIRA,-30.110718989999999,-51.218857000000000,AV VICENTE MONTEGGIA,,BOLETIM,0,0,0,0,0,0
P4-S01,Av. da Cavalhada / Av. Nonoai / R. Dr. Campos Velho -> Av. Fabio Araujo Santos,8.9,41.8,701746,20221018,18:56,TERCA-FEIRA,-30.094951540000000,-51.225459000000001,AV NONOAI,,BOLETIM,1,0,0,2,0,0
P4-S04,Estr. Aracaju -> Rua Amapa,1458.9,6.9,701893,20221022,14:50,SABADO,-30.107165999999999,-51.222200999999998,AV VICENTE MONTEGGIA,,ATENDIMENTO,1,0,0,1,0,0
P4-S03,Av. Otto Niemeyer -> Estr. Aracaju,695.1,24.1,702326,20221027,16:00,QUINTA-FEIRA,-30.100917720000002,-51.224913999999998,AV VICENTE MONTEGGIA,AV OTTO NIEMEYER,BOLETIM,0,0,0,0,0,0
P4-S01,Av. da Cavalhada / Av. Nonoai / R. Dr. Campos Velho -> Av. Fabio Araujo Santos,7.6,7.1,702543,20221102,13:41,QUARTA-FEIRA,-30.095172999999999,-51.225712999999999,AV CAVALHADA,AV NONOAI,BOLETIM,1,0,0,0,0,0
P4-S01,Av. da Cavalhada / Av. Nonoai / R. Dr. Campos Velho -> Av. Fabio Araujo Santos,7.6,7.1,702441,20221102,13:40,QUARTA-FEIRA,-30.095172999999999,-51.225712999999999,AV VICENTE MONTEGGIA,AV NONOAI,ATENDIMENTO,1,0,0,0,0,0
P4-S03,Av. Otto Niemeyer -> Estr. Aracaju,705.3,5.0,703505,20221103,17:45,QUINTA-FEIRA,-30.100862880000001,-51.224601999999997,AV VICENTE MONTEGGIA,,BOLETIM,0,0,0,0,0,0
P4-S03,Av. Otto Niemeyer -> Estr. Aracaju,1027.1,5.3,702717,20221103,19:40,QUINTA-FEIRA,-30.103354599999999,-51.223118999999997,AV VICENTE MONTEGGIA,,BOLETIM,1,0,0,1,0,0
P4-S03,Av. Otto Niemeyer -> Estr. Aracaju,1063.5,5.3,702421,20221104,08:10,SEXTA-FEIRA,-30.103694090000001,-51.223154999999998,AV VICENTE MONTEGGIA,,BOLETIM,1,0,0,1,0,0
P4-S05,Rua Amapa -> Estr. Joao Vedana,1581.7,6.9,703243,20221115,12:15,TERCA-FEIRA,-30.108006719999999,-51.221350000000001,AV VICENTE MONTEGGIA,,BOLETIM,0,0,0,0,0,0
P4-S03,Av. Otto Niemeyer -> Estr. Aracaju,1093.8,10.2,703435,20221126,07:05,SABADO,-30.103934700000000,-51.222940999999999,AV VICENTE MONTEGGIA,,ATENDIMENTO,1,0,0,1,0,0
P4-S03,Av. Otto Niemeyer -> Estr. Aracaju,727.1,5.1,703724,20221129,06:30,TERCA-FEIRA,-30.100995820000001,-51.224463999999998,AV VICENTE MONTEGGIA,,BOLETIM,0,0,0,0,0,0
P4-S01,Av. da Cavalhada / Av. Nonoai / R. Dr. Campos Velho -> Av. Fabio Araujo Santos,7.6,7.1,704285,20221202,17:20,SEXTA-FEIRA,-30.095172949999998,-51.225712999999999,AV CAVALHADA,AV VICENTE MONTEGGIA,BOLETIM,0,0,0,0,0,0
P4-S01,Av. da Cavalhada / Av. Nonoai / R. Dr. Campos Velho -> Av. Fabio Araujo Santos,124.9,6.8,703688,20221204,18:40,DOMINGO,-30.096130190000000,-51.225181999999997,AV VICENTE MONTEGGIA,,BOLETIM,2,0,0,0,0,0
P4-S05,Rua Amapa -> Estr. Joao Vedana,1481.3,16.3,703999,20221207,21:25,QUARTA-FEIRA,-30.107217660000000,-51.221907000000002,AV VICENTE MONTEGGIA,R AMAPA,BOLETIM,0,0,0,0,0,0
P4-S03,Av. Otto Niemeyer -> Estr. Aracaju,1064.6,6.7,703955,20221208,16:00,QUINTA-FEIRA,-30.103685760000001,-51.223030000000001,AV VICENTE MONTEGGIA,,BOLETIM,0,0,0,0,0,0
P4-S06,Estr. Joao Vedana -> Estr. Joao Passuelo,1934.0,0.6,704622,20221218,,DOMINGO,-30.110429109999998,-51.219022000000002,AV VICENTE MONTEGGIA,ESTR JOAO VEDANA,BOLETIM,0,0,0,0,0,0
P4-S01,Av. da Cavalhada / Av. Nonoai / R. Dr. Campos Velho -> Av. Fabio Araujo Santos,7.6,7.1,704476,20221222,18:15,QUINTA-FEIRA,-30.095172949999998,-51.225712999999999,AV CAVALHADA,AV VICENTE MONTEGGIA,BOLETIM,0,0,0,0,0,0
P4-S03,Av. Otto Niemeyer -> Estr. Aracaju,1093.8,10.2,704841,20221223,08:00,SEXTA-FEIRA,-30.103934700000000,-51.222940999999999,AV VICENTE MONTEGGIA,,BOLETIM,0,0,0,1,0,0
P4-S04,Estr. Aracaju -> Rua Amapa,1243.6,6.2,704551,20221223,13:15,SEXTA-FEIRA,-30.105252680000000,-51.222631999999997,AV VICENTE MONTEGGIA,,BOLETIM,1,0,0,1,0,0
P4-S06,Estr. Joao Vedana -> Estr. Joao Passuelo,2431.9,5.6,704989,20230101,23:42,DOMINGO,-30.112520960000001,-51.214900000000000,AV VICENTE MONTEGGIA,,BOLETIM,1,0,0,1,0,0
P4-S03,Av. Otto Niemeyer -> Estr. Aracaju,689.8,6.1,715456,20230104,21:45,QUARTA-FEIRA,-30.100792999999999,-51.224783000000002,AV OTTO NIEMEYER,AV VICENTE MONTEGGIA,BOLETIM,0,0,0,0,0,0
P4-S04,Estr. Aracaju -> Rua Amapa,1336.3,3.6,715730,20230121,12:15,SABADO,-30.106065640000001,-51.222419000000002,AV VICENTE MONTEGGIA,,BOLETIM,1,0,0,0,0,0
P4-S06,Estr. Joao Vedana -> Estr. Joao Passuelo,1952.2,6.6,715687,20230122,13:00,DOMINGO,-30.110532200000002,-51.218859000000002,AV VICENTE MONTEGGIA,,BOLETIM,1,0,0,1,0,0
P4-S06,Estr. Joao Vedana -> Estr. Joao Passuelo,1952.2,6.6,715582,20230122,12:29,DOMINGO,-30.110532200000002,-51.218859000000002,AV VICENTE MONTEGGIA,,ATENDIMENTO,1,0,0,1,0,0
P4-S01,Av. da Cavalhada / Av. Nonoai / R. Dr. Campos Velho -> Av. Fabio Araujo Santos,0.0,12.8,715816,20230125,17:10,QUARTA-FEIRA,-30.095068009999999,-51.225766999999998,R DR CAMPOS VELHO,,ATENDIMENTO,1,0,0,0,1,0
P4-S04,Estr. Aracaju -> Rua Amapa,1395.3,8.9,716786,20230127,18:50,SEXTA-FEIRA,-30.106607589999999,-51.222391000000002,AV VICENTE MONTEGGIA,,BOLETIM,1,0,0,1,0,0
P4-S01,Av. da Cavalhada / Av. Nonoai / R. Dr. Campos Velho -> Av. Fabio Araujo Santos,16.4,30.2,716105,20230201,19:20,QUARTA-FEIRA,-30.095101199999998,-51.225453999999999,AV NONOAI,,BOLETIM,2,0,0,0,0,0
P4-S03,Av. Otto Niemeyer -> Estr. Aracaju,1018.7,10.3,716848,20230224,13:40,SEXTA-FEIRA,-30.103309729999999,-51.223295000000000,AV VICENTE MONTEGGIA,,BOLETIM,0,0,0,0,0,0
P4-S04,Estr. Aracaju -> Rua Amapa,1458.9,6.9,716860,20230224,20:20,SEXTA-FEIRA,-30.107165999999999,-51.222200999999998,AV VICENTE MONTEGGIA,,BOLETIM,0,0,0,0,0,0
P4-S03,Av. Otto Niemeyer -> Estr. Aracaju,967.8,8.4,716977,20230225,07:10,SABADO,-30.102858059999999,-51.223384000000003,AV VICENTE MONTEGGIA,,ATENDIMENTO,1,0,0,1,0,0
P4-S03,Av. Otto Niemeyer -> Estr. Aracaju,689.8,6.1,727362,20230306,11:00,SEGUNDA-FEIRA,-30.100792999999999,-51.224783000000002,AV OTTO NIEMEYER,AV VICENTE MONTEGGIA,BOLETIM,0,0,0,0,0,0
P4-S05,Rua Amapa -> Estr. Joao Vedana,1799.1,5.9,727364,20230309,14:40,QUINTA-FEIRA,-30.109412970000001,-51.219780000000000,AV VICENTE MONTEGGIA,,ATENDIMENTO,1,0,0,1,0,0
P4-S05,Rua Amapa -> Estr. Joao Vedana,1799.1,5.9,727338,20230309,14:40,QUINTA-FEIRA,-30.109412970000001,-51.219780000000000,AV VICENTE MONTEGGIA,,BOLETIM,1,0,0,1,0,0
P4-S06,Estr. Joao Vedana -> Estr. Joao Passuelo,2154.3,7.2,727463,20230309,06:40,QUINTA-FEIRA,-30.111982380000001,-51.217604999999999,AV VICENTE MONTEGGIA,,BOLETIM,0,0,0,0,0,0
P4-S01,Av. da Cavalhada / Av. Nonoai / R. Dr. Campos Velho -> Av. Fabio Araujo Santos,7.6,7.1,727568,20230314,13:50,TERCA-FEIRA,-30.095172999999999,-51.225712999999999,AV VICENTE MONTEGGIA,AV NONOAI,BOLETIM,0,0,0,0,0,0
P4-S05,Rua Amapa -> Estr. Joao Vedana,1541.0,9.0,727830,20230321,14:34,TERCA-FEIRA,-30.107761520000000,-51.221663999999997,AV VICENTE MONTEGGIA,,BOLETIM,0,0,0,0,0,1
P4-S05,Rua Amapa -> Estr. Joao Vedana,1739.7,8.5,728359,20230331,12:20,SEXTA-FEIRA,-30.109044330000000,-51.220238000000002,AV VICENTE MONTEGGIA,,BOLETIM,1,0,0,1,0,0
P4-S06,Estr. Joao Vedana -> Estr. Joao Passuelo,2317.1,5.5,728450,20230331,20:38,SEXTA-FEIRA,-30.112529400000000,-51.216087000000002,AV VICENTE MONTEGGIA,,BOLETIM,2,0,0,0,0,0
P4-S06,Estr. Joao Vedana -> Estr. Joao Passuelo,2062.7,4.7,728427,20230401,08:30,SABADO,-30.111325000000001,-51.218192000000002,AV VICENTE MONTEGGIA,,ATENDIMENTO,1,0,0,1,0,0
P4-S04,Estr. Aracaju -> Rua Amapa,1395.3,8.9,728428,20230402,16:50,DOMINGO,-30.106607589999999,-51.222391000000002,AV VICENTE MONTEGGIA,,ATENDIMENTO,2,0,0,1,0,0
P4-S01,Av. da Cavalhada / Av. Nonoai / R. Dr. Campos Velho -> Av. Fabio Araujo Santos,7.6,7.1,728580,20230403,12:30,SEGUNDA-FEIRA,-30.095172999999999,-51.225712999999999,R DR CAMPOS VELHO,AV CAVALHADA,BOLETIM,0,0,0,0,0,0
P4-S01,Av. da Cavalhada / Av. Nonoai / R. Dr. Campos Velho -> Av. Fabio Araujo Santos,0.0,12.8,728624,20230407,05:30,SEXTA-FEIRA,-30.095068009999999,-51.225766999999998,R DR CAMPOS VELHO,,BOLETIM,2,0,0,2,0,0
P4-S01,Av. da Cavalhada / Av. Nonoai / R. Dr. Campos Velho -> Av. Fabio Araujo Santos,7.6,7.1,728937,20230409,06:30,DOMINGO,-30.095172999999999,-51.225712999999999,AV VICENTE MONTEGGIA,AV NONOAI,BOLETIM,0,0,0,0,0,0
P4-S03,Av. Otto Niemeyer -> Estr. Aracaju,1085.9,0.7,729224,20230414,13:35,SEXTA-FEIRA,-30.103885890000001,-51.223067999999998,ESTR ARACAJU,AV VICENTE MONTEGGIA,BOLETIM,0,0,0,0,0,0
P4-S03,Av. Otto Niemeyer -> Estr. Aracaju,904.4,1.8,729376,20230420,14:00,QUINTA-FEIRA,-30.102280720000000,-51.223416000000000,AV VICENTE MONTEGGIA,,BOLETIM,0,0,0,0,0,0
P4-S01,Av. da Cavalhada / Av. Nonoai / R. Dr. Campos Velho -> Av. Fabio Araujo Santos,7.6,7.1,729720,20230427,18:00,QUINTA-FEIRA,-30.095172999999999,-51.225712999999999,R DR CAMPOS VELHO,AV NONOAI,BOLETIM,0,0,0,0,0,0
P4-S06,Estr. Joao Vedana -> Estr. Joao Passuelo,2328.6,7.0,729471,20230427,13:40,QUINTA-FEIRA,-30.112408299999998,-51.215980000000002,AV VICENTE MONTEGGIA,,ATENDIMENTO,1,0,0,0,0,0
P4-S03,Av. Otto Niemeyer -> Estr. Aracaju,689.1,0.0,729969,20230508,16:00,SEGUNDA-FEIRA,-30.100758610000000,-51.224733000000001,AV VICENTE MONTEGGIA,,BOLETIM,0,0,0,0,0,0
P4-S05,Rua Amapa -> Estr. Joao Vedana,1602.0,6.4,729955,20230508,07:30,SEGUNDA-FEIRA,-30.108132999999999,-51.221196999999997,AV VICENTE MONTEGGIA,,BOLETIM,0,0,0,0,0,0
P4-S05,Rua Amapa -> Estr. Joao Vedana,1481.3,16.3,730735,20230525,18:30,QUINTA-FEIRA,-30.107217660000000,-51.221907000000002,AV VICENTE MONTEGGIA,R AMAPA,BOLETIM,0,0,0,0,0,0
P4-S05,Rua Amapa -> Estr. Joao Vedana,1481.3,16.3,731245,20230604,22:20,DOMINGO,-30.107217660000000,-51.221907000000002,AV VICENTE MONTEGGIA,R AMAPA,BOLETIM,1,1,0,1,0,0
P4-S01,Av. da Cavalhada / Av. Nonoai / R. Dr. Campos Velho -> Av. Fabio Araujo Santos,7.6,7.1,731533,20230608,00:20,QUINTA-FEIRA,-30.095172999999999,-51.225712999999999,R DR CAMPOS VELHO,AV CAVALHADA,BOLETIM,0,0,0,0,0,0
P4-S03,Av. Otto Niemeyer -> Estr. Aracaju,1192.8,4.1,731922,20230612,16:40,SEGUNDA-FEIRA,-30.104833719999998,-51.222869000000003,AV VICENTE MONTEGGIA,,BOLETIM,0,0,0,0,0,0
P4-S01,Av. da Cavalhada / Av. Nonoai / R. Dr. Campos Velho -> Av. Fabio Araujo Santos,3.3,13.7,732017,20230625,14:20,DOMINGO,-30.095102950000001,-51.225700000000003,AV NONOAI,,BOLETIM,0,0,0,1,0,0
P4-S06,Estr. Joao Vedana -> Estr. Joao Passuelo,2062.7,4.7,732039,20230626,19:05,SEGUNDA-FEIRA,-30.111325000000001,-51.218192000000002,AV VICENTE MONTEGGIA,,BOLETIM,1,0,0,1,0,0
P4-S05,Rua Amapa -> Estr. Joao Vedana,1502.3,8.2,732233,20230627,17:13,TERCA-FEIRA,-30.107505990000000,-51.221941000000001,AV VICENTE MONTEGGIA,,BOLETIM,0,0,0,0,0,0
P4-S01,Av. da Cavalhada / Av. Nonoai / R. Dr. Campos Velho -> Av. Fabio Araujo Santos,7.6,7.1,732223,20230628,17:00,QUARTA-FEIRA,-30.095172999999999,-51.225712999999999,AV CAVALHADA,R DR CAMPOS VELHO,ATENDIMENTO,1,0,0,1,0,1
P4-S03,Av. Otto Niemeyer -> Estr. Aracaju,695.1,24.1,732718,20230706,17:00,QUINTA-FEIRA,-30.100917720000002,-51.224913999999998,AV VICENTE MONTEGGIA,AV OTTO NIEMEYER,BOLETIM,0,0,0,0,0,0
P4-S06,Estr. Joao Vedana -> Estr. Joao Passuelo,2011.4,3.2,733002,20230715,13:29,SABADO,-30.111024520000001,-51.218603000000002,AV VICENTE MONTEGGIA,,BOLETIM,1,1,0,1,0,0
P4-S03,Av. Otto Niemeyer -> Estr. Aracaju,689.1,0.0,732866,20230716,20:00,DOMINGO,-30.100758610000000,-51.224733000000001,AV VICENTE MONTEGGIA,,BOLETIM,1,0,0,0,0,0
P4-S01,Av. da Cavalhada / Av. Nonoai / R. Dr. Campos Velho -> Av. Fabio Araujo Santos,0.0,12.8,732911,20230717,13:10,SEGUNDA-FEIRA,-30.095068009999999,-51.225766999999998,R DR CAMPOS VELHO,,BOLETIM,1,0,0,1,0,0
P4-S07,Estr. Joao Passuelo -> Av. Joao Salomoni / Av. Rodrigues da Fonseca,2815.1,5.5,734201,20230727,17:17,QUINTA-FEIRA,-30.114793580000001,-51.212468000000001,AV VICENTE MONTEGGIA,,BOLETIM,0,0,0,0,0,0
P4-S06,Estr. Joao Vedana -> Estr. Joao Passuelo,2340.8,4.5,733989,20230810,17:45,QUINTA-FEIRA,-30.112504439999999,-51.215846999999997,AV VICENTE MONTEGGIA,,ATENDIMENTO,1,0,0,1,0,0
P4-S06,Estr. Joao Vedana -> Estr. Joao Passuelo,2340.8,4.5,733904,20230810,18:00,QUINTA-FEIRA,-30.112504439999999,-51.215846999999997,AV VICENTE MONTEGGIA,,BOLETIM,1,0,0,1,0,0
P4-S04,Estr. Aracaju -> Rua Amapa,1227.5,6.8,734001,20230811,19:00,SEXTA-FEIRA,-30.105111390000001,-51.222667000000001,AV VICENTE MONTEGGIA,,ATENDIMENTO,1,0,0,1,0,0
P4-S01,Av. da Cavalhada / Av. Nonoai / R. Dr. Campos Velho -> Av. Fabio Araujo Santos,7.6,7.1,734111,20230812,19:50,SABADO,-30.095172949999998,-51.225712999999999,AV VICENTE MONTEGGIA,AV CAVALHADA,BOLETIM,0,0,0,0,0,0
P4-S01,Av. da Cavalhada / Av. Nonoai / R. Dr. Campos Velho -> Av. Fabio Araujo Santos,8.9,41.8,734911,20230822,18:00,TERCA-FEIRA,-30.094951540000000,-51.225459000000001,AV NONOAI,,BOLETIM,0,0,0,0,0,0
P4-S05,Rua Amapa -> Estr. Joao Vedana,1799.1,5.9,735190,20230901,03:45,SEXTA-FEIRA,-30.109412970000001,-51.219780000000000,AV VICENTE MONTEGGIA,,BOLETIM,1,0,0,1,0,0
P4-S06,Estr. Joao Vedana -> Estr. Joao Passuelo,2642.4,6.5,735233,20230901,16:30,SEXTA-FEIRA,-30.113307370000001,-51.213003000000000,ESTR JOAO PASSUELO,AV VICENTE MONTEGGIA,BOLETIM,0,0,0,0,0,0
P4-S01,Av. da Cavalhada / Av. Nonoai / R. Dr. Campos Velho -> Av. Fabio Araujo Santos,1.2,4.7,735259,20230902,08:05,SABADO,-30.095149280000001,-51.225779000000003,AV CAVALHADA,,BOLETIM,0,0,0,0,0,0
P4-S04,Estr. Aracaju -> Rua Amapa,1395.3,8.9,735359,20230905,18:30,TERCA-FEIRA,-30.106607589999999,-51.222391000000002,AV VICENTE MONTEGGIA,,ATENDIMENTO,1,0,0,1,0,0
P4-S04,Estr. Aracaju -> Rua Amapa,1397.5,2.9,735238,20230905,19:00,TERCA-FEIRA,-30.106612999999999,-51.222324999999998,AV JOSE CORREA DA SILVA,AV VICENTE MONTEGGIA,BOLETIM,1,0,0,1,0,0
P4-S05,Rua Amapa -> Estr. Joao Vedana,1481.3,16.3,735368,20230910,19:45,DOMINGO,-30.107217660000000,-51.221907000000002,AV VICENTE MONTEGGIA,R AMAPA,BOLETIM,0,0,0,0,0,0
P4-S01,Av. da Cavalhada / Av. Nonoai / R. Dr. Campos Velho -> Av. Fabio Araujo Santos,7.6,7.1,736246,20230927,10:15,QUARTA-FEIRA,-30.095172999999999,-51.225712999999999,AV VICENTE MONTEGGIA,AV NONOAI,BOLETIM,0,0,0,0,0,0
P4-S04,Estr. Aracaju -> Rua Amapa,1458.9,6.9,736150,20230929,09:15,SEXTA-FEIRA,-30.107165999999999,-51.222200999999998,AV VICENTE MONTEGGIA,,BOLETIM,0,0,0,1,0,0
P4-S04,Estr. Aracaju -> Rua Amapa,1447.6,6.9,736766,20231009,20:00,SEGUNDA-FEIRA,-30.107058450000000,-51.222237999999997,AV VICENTE MONTEGGIA,,ATENDIMENTO,1,0,0,0,0,0
P4-S01,Av. da Cavalhada / Av. Nonoai / R. Dr. Campos Velho -> Av. Fabio Araujo Santos,124.9,6.8,737199,20231019,18:00,QUINTA-FEIRA,-30.096130190000000,-51.225181999999997,AV VICENTE MONTEGGIA,,BOLETIM,0,0,0,1,0,0
P4-S03,Av. Otto Niemeyer -> Estr. Aracaju,1077.9,6.2,737191,20231023,18:44,SEGUNDA-FEIRA,-30.103822990000001,-51.223139000000003,AV VICENTE MONTEGGIA,,BOLETIM,1,0,0,1,0,0
P4-S03,Av. Otto Niemeyer -> Estr. Aracaju,1027.1,5.3,737432,20231029,,DOMINGO,-30.103354599999999,-51.223118999999997,AV VICENTE MONTEGGIA,,BOLETIM,0,0,0,0,0,0
P4-S04,Estr. Aracaju -> Rua Amapa,1326.1,2.3,737662,20231106,08:00,SEGUNDA-FEIRA,-30.105989810000001,-51.222504999999998,AV VICENTE MONTEGGIA,R MODESTO PEREIRA PINTO,BOLETIM,0,0,1,1,0,0
P4-S05,Rua Amapa -> Estr. Joao Vedana,1809.6,0.7,737884,20231108,08:32,QUARTA-FEIRA,-30.109517830000001,-51.219769999999997,AV VICENTE MONTEGGIA,R JORGE NAPOLEAO SILVA SOUZA,BOLETIM,1,0,0,0,0,0
P4-S02,Av. Fabio Araujo Santos -> Av. Otto Niemeyer,331.6,5.2,738068,20231114,14:45,TERCA-FEIRA,-30.097857000000001,-51.224758999999999,AV VICENTE MONTEGGIA,,BOLETIM,0,0,0,0,0,0
P4-S01,Av. da Cavalhada / Av. Nonoai / R. Dr. Campos Velho -> Av. Fabio Araujo Santos,7.6,7.1,738117,20231115,13:12,QUARTA-FEIRA,-30.095172999999999,-51.225712999999999,AV VICENTE MONTEGGIA,AV NONOAI,BOLETIM,1,0,0,0,0,0
P4-S01,Av. da Cavalhada / Av. Nonoai / R. Dr. Campos Velho -> Av. Fabio Araujo Santos,7.6,7.1,738549,20231116,23:35,QUINTA-FEIRA,-30.095172949999998,-51.225712999999999,AV VICENTE MONTEGGIA,AV CAVALHADA,BOLETIM,0,0,0,0,0,0
P4-S01,Av. da Cavalhada / Av. Nonoai / R. Dr. Campos Velho -> Av. Fabio Araujo Santos,23.4,11.6,739042,20231205,11:00,TERCA-FEIRA,-30.095254749999999,-51.225557999999999,AV VICENTE MONTEGGIA,,BOLETIM,1,0,0,1,0,0
P4-S06,Estr. Joao Vedana -> Estr. Joao Passuelo,2132.8,7.2,739243,20231206,09:00,QUARTA-FEIRA,-30.111754330000000,-51.217658000000000,AV VICENTE MONTEGGIA,,ATENDIMENTO,1,0,0,0,0,0
P4-S03,Av. Otto Niemeyer -> Estr. Aracaju,980.0,8.0,739251,20231207,14:10,QUINTA-FEIRA,-30.102964320000002,-51.223354999999998,AV VICENTE MONTEGGIA,,ATENDIMENTO,1,0,0,1,0,0
P4-S02,Av. Fabio Araujo Santos -> Av. Otto Niemeyer,645.7,6.1,740078,20231211,15:09,SEGUNDA-FEIRA,-30.100397019999999,-51.224930000000001,AV VICENTE MONTEGGIA,,BOLETIM,1,0,0,1,0,0
P4-S05,Rua Amapa -> Estr. Joao Vedana,1799.1,5.9,739705,20231213,07:15,QUARTA-FEIRA,-30.109412970000001,-51.219780000000000,AV VICENTE MONTEGGIA,,BOLETIM,0,0,0,0,0,0
P4-S06,Estr. Joao Vedana -> Estr. Joao Passuelo,1934.0,0.6,739707,20231213,10:50,QUARTA-FEIRA,-30.110429109999998,-51.219022000000002,AV VICENTE MONTEGGIA,ESTR JOAO VEDANA,BOLETIM,0,0,0,0,0,0
P4-S02,Av. Fabio Araujo Santos -> Av. Otto Niemeyer,645.7,6.1,739588,20231214,07:45,QUINTA-FEIRA,-30.100397019999999,-51.224930000000001,AV VICENTE MONTEGGIA,,ATENDIMENTO,2,0,0,1,0,0
P4-S04,Estr. Aracaju -> Rua Amapa,1213.8,8.3,740383,20231215,21:20,SEXTA-FEIRA,-30.104987200000000,-51.222687999999998,AV VICENTE MONTEGGIA,,BOLETIM,0,0,0,0,0,0
P4-S05,Rua Amapa -> Estr. Joao Vedana,1551.9,9.4,740302,20231219,18:00,TERCA-FEIRA,-30.107832840000000,-51.221587000000000,AV VICENTE MONTEGGIA,,BOLETIM,0,0,0,0,0,0
P4-S04,Estr. Aracaju -> Rua Amapa,1370.9,8.6,739978,20231223,09:00,SABADO,-30.106394529999999,-51.222451999999997,AV VICENTE MONTEGGIA,,BOLETIM,1,0,0,1,0,0
P4-S03,Av. Otto Niemeyer -> Estr. Aracaju,996.8,10.9,740832,20240111,12:00,QUINTA-FEIRA,-30.103117520000001,-51.223348000000001,AV VICENTE MONTEGGIA,,BOLETIM,0,0,0,0,0,0
P4-S03,Av. Otto Niemeyer -> Estr. Aracaju,942.0,0.0,740853,20240112,18:00,SEXTA-FEIRA,-30.102615000000000,-51.223354000000000,AV VICENTE MONTEGGIA,,BOLETIM,0,0,0,1,0,0
P4-S07,Estr. Joao Passuelo -> Av. Joao Salomoni / Av. Rodrigues da Fonseca,2813.4,0.8,741335,20240130,18:45,TERCA-FEIRA,-30.114771260000001,-51.212406000000001,AV VICENTE MONTEGGIA,,BOLETIM,1,0,0,1,0,0
P4-S02,Av. Fabio Araujo Santos -> Av. Otto Niemeyer,611.6,3.5,741511,20240201,16:45,QUINTA-FEIRA,-30.100151000000000,-51.225121000000001,AV VICENTE MONTEGGIA,,BOLETIM,1,0,0,1,0,0
P4-S06,Estr. Joao Vedana -> Estr. Joao Passuelo,1964.8,4.2,741608,20240208,10:40,QUINTA-FEIRA,-30.110638999999999,-51.218806999999998,AV VICENTE MONTEGGIA,,BOLETIM,0,0,0,1,0,0
P4-S01,Av. da Cavalhada / Av. Nonoai / R. Dr. Campos Velho -> Av. Fabio Araujo Santos,3.3,13.7,741820,20240209,11:30,SEXTA-FEIRA,-30.095102950000001,-51.225700000000003,AV NONOAI,,BOLETIM,0,0,0,0,0,0
P4-S07,Estr. Joao Passuelo -> Av. Joao Salomoni / Av. Rodrigues da Fonseca,2723.6,4.9,741917,20240215,22:57,QUINTA-FEIRA,-30.113992509999999,-51.212662999999999,AV VICENTE MONTEGGIA,,BOLETIM,1,0,0,0,0,0
P4-S04,Estr. Aracaju -> Rua Amapa,1243.6,6.2,742432,20240223,07:00,SEXTA-FEIRA,-30.105252680000000,-51.222631999999997,AV VICENTE MONTEGGIA,,BOLETIM,0,0,0,0,0,0
P4-S01,Av. da Cavalhada / Av. Nonoai / R. Dr. Campos Velho -> Av. Fabio Araujo Santos,124.9,6.8,742531,20240228,18:00,QUARTA-FEIRA,-30.096130190000000,-51.225181999999997,AV VICENTE MONTEGGIA,,BOLETIM,0,0,0,1,0,0
P4-S05,Rua Amapa -> Estr. Joao Vedana,1799.1,5.9,743566,20240228,08:35,QUARTA-FEIRA,-30.109412970000001,-51.219780000000000,AV VICENTE MONTEGGIA,,ATENDIMENTO,1,0,0,1,0,0
P4-S01,Av. da Cavalhada / Av. Nonoai / R. Dr. Campos Velho -> Av. Fabio Araujo Santos,2.5,0.7,742628,20240302,11:35,SABADO,-30.095183989999999,-51.225797000000000,R DR CAMPOS VELHO,,BOLETIM,0,0,0,0,0,0
P4-S04,Estr. Aracaju -> Rua Amapa,1461.4,7.2,742661,20240304,07:22,SEGUNDA-FEIRA,-30.107187509999999,-51.222192999999997,AV VICENTE MONTEGGIA,,BOLETIM,0,0,0,0,0,0
P4-S01,Av. da Cavalhada / Av. Nonoai / R. Dr. Campos Velho -> Av. Fabio Araujo Santos,7.6,7.1,742936,20240312,17:20,TERCA-FEIRA,-30.095172999999999,-51.225712999999999,AV VICENTE MONTEGGIA,R DR CAMPOS VELHO,BOLETIM,1,0,0,1,0,0
P4-S07,Estr. Joao Passuelo -> Av. Joao Salomoni / Av. Rodrigues da Fonseca,2666.9,6.5,742958,20240313,17:00,QUARTA-FEIRA,-30.113506520000001,-51.212857999999997,AV VICENTE MONTEGGIA,,BOLETIM,1,0,0,0,0,0
P4-S05,Rua Amapa -> Estr. Joao Vedana,1481.3,16.3,743102,20240314,10:35,QUINTA-FEIRA,-30.107217660000000,-51.221907000000002,AV VICENTE MONTEGGIA,R AMAPA,BOLETIM,0,0,0,0,0,0
P4-S01,Av. da Cavalhada / Av. Nonoai / R. Dr. Campos Velho -> Av. Fabio Araujo Santos,1.2,4.7,743359,20240324,20:42,DOMINGO,-30.095149280000001,-51.225779000000003,AV CAVALHADA,,BOLETIM,1,0,0,1,0,0
P4-S01,Av. da Cavalhada / Av. Nonoai / R. Dr. Campos Velho -> Av. Fabio Araujo Santos,7.6,7.1,743636,20240327,21:30,QUARTA-FEIRA,-30.095172949999998,-51.225712999999999,AV CAVALHADA,AV VICENTE MONTEGGIA,BOLETIM,0,0,0,0,0,0
P4-S04,Estr. Aracaju -> Rua Amapa,1243.6,6.2,743998,20240328,20:20,QUINTA-FEIRA,-30.105252680000000,-51.222631999999997,AV VICENTE MONTEGGIA,,BOLETIM,0,0,0,0,0,0
P4-S03,Av. Otto Niemeyer -> Estr. Aracaju,695.1,24.1,743727,20240329,12:30,SEXTA-FEIRA,-30.100917720000002,-51.224913999999998,AV VICENTE MONTEGGIA,AV OTTO NIEMEYER,BOLETIM,3,0,0,2,0,0
P4-S01,Av. da Cavalhada / Av. Nonoai / R. Dr. Campos Velho -> Av. Fabio Araujo Santos,0.0,29.4,744207,20240409,19:30,TERCA-FEIRA,-30.095367000000000,-51.226028999999997,AV CAVALHADA,,BOLETIM,0,0,0,0,0,0
P4-S05,Rua Amapa -> Estr. Joao Vedana,1486.0,8.5,744883,20240417,19:00,QUARTA-FEIRA,-30.107402130000001,-51.222059999999999,AV VICENTE MONTEGGIA,,BOLETIM,1,0,0,0,0,0
P4-S01,Av. da Cavalhada / Av. Nonoai / R. Dr. Campos Velho -> Av. Fabio Araujo Santos,51.1,10.4,744779,20240418,11:20,QUINTA-FEIRA,-30.095460920000001,-51.225383999999998,AV VICENTE MONTEGGIA,,BOLETIM,0,0,0,0,0,0
P4-S01,Av. da Cavalhada / Av. Nonoai / R. Dr. Campos Velho -> Av. Fabio Araujo Santos,51.1,10.4,744586,20240418,11:35,QUINTA-FEIRA,-30.095460920000001,-51.225383999999998,AV VICENTE MONTEGGIA,,BOLETIM,0,0,0,0,0,0
P4-S06,Estr. Joao Vedana -> Estr. Joao Passuelo,2627.4,2.8,744945,20240418,08:20,QUINTA-FEIRA,-30.113257160000000,-51.213177000000002,AV VICENTE MONTEGGIA,,BOLETIM,1,0,0,1,0,0
P4-S01,Av. da Cavalhada / Av. Nonoai / R. Dr. Campos Velho -> Av. Fabio Araujo Santos,213.9,0.3,745222,20240428,16:25,DOMINGO,-30.096827999999999,-51.224724000000002,AV VICENTE MONTEGGIA,AV FABIO ARAUJO SANTOS,BOLETIM,0,0,0,0,0,0
P4-S06,Estr. Joao Vedana -> Estr. Joao Passuelo,2620.5,4.3,745359,20240505,20:38,DOMINGO,-30.113217880000001,-51.213234999999997,AV VICENTE MONTEGGIA,,BOLETIM,3,0,0,0,0,0
P4-S03,Av. Otto Niemeyer -> Estr. Aracaju,926.5,9.5,745845,20240507,08:30,TERCA-FEIRA,-30.102496760000001,-51.223483999999999,AV VICENTE MONTEGGIA,,ATENDIMENTO,1,0,0,1,0,0
P4-S06,Estr. Joao Vedana -> Estr. Joao Passuelo,2620.3,4.9,745402,20240509,10:30,QUINTA-FEIRA,-30.113164000000001,-51.213161999999997,AV VICENTE MONTEGGIA,,BOLETIM,3,0,0,0,0,0
P4-S01,Av. da Cavalhada / Av. Nonoai / R. Dr. Campos Velho -> Av. Fabio Araujo Santos,10.1,26.2,745457,20240514,11:23,TERCA-FEIRA,-30.095061999999999,-51.225558999999997,AV NONOAI,,BOLETIM,0,0,0,0,0,0
P4-S04,Estr. Aracaju -> Rua Amapa,1228.2,3.8,746376,20240528,09:10,TERCA-FEIRA,-30.105124000000000,-51.222695000000002,AV VICENTE MONTEGGIA,,ATENDIMENTO,1,0,0,1,0,0
P4-S06,Estr. Joao Vedana -> Estr. Joao Passuelo,1934.0,0.6,746679,20240620,12:35,QUINTA-FEIRA,-30.110429109999998,-51.219022000000002,ESTR JOAO VEDANA,AV VICENTE MONTEGGIA,BOLETIM,1,0,0,1,0,0
P4-S05,Rua Amapa -> Estr. Joao Vedana,1711.5,2.5,746574,20240623,06:20,DOMINGO,-30.108785999999998,-51.220340000000000,AV VICENTE MONTEGGIA,,BOLETIM,1,0,0,0,0,0
P4-S03,Av. Otto Niemeyer -> Estr. Aracaju,689.8,6.1,746961,20240705,18:00,SEXTA-FEIRA,-30.100793329999998,-51.224783000000002,AV VICENTE MONTEGGIA,,BOLETIM,1,0,0,1,0,0
P4-S03,Av. Otto Niemeyer -> Estr. Aracaju,695.1,24.1,747127,20240705,07:03,SEXTA-FEIRA,-30.100917720000002,-51.224913999999998,AV VICENTE MONTEGGIA,AV OTTO NIEMEYER,BOLETIM,1,0,0,1,0,0
P4-S02,Av. Fabio Araujo Santos -> Av. Otto Niemeyer,328.2,3.8,747268,20240713,09:10,SABADO,-30.097792999999999,-51.224826000000000,AV VICENTE MONTEGGIA,,BOLETIM,1,1,0,1,0,0
P4-S04,Estr. Aracaju -> Rua Amapa,1328.2,8.3,747578,20240719,08:42,SEXTA-FEIRA,-30.106021680000001,-51.222560000000001,AV VICENTE MONTEGGIA,,BOLETIM,1,0,0,0,0,0
P4-S04,Estr. Aracaju -> Rua Amapa,1453.4,0.6,747555,20240722,16:55,SEGUNDA-FEIRA,-30.107095000000001,-51.222160000000002,AV VICENTE MONTEGGIA,,BOLETIM,0,0,0,1,0,0
P4-S02,Av. Fabio Araujo Santos -> Av. Otto Niemeyer,415.0,2.7,747811,20240724,07:20,QUARTA-FEIRA,-30.098483000000002,-51.225245999999999,AV VICENTE MONTEGGIA,,BOLETIM,0,0,0,0,0,0
P4-S07,Estr. Joao Passuelo -> Av. Joao Salomoni / Av. Rodrigues da Fonseca,2815.1,5.5,748080,20240725,18:15,QUINTA-FEIRA,-30.114793580000001,-51.212468000000001,AV VICENTE MONTEGGIA,,BOLETIM,0,0,0,0,0,0
P4-S01,Av. da Cavalhada / Av. Nonoai / R. Dr. Campos Velho -> Av. Fabio Araujo Santos,213.9,0.3,748000,20240729,18:22,SEGUNDA-FEIRA,-30.096827999999999,-51.224724000000002,AV VICENTE MONTEGGIA,AV FABIO ARAUJO SANTOS,BOLETIM,1,0,0,1,0,0
P4-S01,Av. da Cavalhada / Av. Nonoai / R. Dr. Campos Velho -> Av. Fabio Araujo Santos,7.6,7.1,748184,20240805,19:25,SEGUNDA-FEIRA,-30.095172999999999,-51.225712999999999,AV CAVALHADA,R DR CAMPOS VELHO,BOLETIM,1,1,0,1,0,0
P4-S03,Av. Otto Niemeyer -> Estr. Aracaju,695.1,24.1,748477,20240807,09:30,QUARTA-FEIRA,-30.100917720000002,-51.224913999999998,AV VICENTE MONTEGGIA,AV OTTO NIEMEYER,BOLETIM,0,0,0,1,0,0
P4-S06,Estr. Joao Vedana -> Estr. Joao Passuelo,1942.9,6.2,748256,20240807,07:18,QUARTA-FEIRA,-30.110460650000000,-51.218919000000000,AV VICENTE MONTEGGIA,,BOLETIM,1,0,0,1,0,0
P4-S04,Estr. Aracaju -> Rua Amapa,1290.9,1.3,748511,20240810,20:33,SABADO,-30.105681619999999,-51.222586000000000,AV VICENTE MONTEGGIA,,BOLETIM,1,0,0,1,0,0
P4-S06,Estr. Joao Vedana -> Estr. Joao Passuelo,2629.1,0.7,748451,20240813,13:30,TERCA-FEIRA,-30.113249000000000,-51.213138000000001,AV VICENTE MONTEGGIA,,BOLETIM,0,0,0,0,0,0
P4-S02,Av. Fabio Araujo Santos -> Av. Otto Niemeyer,405.4,3.4,749226,20240819,07:25,SEGUNDA-FEIRA,-30.098381000000000,-51.225245000000001,AV VICENTE MONTEGGIA,,BOLETIM,0,0,0,0,0,1
P4-S01,Av. da Cavalhada / Av. Nonoai / R. Dr. Campos Velho -> Av. Fabio Araujo Santos,212.9,2.0,760445,20240822,07:00,QUINTA-FEIRA,-30.096814999999999,-51.224710000000002,AV FABIO ARAUJO SANTOS,AV VICENTE MONTEGGIA,BOLETIM,0,0,0,0,0,0
P4-S01,Av. da Cavalhada / Av. Nonoai / R. Dr. Campos Velho -> Av. Fabio Araujo Santos,238.8,0.5,749115,20240825,21:00,DOMINGO,-30.097041510000000,-51.224643999999998,AV VICENTE MONTEGGIA,,BOLETIM,1,1,0,1,0,0
P4-S03,Av. Otto Niemeyer -> Estr. Aracaju,705.3,5.0,749759,20240830,19:45,SEXTA-FEIRA,-30.100862880000001,-51.224601999999997,AV VICENTE MONTEGGIA,,BOLETIM,0,0,0,0,0,1
P4-S01,Av. da Cavalhada / Av. Nonoai / R. Dr. Campos Velho -> Av. Fabio Araujo Santos,7.6,7.1,749358,20240902,18:52,SEGUNDA-FEIRA,-30.095172999999999,-51.225712999999999,R DR CAMPOS VELHO,AV CAVALHADA,BOLETIM,1,0,0,0,0,0
P4-S01,Av. da Cavalhada / Av. Nonoai / R. Dr. Campos Velho -> Av. Fabio Araujo Santos,7.6,7.1,760146,20240906,20:35,SEXTA-FEIRA,-30.095172999999999,-51.225712999999999,AV NONOAI,R DR CAMPOS VELHO,ATENDIMENTO,1,0,0,1,0,0
P4-S07,Estr. Joao Passuelo -> Av. Joao Salomoni / Av. Rodrigues da Fonseca,2888.7,2.5,749708,20240906,17:50,SEXTA-FEIRA,-30.115423610000001,-51.212513999999999,AV VICENTE MONTEGGIA,,BOLETIM,1,0,0,0,0,0
P4-S01,Av. da Cavalhada / Av. Nonoai / R. Dr. Campos Velho -> Av. Fabio Araujo Santos,3.3,13.7,749722,20240907,03:20,SABADO,-30.095102950000001,-51.225700000000003,AV NONOAI,,BOLETIM,1,1,0,1,0,0
P4-S03,Av. Otto Niemeyer -> Estr. Aracaju,689.1,0.0,749974,20240909,00:05,SEGUNDA-FEIRA,-30.100758610000000,-51.224733000000001,AV VICENTE MONTEGGIA,,BOLETIM,1,0,0,0,0,0
P4-S03,Av. Otto Niemeyer -> Estr. Aracaju,1008.0,10.3,761427,20240911,22:50,QUARTA-FEIRA,-30.103214980000001,-51.223317999999999,AV VICENTE MONTEGGIA,,BOLETIM,0,0,0,0,0,0
P4-S01,Av. da Cavalhada / Av. Nonoai / R. Dr. Campos Velho -> Av. Fabio Araujo Santos,10.1,26.2,760241,20240912,14:43,QUINTA-FEIRA,-30.095061999999999,-51.225558999999997,AV NONOAI,,BOLETIM,0,0,0,0,0,0
P4-S04,Estr. Aracaju -> Rua Amapa,1243.6,6.2,760342,20240916,15:40,SEGUNDA-FEIRA,-30.105252680000000,-51.222631999999997,AV VICENTE MONTEGGIA,,BOLETIM,0,0,0,0,0,0
P4-S06,Estr. Joao Vedana -> Estr. Joao Passuelo,2578.6,2.8,760008,20240918,16:45,QUARTA-FEIRA,-30.112967000000001,-51.213549000000000,AV VICENTE MONTEGGIA,,BOLETIM,1,0,0,0,0,0
P4-S03,Av. Otto Niemeyer -> Estr. Aracaju,1067.4,5.5,760553,20240930,18:20,SEGUNDA-FEIRA,-30.103728860000000,-51.223149999999997,AV VICENTE MONTEGGIA,,BOLETIM,1,1,0,1,0,0
P4-S02,Av. Fabio Araujo Santos -> Av. Otto Niemeyer,415.0,2.7,761761,20241015,09:50,TERCA-FEIRA,-30.098483000000002,-51.225245999999999,AV VICENTE MONTEGGIA,,BOLETIM,0,0,0,0,0,0
P4-S01,Av. da Cavalhada / Av. Nonoai / R. Dr. Campos Velho -> Av. Fabio Araujo Santos,238.8,0.5,761488,20241019,10:30,SABADO,-30.097041510000000,-51.224643999999998,AV VICENTE MONTEGGIA,,BOLETIM,1,0,0,1,0,0
P4-S01,Av. da Cavalhada / Av. Nonoai / R. Dr. Campos Velho -> Av. Fabio Araujo Santos,19.6,25.0,761562,20241020,11:18,DOMINGO,-30.095153329999999,-51.225474884402303,AV NONOAI,,BOLETIM,1,0,0,1,0,0
P4-S01,Av. da Cavalhada / Av. Nonoai / R. Dr. Campos Velho -> Av. Fabio Araujo Santos,35.9,9.6,762262,20241023,16:15,QUARTA-FEIRA,-30.095352080000001,-51.225490000000001,AV VICENTE MONTEGGIA,,BOLETIM,0,0,0,0,0,0
P4-S06,Estr. Joao Vedana -> Estr. Joao Passuelo,1937.0,6.5,761860,20241028,07:56,SEGUNDA-FEIRA,-30.110417720000001,-51.218955000000001,AV VICENTE MONTEGGIA,,BOLETIM,2,1,0,1,0,0
P4-S06,Estr. Joao Vedana -> Estr. Joao Passuelo,1934.0,0.6,761829,20241029,17:30,TERCA-FEIRA,-30.110429109999998,-51.219022000000002,AV VICENTE MONTEGGIA,ESTR JOAO VEDANA,BOLETIM,0,0,1,2,0,0
P4-S03,Av. Otto Niemeyer -> Estr. Aracaju,739.1,2.5,764547,20241104,07:30,SEGUNDA-FEIRA,-30.101089999999999,-51.224392999999999,AV VICENTE MONTEGGIA,,BOLETIM,1,0,0,0,0,0
P4-S06,Estr. Joao Vedana -> Estr. Joao Passuelo,2425.2,10.2,762532,20241104,11:00,SEGUNDA-FEIRA,-30.112562057367199,-51.214969970790101,AV VICENTE MONTEGGIA,,BOLETIM,1,0,0,1,0,0
P4-S06,Estr. Joao Vedana -> Estr. Joao Passuelo,2252.3,3.8,762702,20241105,14:06,TERCA-FEIRA,-30.112438999999998,-51.216749000000000,AV VICENTE MONTEGGIA,,BOLETIM,2,0,0,1,0,0
P4-S05,Rua Amapa -> Estr. Joao Vedana,1476.9,3.1,763134,20241109,10:00,SABADO,-30.107299999999999,-51.222088999999997,R AMAPA,AV VICENTE MONTEGGIA,BOLETIM,0,0,0,0,0,0
P4-S05,Rua Amapa -> Estr. Joao Vedana,1753.1,2.4,762584,20241110,18:10,DOMINGO,-30.109073570000000,-51.220059999999997,AV VICENTE MONTEGGIA,,BOLETIM,0,0,0,1,0,0
P4-S07,Estr. Joao Passuelo -> Av. Joao Salomoni / Av. Rodrigues da Fonseca,2815.1,5.5,762976,20241119,18:45,TERCA-FEIRA,-30.114793580000001,-51.212468000000001,AV VICENTE MONTEGGIA,,BOLETIM,1,0,0,1,0,0
P4-S06,Estr. Joao Vedana -> Estr. Joao Passuelo,2008.3,10.2,763626,20241129,07:31,SEXTA-FEIRA,-30.110935000000001,-51.218505000000000,AV VICENTE MONTEGGIA,,BOLETIM,1,1,0,1,0,0
P4-S04,Estr. Aracaju -> Rua Amapa,1464.4,3.7,763846,20241130,15:30,SABADO,-30.107172703053500,-51.222077104744898,R AMAPA,,BOLETIM,1,0,0,0,0,0
P4-S01,Av. da Cavalhada / Av. Nonoai / R. Dr. Campos Velho -> Av. Fabio Araujo Santos,16.4,30.2,764000,20241203,16:00,TERCA-FEIRA,-30.095101199999998,-51.225453999999999,AV NONOAI,,BOLETIM,0,0,0,0,0,0
P4-S02,Av. Fabio Araujo Santos -> Av. Otto Niemeyer,316.6,4.1,765225,20241213,17:45,SEXTA-FEIRA,-30.097698999999999,-51.224773999999996,AV VICENTE MONTEGGIA,,BOLETIM,0,0,0,1,0,0
P4-S05,Rua Amapa -> Estr. Joao Vedana,1602.0,6.4,764982,20241213,07:20,SEXTA-FEIRA,-30.108132999999999,-51.221196999999997,AV VICENTE MONTEGGIA,,BOLETIM,0,0,0,1,0,0
P4-S01,Av. da Cavalhada / Av. Nonoai / R. Dr. Campos Velho -> Av. Fabio Araujo Santos,10.1,26.2,764287,20241215,19:40,DOMINGO,-30.095061999999999,-51.225558999999997,AV NONOAI,,BOLETIM,1,1,0,0,0,0
P4-S03,Av. Otto Niemeyer -> Estr. Aracaju,1024.8,5.2,764280,20241215,11:40,DOMINGO,-30.103334810000000,-51.223125000000003,AV VICENTE MONTEGGIA,,BOLETIM,1,0,0,1,0,0
P4-S03,Av. Otto Niemeyer -> Estr. Aracaju,689.1,0.0,764357,20241216,08:00,SEGUNDA-FEIRA,-30.100758610000000,-51.224733000000001,AV VICENTE MONTEGGIA,,BOLETIM,0,0,0,1,0,0
P4-S03,Av. Otto Niemeyer -> Estr. Aracaju,1069.1,5.7,764654,20241219,16:25,QUINTA-FEIRA,-30.103743955061500,-51.223148648446198,AV VICENTE MONTEGGIA,,BOLETIM,1,0,0,1,0,0
P4-S01,Av. da Cavalhada / Av. Nonoai / R. Dr. Campos Velho -> Av. Fabio Araujo Santos,8.4,31.2,765187,20241225,10:59,QUARTA-FEIRA,-30.095018327681700,-51.225536768544302,AV NONOAI,,BOLETIM,0,0,0,0,0,0
P4-S05,Rua Amapa -> Estr. Joao Vedana,1581.7,6.9,765579,20250109,18:30,QUINTA-FEIRA,-30.108006719999999,-51.221350000000001,AV VICENTE MONTEGGIA,,BOLETIM,1,0,0,1,0,0
P4-S01,Av. da Cavalhada / Av. Nonoai / R. Dr. Campos Velho -> Av. Fabio Araujo Santos,1.2,4.7,765697,20250113,08:35,SEGUNDA-FEIRA,-30.095149280000001,-51.225779000000003,AV CAVALHADA,,BOLETIM,0,0,0,0,0,0
P4-S03,Av. Otto Niemeyer -> Estr. Aracaju,689.1,0.0,765984,20250121,06:30,TERCA-FEIRA,-30.100758610000000,-51.224733000000001,AV VICENTE MONTEGGIA,,BOLETIM,0,0,0,0,0,0
P4-S06,Estr. Joao Vedana -> Estr. Joao Passuelo,2328.6,7.0,766344,20250123,14:30,QUINTA-FEIRA,-30.112408299999998,-51.215980000000002,AV VICENTE MONTEGGIA,,ATENDIMENTO,1,0,0,0,1,0
P4-S05,Rua Amapa -> Estr. Joao Vedana,1799.1,5.9,766224,20250124,14:15,SEXTA-FEIRA,-30.109412970000001,-51.219780000000000,AV VICENTE MONTEGGIA,,BOLETIM,2,0,0,1,0,0
P4-S05,Rua Amapa -> Estr. Joao Vedana,1919.4,7.4,766685,20250128,13:03,TERCA-FEIRA,-30.110289280000000,-51.219056000000002,AV VICENTE MONTEGGIA,,BOLETIM,1,0,0,1,0,0
P4-S07,Estr. Joao Passuelo -> Av. Joao Salomoni / Av. Rodrigues da Fonseca,2898.6,23.3,766424,20250131,18:20,SEXTA-FEIRA,-30.115447589999999,-51.212755999999999,ESTR JOAO SALOMONI,,BOLETIM,0,0,0,0,0,0
P4-S01,Av. da Cavalhada / Av. Nonoai / R. Dr. Campos Velho -> Av. Fabio Araujo Santos,7.6,7.1,767005,20250207,16:40,SEXTA-FEIRA,-30.095172999999999,-51.225712999999999,AV NONOAI,R DR CAMPOS VELHO,BOLETIM,0,0,0,0,0,0
P4-S01,Av. da Cavalhada / Av. Nonoai / R. Dr. Campos Velho -> Av. Fabio Araujo Santos,126.1,3.7,767130,20250214,14:00,SEXTA-FEIRA,-30.096128000000000,-51.225147999999997,AV VICENTE MONTEGGIA,,BOLETIM,1,0,0,1,0,0
P4-S06,Estr. Joao Vedana -> Estr. Joao Passuelo,2001.4,8.6,767662,20250218,18:00,TERCA-FEIRA,-30.110891120000002,-51.218558999999999,AV VICENTE MONTEGGIA,,BOLETIM,0,0,0,0,0,0
P4-S02,Av. Fabio Araujo Santos -> Av. Otto Niemeyer,312.1,4.5,774660,20250225,14:12,TERCA-FEIRA,-30.097662000000000,-51.224755999999999,AV VICENTE MONTEGGIA,,BOLETIM,1,0,0,1,0,0
P4-S02,Av. Fabio Araujo Santos -> Av. Otto Niemeyer,312.1,4.5,767756,20250225,13:50,TERCA-FEIRA,-30.097662000000000,-51.224755999999999,AV VICENTE MONTEGGIA,,BOLETIM,1,1,0,1,0,0
P4-S06,Estr. Joao Vedana -> Estr. Joao Passuelo,1974.9,4.5,767657,20250225,17:35,TERCA-FEIRA,-30.110713000000001,-51.218746000000003,AV VICENTE MONTEGGIA,,BOLETIM,0,0,0,0,0,0
P4-S01,Av. da Cavalhada / Av. Nonoai / R. Dr. Campos Velho -> Av. Fabio Araujo Santos,1.2,4.7,767936,20250226,07:55,QUARTA-FEIRA,-30.095149280000001,-51.225779000000003,AV CAVALHADA,,BOLETIM,0,0,0,0,0,0
P4-S04,Estr. Aracaju -> Rua Amapa,1204.8,14.8,769409,20250226,20:00,QUARTA-FEIRA,-30.104962000000000,-51.222943999999998,AV VICENTE MONTEGGIA,,BOLETIM,0,0,0,0,0,0
P4-S05,Rua Amapa -> Estr. Joao Vedana,1647.5,7.6,768085,20250227,12:00,QUINTA-FEIRA,-30.108334000734700,-51.220760345504502,AV VICENTE MONTEGGIA,,BOLETIM,0,0,0,0,0,0
P4-S01,Av. da Cavalhada / Av. Nonoai / R. Dr. Campos Velho -> Av. Fabio Araujo Santos,1.2,4.7,767808,20250304,11:25,TERCA-FEIRA,-30.095149280000001,-51.225779000000003,AV CAVALHADA,,BOLETIM,3,0,0,0,0,0
P4-S01,Av. da Cavalhada / Av. Nonoai / R. Dr. Campos Velho -> Av. Fabio Araujo Santos,35.9,9.6,768339,20250307,18:30,SEXTA-FEIRA,-30.095352080000001,-51.225490000000001,AV VICENTE MONTEGGIA,,BOLETIM,1,0,0,1,0,1
P4-S04,Estr. Aracaju -> Rua Amapa,1458.9,6.9,768397,20250309,11:50,DOMINGO,-30.107165999999999,-51.222200999999998,AV VICENTE MONTEGGIA,,BOLETIM,0,0,0,0,0,0
P4-S04,Estr. Aracaju -> Rua Amapa,1370.9,8.6,768344,20250310,19:10,SEGUNDA-FEIRA,-30.106394529999999,-51.222451999999997,AV VICENTE MONTEGGIA,,BOLETIM,1,0,0,1,0,0
P4-S05,Rua Amapa -> Estr. Joao Vedana,1481.3,16.3,768412,20250310,17:30,SEGUNDA-FEIRA,-30.107217660000000,-51.221907000000002,AV VICENTE MONTEGGIA,R AMAPA,BOLETIM,0,0,0,0,0,0
P4-S06,Estr. Joao Vedana -> Estr. Joao Passuelo,2620.3,4.9,768523,20250312,18:35,QUARTA-FEIRA,-30.113164000000001,-51.213161999999997,AV VICENTE MONTEGGIA,,BOLETIM,2,1,0,1,0,0
P4-S05,Rua Amapa -> Estr. Joao Vedana,1505.6,5.1,768527,20250318,13:40,TERCA-FEIRA,-30.107507999999999,-51.221893999999999,AV VICENTE MONTEGGIA,,BOLETIM,2,0,0,1,0,0
P4-S05,Rua Amapa -> Estr. Joao Vedana,1476.9,3.1,768750,20250320,05:40,QUINTA-FEIRA,-30.107299999999999,-51.222088999999997,R AMAPA,AV VICENTE MONTEGGIA,BOLETIM,0,0,0,0,0,0
P4-S06,Estr. Joao Vedana -> Estr. Joao Passuelo,2062.7,4.7,769127,20250322,17:24,SABADO,-30.111325000000001,-51.218192000000002,AV VICENTE MONTEGGIA,,BOLETIM,1,0,0,1,0,0
P4-S07,Estr. Joao Passuelo -> Av. Joao Salomoni / Av. Rodrigues da Fonseca,2898.6,23.3,769303,20250326,09:35,QUARTA-FEIRA,-30.115447589999999,-51.212755999999999,ESTR JOAO SALOMONI,,BOLETIM,0,0,0,0,0,0
P4-S01,Av. da Cavalhada / Av. Nonoai / R. Dr. Campos Velho -> Av. Fabio Araujo Santos,0.0,12.8,769226,20250328,12:40,SEXTA-FEIRA,-30.095068009999999,-51.225766999999998,R DR CAMPOS VELHO,,BOLETIM,0,0,0,0,0,0
P4-S07,Estr. Joao Passuelo -> Av. Joao Salomoni / Av. Rodrigues da Fonseca,2895.4,4.6,768827,20250328,13:10,SEXTA-FEIRA,-30.115501999999999,-51.212471000000001,AV VICENTE MONTEGGIA,ESTR JOAO SALOMONI,BOLETIM,0,0,0,0,0,0
P4-S01,Av. da Cavalhada / Av. Nonoai / R. Dr. Campos Velho -> Av. Fabio Araujo Santos,17.4,39.3,770234,20250329,04:13,SABADO,-30.095056039999999,-51.225375000000000,AV NONOAI,,BOLETIM,1,1,0,1,0,0
P4-S07,Estr. Joao Passuelo -> Av. Joao Salomoni / Av. Rodrigues da Fonseca,2815.1,5.5,770284,20250404,18:10,SEXTA-FEIRA,-30.114793580000001,-51.212468000000001,AV VICENTE MONTEGGIA,,BOLETIM,1,0,0,1,0,0
P4-S01,Av. da Cavalhada / Av. Nonoai / R. Dr. Campos Velho -> Av. Fabio Araujo Santos,7.6,7.1,770197,20250405,01:20,SABADO,-30.095172999999999,-51.225712999999999,AV CAVALHADA,AV NONOAI,BOLETIM,0,0,0,0,0,0
P4-S03,Av. Otto Niemeyer -> Estr. Aracaju,998.3,1.6,770313,20250408,10:00,TERCA-FEIRA,-30.103107999999999,-51.223218000000003,AV VICENTE MONTEGGIA,,BOLETIM,1,0,0,1,0,0
P4-S02,Av. Fabio Araujo Santos -> Av. Otto Niemeyer,348.0,7.0,770410,20250409,13:20,QUARTA-FEIRA,-30.097930630000000,-51.224950999999997,AV VICENTE MONTEGGIA,,BOLETIM,0,0,0,0,0,0
P4-S01,Av. da Cavalhada / Av. Nonoai / R. Dr. Campos Velho -> Av. Fabio Araujo Santos,7.6,7.1,770323,20250414,08:06,SEGUNDA-FEIRA,-30.095172999999999,-51.225712999999999,AV NONOAI,AV VICENTE MONTEGGIA,BOLETIM,0,0,0,0,0,0
P4-S01,Av. da Cavalhada / Av. Nonoai / R. Dr. Campos Velho -> Av. Fabio Araujo Santos,116.8,1.0,769919,20250418,15:33,SEXTA-FEIRA,-30.096041675470399,-51.225163278227498,AV VICENTE MONTEGGIA,,BOLETIM,1,1,0,1,0,0
P4-S04,Estr. Aracaju -> Rua Amapa,1472.9,18.6,770757,20250418,17:45,SEXTA-FEIRA,-30.107187000000000,-51.221899999999998,R AMAPA,,BOLETIM,0,0,0,0,0,0
P4-S06,Estr. Joao Vedana -> Estr. Joao Passuelo,2626.6,6.2,770852,20250418,15:30,SEXTA-FEIRA,-30.113199999999999,-51.213110000000000,AV VICENTE MONTEGGIA,,BOLETIM,1,0,0,1,0,0
P4-S06,Estr. Joao Vedana -> Estr. Joao Passuelo,2427.9,12.5,770838,20250421,19:40,SEGUNDA-FEIRA,-30.112582312806399,-51.214942025865497,AV VICENTE MONTEGGIA,,BOLETIM,1,0,0,1,0,0
P4-S06,Estr. Joao Vedana -> Estr. Joao Passuelo,2248.2,10.6,770945,20250426,07:14,SABADO,-30.112549999999999,-51.216836999999998,AV VICENTE MONTEGGIA,,BOLETIM,0,0,0,1,0,0
P4-S06,Estr. Joao Vedana -> Estr. Joao Passuelo,2062.7,4.7,770586,20250429,16:40,TERCA-FEIRA,-30.111325000000001,-51.218192000000002,AV VICENTE MONTEGGIA,,BOLETIM,1,0,0,1,0,0
P4-S06,Estr. Joao Vedana -> Estr. Joao Passuelo,1934.0,0.6,772115,20250430,11:10,QUARTA-FEIRA,-30.110429109999998,-51.219022000000002,AV VICENTE MONTEGGIA,ESTR JOAO VEDANA,BOLETIM,0,0,0,0,0,0
P4-S06,Estr. Joao Vedana -> Estr. Joao Passuelo,2511.8,1.3,771138,20250501,18:45,QUINTA-FEIRA,-30.112575730000000,-51.214081000000000,AV VICENTE MONTEGGIA,R ANGELO PASSUELO,BOLETIM,1,0,0,1,0,0
P4-S07,Estr. Joao Passuelo -> Av. Joao Salomoni / Av. Rodrigues da Fonseca,2888.7,2.5,769207,20250502,12:38,SEXTA-FEIRA,-30.115423610000001,-51.212513999999999,AV VICENTE MONTEGGIA,,BOLETIM,1,1,0,1,0,0
P4-S07,Estr. Joao Passuelo -> Av. Joao Salomoni / Av. Rodrigues da Fonseca,2895.4,4.6,771484,20250503,22:00,SABADO,-30.115501999999999,-51.212471000000001,AV VICENTE MONTEGGIA,AV RODRIGUES DA FONSECA,BOLETIM,0,0,0,0,0,0
P4-S07,Estr. Joao Passuelo -> Av. Joao Salomoni / Av. Rodrigues da Fonseca,2895.4,4.6,793796,20250504,19:00,DOMINGO,-30.115501999999999,-51.212471000000001,ESTR JOAO SALOMONI,AV VICENTE MONTEGGIA,ATENDIMENTO,1,0,0,1,0,0
P4-S01,Av. da Cavalhada / Av. Nonoai / R. Dr. Campos Velho -> Av. Fabio Araujo Santos,35.9,9.6,771353,20250506,09:48,TERCA-FEIRA,-30.095352080000001,-51.225490000000001,AV VICENTE MONTEGGIA,,BOLETIM,0,0,0,0,0,0
P4-S07,Estr. Joao Passuelo -> Av. Joao Salomoni / Av. Rodrigues da Fonseca,2837.0,2.3,770789,20250507,16:10,QUARTA-FEIRA,-30.114982000000001,-51.212408000000003,AV VICENTE MONTEGGIA,,BOLETIM,1,0,0,1,0,0
P4-S01,Av. da Cavalhada / Av. Nonoai / R. Dr. Campos Velho -> Av. Fabio Araujo Santos,126.1,3.7,772171,20250516,18:00,SEXTA-FEIRA,-30.096128000000000,-51.225147999999997,AV VICENTE MONTEGGIA,,BOLETIM,1,0,0,1,0,0
P4-S03,Av. Otto Niemeyer -> Estr. Aracaju,705.3,5.0,772226,20250517,14:17,SABADO,-30.100862880000001,-51.224601999999997,AV VICENTE MONTEGGIA,,BOLETIM,1,0,0,1,0,0
P4-S07,Estr. Joao Passuelo -> Av. Joao Salomoni / Av. Rodrigues da Fonseca,2813.4,0.8,772280,20250517,20:20,SABADO,-30.114771260000001,-51.212406000000001,AV VICENTE MONTEGGIA,,BOLETIM,1,0,0,1,0,0
P4-S07,Estr. Joao Passuelo -> Av. Joao Salomoni / Av. Rodrigues da Fonseca,2813.4,0.8,771566,20250517,21:00,SABADO,-30.114771260000001,-51.212406000000001,AV VICENTE MONTEGGIA,,BOLETIM,0,0,0,1,0,0
P4-S03,Av. Otto Niemeyer -> Estr. Aracaju,695.1,24.1,772545,20250518,17:15,DOMINGO,-30.100917720000002,-51.224913999999998,AV VICENTE MONTEGGIA,AV OTTO NIEMEYER,BOLETIM,0,0,0,0,0,0
P4-S01,Av. da Cavalhada / Av. Nonoai / R. Dr. Campos Velho -> Av. Fabio Araujo Santos,11.3,35.1,772319,20250519,09:30,SEGUNDA-FEIRA,-30.095474382524500,-51.225982404495802,AV CAVALHADA,,BOLETIM,0,0,0,0,0,0
P4-S01,Av. da Cavalhada / Av. Nonoai / R. Dr. Campos Velho -> Av. Fabio Araujo Santos,213.9,0.3,772379,20250522,12:20,QUINTA-FEIRA,-30.096827999999999,-51.224724000000002,AV VICENTE MONTEGGIA,AV FABIO ARAUJO SANTOS,BOLETIM,0,0,0,0,0,0
P4-S01,Av. da Cavalhada / Av. Nonoai / R. Dr. Campos Velho -> Av. Fabio Araujo Santos,7.6,7.1,772931,20250527,10:44,TERCA-FEIRA,-30.095172999999999,-51.225712999999999,AV NONOAI,R DR CAMPOS VELHO,BOLETIM,0,0,0,0,0,0
P4-S07,Estr. Joao Passuelo -> Av. Joao Salomoni / Av. Rodrigues da Fonseca,2895.4,4.6,771062,20250528,11:03,QUARTA-FEIRA,-30.115501999999999,-51.212471000000001,AV VICENTE MONTEGGIA,ESTR JOAO SALOMONI,BOLETIM,0,0,0,0,0,0
P4-S01,Av. da Cavalhada / Av. Nonoai / R. Dr. Campos Velho -> Av. Fabio Araujo Santos,126.1,3.7,773658,20250609,14:15,SEGUNDA-FEIRA,-30.096128000000000,-51.225147999999997,AV VICENTE MONTEGGIA,,BOLETIM,0,0,0,0,0,0
P4-S05,Rua Amapa -> Estr. Joao Vedana,1799.1,5.9,773084,20250609,07:49,SEGUNDA-FEIRA,-30.109412970000001,-51.219780000000000,AV VICENTE MONTEGGIA,,BOLETIM,1,0,0,1,0,0
P4-S05,Rua Amapa -> Estr. Joao Vedana,1763.9,3.2,773137,20250611,17:45,QUARTA-FEIRA,-30.109154228771299,-51.219993934979300,AV VICENTE MONTEGGIA,,BOLETIM,1,0,0,1,0,0
P4-S06,Estr. Joao Vedana -> Estr. Joao Passuelo,1934.0,0.6,772889,20250611,18:30,QUARTA-FEIRA,-30.110429109999998,-51.219022000000002,AV VICENTE MONTEGGIA,ESTR JOAO VEDANA,BOLETIM,0,0,0,0,0,0
P4-S02,Av. Fabio Araujo Santos -> Av. Otto Niemeyer,574.8,2.9,773456,20250618,16:18,QUARTA-FEIRA,-30.099865999999999,-51.225316999999997,AV VICENTE MONTEGGIA,,BOLETIM,1,0,0,1,0,0
P4-S06,Estr. Joao Vedana -> Estr. Joao Passuelo,2642.4,6.5,773500,20250618,08:57,QUARTA-FEIRA,-30.113307370000001,-51.213003000000000,AV VICENTE MONTEGGIA,ESTR JOAO PASSUELO,BOLETIM,0,0,0,1,0,0
P4-S01,Av. da Cavalhada / Av. Nonoai / R. Dr. Campos Velho -> Av. Fabio Araujo Santos,35.9,9.6,773745,20250619,19:30,QUINTA-FEIRA,-30.095352080000001,-51.225490000000001,AV VICENTE MONTEGGIA,,BOLETIM,0,0,0,0,0,0
P4-S02,Av. Fabio Araujo Santos -> Av. Otto Niemeyer,415.0,2.7,773862,20250626,13:50,QUINTA-FEIRA,-30.098483000000002,-51.225245999999999,AV VICENTE MONTEGGIA,,BOLETIM,1,0,0,1,0,0
P4-S07,Estr. Joao Passuelo -> Av. Joao Salomoni / Av. Rodrigues da Fonseca,2895.4,4.6,773264,20250630,06:28,SEGUNDA-FEIRA,-30.115501999999999,-51.212471000000001,AV VICENTE MONTEGGIA,ESTR JOAO SALOMONI,BOLETIM,0,0,0,1,0,1
P4-S06,Estr. Joao Vedana -> Estr. Joao Passuelo,2642.4,6.5,774504,20250707,14:15,SEGUNDA-FEIRA,-30.113307370000001,-51.213003000000000,AV VICENTE MONTEGGIA,ESTR JOAO PASSUELO,BOLETIM,0,0,0,0,0,0
P4-S03,Av. Otto Niemeyer -> Estr. Aracaju,689.1,0.0,774784,20250712,17:00,SABADO,-30.100758610000000,-51.224733000000001,AV VICENTE MONTEGGIA,,BOLETIM,0,0,0,0,0,0
P4-S01,Av. da Cavalhada / Av. Nonoai / R. Dr. Campos Velho -> Av. Fabio Araujo Santos,1.2,4.7,772179,20250717,19:11,QUINTA-FEIRA,-30.095149280000001,-51.225779000000003,AV CAVALHADA,,BOLETIM,1,1,0,2,0,0
P4-S02,Av. Fabio Araujo Santos -> Av. Otto Niemeyer,403.7,2.7,775317,20250720,06:10,DOMINGO,-30.098398000000000,-51.225183000000001,AV VICENTE MONTEGGIA,,BOLETIM,1,0,0,0,0,0
P4-S04,Estr. Aracaju -> Rua Amapa,1397.5,2.9,773037,20250730,19:28,QUARTA-FEIRA,-30.106612999999999,-51.222324999999998,AV VICENTE MONTEGGIA,AV JOSE CORREA DA SILVA,BOLETIM,1,1,0,1,0,0
P4-S05,Rua Amapa -> Estr. Joao Vedana,1913.2,1.8,775885,20250801,07:45,SEXTA-FEIRA,-30.110292074649600,-51.219171322882197,AV VICENTE MONTEGGIA,,BOLETIM,0,0,0,0,0,0
P4-S04,Estr. Aracaju -> Rua Amapa,1472.9,18.6,776347,20250805,22:32,TERCA-FEIRA,-30.107187000000000,-51.221899999999998,R AMAPA,,BOLETIM,1,0,0,1,0,0
P4-S07,Estr. Joao Passuelo -> Av. Joao Salomoni / Av. Rodrigues da Fonseca,2723.6,4.9,776390,20250805,07:40,TERCA-FEIRA,-30.113992509999999,-51.212662999999999,AV VICENTE MONTEGGIA,,BOLETIM,0,0,0,0,0,0
P4-S06,Estr. Joao Vedana -> Estr. Joao Passuelo,1934.0,0.6,773329,20250808,07:20,SEXTA-FEIRA,-30.110429109999998,-51.219022000000002,AV VICENTE MONTEGGIA,ESTR JOAO VEDANA,BOLETIM,1,1,0,1,0,0
P4-S05,Rua Amapa -> Estr. Joao Vedana,1751.4,0.4,776072,20250810,17:30,DOMINGO,-30.109076999999999,-51.220095000000001,AV VICENTE MONTEGGIA,,BOLETIM,0,0,0,1,0,0
P4-S07,Estr. Joao Passuelo -> Av. Joao Salomoni / Av. Rodrigues da Fonseca,2895.1,8.8,775402,20250818,18:10,SEGUNDA-FEIRA,-30.115511395997501,-51.212429255247102,AV RODRIGUES DA FONSECA,,BOLETIM,0,0,0,0,0,0
P4-S06,Estr. Joao Vedana -> Estr. Joao Passuelo,2328.6,7.0,774179,20250820,19:00,QUARTA-FEIRA,-30.112408299999998,-51.215980000000002,AV VICENTE MONTEGGIA,,BOLETIM,1,1,0,1,0,0
P4-S01,Av. da Cavalhada / Av. Nonoai / R. Dr. Campos Velho -> Av. Fabio Araujo Santos,17.4,39.3,776833,20250821,08:40,QUINTA-FEIRA,-30.095056039999999,-51.225375000000000,AV NONOAI,,BOLETIM,0,0,0,0,0,0
P4-S01,Av. da Cavalhada / Av. Nonoai / R. Dr. Campos Velho -> Av. Fabio Araujo Santos,17.4,39.3,775487,20250821,08:45,QUINTA-FEIRA,-30.095056039999999,-51.225375000000000,AV NONOAI,,BOLETIM,0,0,0,0,0,0
P4-S05,Rua Amapa -> Estr. Joao Vedana,1919.4,7.4,777362,20250904,11:40,QUINTA-FEIRA,-30.110289280000000,-51.219056000000002,AV VICENTE MONTEGGIA,,BOLETIM,0,0,0,0,0,0
P4-S03,Av. Otto Niemeyer -> Estr. Aracaju,695.1,24.1,777655,20250907,21:00,DOMINGO,-30.100917720000002,-51.224913999999998,AV VICENTE MONTEGGIA,AV OTTO NIEMEYER,BOLETIM,1,0,0,1,0,0
P4-S06,Estr. Joao Vedana -> Estr. Joao Passuelo,2268.4,3.1,777395,20250909,09:20,TERCA-FEIRA,-30.112521999999998,-51.216600999999997,AV VICENTE MONTEGGIA,,BOLETIM,0,0,0,0,0,0
P4-S04,Estr. Aracaju -> Rua Amapa,1453.4,0.6,778239,20250910,07:15,QUARTA-FEIRA,-30.107095000000001,-51.222160000000002,AV VICENTE MONTEGGIA,,BOLETIM,0,0,0,1,0,0
P4-S03,Av. Otto Niemeyer -> Estr. Aracaju,1077.9,6.2,778265,20250918,19:00,QUINTA-FEIRA,-30.103822990000001,-51.223139000000003,AV VICENTE MONTEGGIA,,BOLETIM,1,0,0,2,0,0
P4-S06,Estr. Joao Vedana -> Estr. Joao Passuelo,2057.7,4.4,777575,20250924,18:00,QUARTA-FEIRA,-30.111350850000001,-51.218294999999998,AV VICENTE MONTEGGIA,,BOLETIM,0,0,0,1,0,0
P4-S03,Av. Otto Niemeyer -> Estr. Aracaju,1063.5,5.3,778648,20250926,19:25,SEXTA-FEIRA,-30.103694090000001,-51.223154999999998,AV VICENTE MONTEGGIA,,BOLETIM,0,0,0,1,0,0
P4-S07,Estr. Joao Passuelo -> Av. Joao Salomoni / Av. Rodrigues da Fonseca,2895.4,4.6,778824,20250929,09:10,SEGUNDA-FEIRA,-30.115501999999999,-51.212471000000001,AV RODRIGUES DA FONSECA,ESTR JOAO SALOMONI,BOLETIM,1,0,0,1,0,0
P4-S05,Rua Amapa -> Estr. Joao Vedana,1799.1,5.9,779657,20251009,09:11,QUINTA-FEIRA,-30.109412970000001,-51.219780000000000,AV VICENTE MONTEGGIA,,BOLETIM,1,0,0,1,0,0
P4-S01,Av. da Cavalhada / Av. Nonoai / R. Dr. Campos Velho -> Av. Fabio Araujo Santos,1.2,4.7,778700,20251011,13:30,SABADO,-30.095149280000001,-51.225779000000003,AV CAVALHADA,,BOLETIM,0,0,0,0,0,0
P4-S01,Av. da Cavalhada / Av. Nonoai / R. Dr. Campos Velho -> Av. Fabio Araujo Santos,238.8,0.5,780029,20251012,01:00,DOMINGO,-30.097041510000000,-51.224643999999998,AV VICENTE MONTEGGIA,,BOLETIM,1,0,0,1,0,0
P4-S02,Av. Fabio Araujo Santos -> Av. Otto Niemeyer,645.7,6.1,778683,20251013,11:40,SEGUNDA-FEIRA,-30.100397019999999,-51.224930000000001,AV VICENTE MONTEGGIA,,BOLETIM,0,0,0,0,0,0
P4-S01,Av. da Cavalhada / Av. Nonoai / R. Dr. Campos Velho -> Av. Fabio Araujo Santos,1.2,4.7,779530,20251014,11:55,TERCA-FEIRA,-30.095149280000001,-51.225779000000003,AV CAVALHADA,,BOLETIM,0,0,0,0,0,0
P4-S05,Rua Amapa -> Estr. Joao Vedana,1481.3,16.3,779144,20251016,20:40,QUINTA-FEIRA,-30.107217660000000,-51.221907000000002,AV VICENTE MONTEGGIA,R AMAPA,BOLETIM,0,0,0,0,0,0
P4-S07,Estr. Joao Passuelo -> Av. Joao Salomoni / Av. Rodrigues da Fonseca,2737.7,5.2,780063,20251017,10:08,SEXTA-FEIRA,-30.114111630000000,-51.212612999999997,AV VICENTE MONTEGGIA,,BOLETIM,1,0,0,1,0,0
P4-S01,Av. da Cavalhada / Av. Nonoai / R. Dr. Campos Velho -> Av. Fabio Araujo Santos,1.2,4.7,780353,20251018,08:40,SABADO,-30.095149280000001,-51.225779000000003,AV CAVALHADA,,BOLETIM,2,0,0,0,0,0
P4-S01,Av. da Cavalhada / Av. Nonoai / R. Dr. Campos Velho -> Av. Fabio Araujo Santos,7.6,7.1,794811,20251018,07:20,SABADO,-30.095172999999999,-51.225712999999999,AV NONOAI,R DR CAMPOS VELHO,ATENDIMENTO,2,0,0,0,0,0
P4-S05,Rua Amapa -> Estr. Joao Vedana,1476.9,3.1,777162,20251020,12:48,SEGUNDA-FEIRA,-30.107299999999999,-51.222088999999997,R AMAPA,AV VICENTE MONTEGGIA,BOLETIM,1,1,0,0,0,0
P4-S02,Av. Fabio Araujo Santos -> Av. Otto Niemeyer,348.0,7.0,780371,20251022,08:50,QUARTA-FEIRA,-30.097930630000000,-51.224950999999997,AV VICENTE MONTEGGIA,,BOLETIM,0,0,0,0,0,0
P4-S03,Av. Otto Niemeyer -> Estr. Aracaju,695.1,24.1,780523,20251024,13:49,SEXTA-FEIRA,-30.100917720000002,-51.224913999999998,AV VICENTE MONTEGGIA,AV OTTO NIEMEYER,BOLETIM,0,0,0,0,0,0
P4-S01,Av. da Cavalhada / Av. Nonoai / R. Dr. Campos Velho -> Av. Fabio Araujo Santos,7.6,7.1,779079,20251026,08:20,DOMINGO,-30.095172949999998,-51.225712999999999,AV CAVALHADA,AV VICENTE MONTEGGIA,BOLETIM,0,0,0,0,0,0
P4-S06,Estr. Joao Vedana -> Estr. Joao Passuelo,1934.0,0.6,790638,20251028,18:30,TERCA-FEIRA,-30.110429109999998,-51.219022000000002,AV VICENTE MONTEGGIA,ESTR JOAO VEDANA,BOLETIM,0,0,0,0,0,0
P4-S06,Estr. Joao Vedana -> Estr. Joao Passuelo,2436.2,3.4,790820,20251101,14:00,SABADO,-30.112439999999999,-51.214855000000000,AV VICENTE MONTEGGIA,,BOLETIM,1,0,0,1,0,0
P4-S05,Rua Amapa -> Estr. Joao Vedana,1481.3,16.3,791118,20251107,07:40,SEXTA-FEIRA,-30.107217660000000,-51.221907000000002,AV VICENTE MONTEGGIA,R AMAPA,BOLETIM,3,0,0,0,0,0
P4-S06,Estr. Joao Vedana -> Estr. Joao Passuelo,2626.6,6.2,791309,20251110,19:00,SEGUNDA-FEIRA,-30.113199999999999,-51.213110000000000,AV VICENTE MONTEGGIA,,BOLETIM,0,0,0,0,0,0
P4-S02,Av. Fabio Araujo Santos -> Av. Otto Niemeyer,645.7,6.1,790674,20251112,15:05,QUARTA-FEIRA,-30.100397019999999,-51.224930000000001,AV VICENTE MONTEGGIA,,BOLETIM,0,0,0,1,0,0
P4-S03,Av. Otto Niemeyer -> Estr. Aracaju,689.1,0.0,791459,20251112,,QUARTA-FEIRA,-30.100758610000000,-51.224733000000001,AV VICENTE MONTEGGIA,,BOLETIM,0,0,0,1,0,0
P4-S05,Rua Amapa -> Estr. Joao Vedana,1799.1,5.9,778554,20251114,09:40,SEXTA-FEIRA,-30.109412970000001,-51.219780000000000,AV VICENTE MONTEGGIA,,BOLETIM,2,1,0,1,0,0
P4-S03,Av. Otto Niemeyer -> Estr. Aracaju,675.0,20.3,791295,20251115,21:00,SABADO,-30.100746000000001,-51.224989000000001,AV OTTO NIEMEYER,,BOLETIM,0,0,0,0,0,0
P4-S06,Estr. Joao Vedana -> Estr. Joao Passuelo,2037.4,0.9,792006,20251117,,SEGUNDA-FEIRA,-30.111198999999999,-51.218418000000000,AV VICENTE MONTEGGIA,,BOLETIM,0,0,0,0,0,0
P4-S06,Estr. Joao Vedana -> Estr. Joao Passuelo,2358.1,0.9,780468,20251118,09:30,TERCA-FEIRA,-30.112473000000001,-51.215667000000003,AV VICENTE MONTEGGIA,,BOLETIM,0,0,0,1,0,0
P4-S05,Rua Amapa -> Estr. Joao Vedana,1481.3,16.3,794542,20251129,20:50,SABADO,-30.107217660000000,-51.221907000000002,AV VICENTE MONTEGGIA,R AMAPA,ATENDIMENTO,2,0,0,1,0,0
P4-S07,Estr. Joao Passuelo -> Av. Joao Salomoni / Av. Rodrigues da Fonseca,2723.6,4.9,791780,20251205,09:28,SEXTA-FEIRA,-30.113992509999999,-51.212662999999999,AV VICENTE MONTEGGIA,,BOLETIM,1,0,0,1,0,0
P4-S01,Av. da Cavalhada / Av. Nonoai / R. Dr. Campos Velho -> Av. Fabio Araujo Santos,7.6,7.1,792091,20251211,06:40,QUINTA-FEIRA,-30.095172999999999,-51.225712999999999,AV CAVALHADA,R DR CAMPOS VELHO,BOLETIM,0,0,0,0,0,0
P4-S05,Rua Amapa -> Estr. Joao Vedana,1529.8,1.9,792092,20251211,12:03,QUINTA-FEIRA,-30.107644605095899,-51.221693605184598,AV VICENTE MONTEGGIA,,BOLETIM,0,0,0,0,0,0
P4-S07,Estr. Joao Passuelo -> Av. Joao Salomoni / Av. Rodrigues da Fonseca,2813.4,0.8,792102,20251213,13:22,SABADO,-30.114771260000001,-51.212406000000001,AV VICENTE MONTEGGIA,,BOLETIM,1,0,0,1,0,0
P4-S03,Av. Otto Niemeyer -> Estr. Aracaju,689.1,0.0,792500,20251216,06:40,TERCA-FEIRA,-30.100758610000000,-51.224733000000001,AV VICENTE MONTEGGIA,,BOLETIM,1,0,0,1,0,0
P4-S01,Av. da Cavalhada / Av. Nonoai / R. Dr. Campos Velho -> Av. Fabio Araujo Santos,7.6,7.1,792303,20251217,08:45,QUARTA-FEIRA,-30.095172999999999,-51.225712999999999,AV CAVALHADA,R DR CAMPOS VELHO,BOLETIM,0,0,0,0,0,0
P4-S03,Av. Otto Niemeyer -> Estr. Aracaju,1008.0,10.3,792647,20251222,18:20,SEGUNDA-FEIRA,-30.103214980000001,-51.223317999999999,AV VICENTE MONTEGGIA,,BOLETIM,0,0,0,0,0,0
P4-S01,Av. da Cavalhada / Av. Nonoai / R. Dr. Campos Velho -> Av. Fabio Araujo Santos,1.2,4.7,792498,20251224,11:20,QUARTA-FEIRA,-30.095149280000001,-51.225779000000003,AV CAVALHADA,,BOLETIM,0,0,0,0,0,0
P4-S03,Av. Otto Niemeyer -> Estr. Aracaju,689.1,0.0,792451,20251224,14:30,QUARTA-FEIRA,-30.100758610000000,-51.224733000000001,AV VICENTE MONTEGGIA,,BOLETIM,0,0,0,1,0,0
P4-S06,Estr. Joao Vedana -> Estr. Joao Passuelo,2328.6,7.0,792525,20251230,00:05,TERCA-FEIRA,-30.112408299999998,-51.215980000000002,AV VICENTE MONTEGGIA,,BOLETIM,0,0,0,0,0,0
P4-S02,Av. Fabio Araujo Santos -> Av. Otto Niemeyer,348.0,7.0,792977,20260102,18:00,SEXTA-FEIRA,-30.097930634420500,-51.224950580384501,AV VICENTE MONTEGGIA,,BOLETIM,1,0,0,2,0,0
P4-S07,Estr. Joao Passuelo -> Av. Joao Salomoni / Av. Rodrigues da Fonseca,2895.1,4.7,795208,20260118,10:40,DOMINGO,-30.115499795233401,-51.212469488382403,AV RODRIGUES DA FONSECA,AV VICENTE MONTEGGIA,BOLETIM,0,0,0,0,0,0
P4-S01,Av. da Cavalhada / Av. Nonoai / R. Dr. Campos Velho -> Av. Fabio Araujo Santos,7.6,7.1,795152,20260120,18:53,TERCA-FEIRA,-30.095172999999999,-51.225712999999999,AV NONOAI,R DR CAMPOS VELHO,BOLETIM,0,0,0,0,0,0
P4-S02,Av. Fabio Araujo Santos -> Av. Otto Niemeyer,417.8,5.7,792324,20260131,06:30,SABADO,-30.098519086990201,-51.225235956765502,AV VICENTE MONTEGGIA,,BOLETIM,2,1,0,0,0,0
P4-S01,Av. da Cavalhada / Av. Nonoai / R. Dr. Campos Velho -> Av. Fabio Araujo Santos,7.6,7.1,794142,20260208,17:54,DOMINGO,-30.095172999999999,-51.225712999999999,AV VICENTE MONTEGGIA,AV NONOAI,BOLETIM,0,0,0,0,0,0
P4-S05,Rua Amapa -> Estr. Joao Vedana,1492.3,3.6,798310,20260223,20:10,SEGUNDA-FEIRA,-30.107367912180798,-51.221923456623898,AV VICENTE MONTEGGIA,,BOLETIM,0,0,0,0,0,0
P4-S01,Av. da Cavalhada / Av. Nonoai / R. Dr. Campos Velho -> Av. Fabio Araujo Santos,7.6,7.1,796385,20260226,17:12,QUINTA-FEIRA,-30.095172999999999,-51.225712999999999,AV CAVALHADA,R DR CAMPOS VELHO,BOLETIM,0,0,0,0,0,0
P4-S01,Av. da Cavalhada / Av. Nonoai / R. Dr. Campos Velho -> Av. Fabio Araujo Santos,7.6,7.1,794520,20260226,22:56,QUINTA-FEIRA,-30.095172999999999,-51.225712999999999,AV NONOAI,R DR CAMPOS VELHO,BOLETIM,1,0,0,2,0,0
P4-S01,Av. da Cavalhada / Av. Nonoai / R. Dr. Campos Velho -> Av. Fabio Araujo Santos,0.0,20.4,797932,20260303,18:45,TERCA-FEIRA,-30.094990581894301,-51.225842888960202,AV CAVALHADA,,BOLETIM,0,0,0,0,0,1
P4-S01,Av. da Cavalhada / Av. Nonoai / R. Dr. Campos Velho -> Av. Fabio Araujo Santos,4.9,30.5,794825,20260305,07:24,QUINTA-FEIRA,-30.095001599160401,-51.225569104724698,AV NONOAI,,BOLETIM,0,0,0,0,0,0
P4-S05,Rua Amapa -> Estr. Joao Vedana,1919.3,7.4,794964,20260306,19:50,SEXTA-FEIRA,-30.110289275292001,-51.219056208158698,AV VICENTE MONTEGGIA,,BOLETIM,0,0,0,0,0,0
P4-S02,Av. Fabio Araujo Santos -> Av. Otto Niemeyer,657.8,28.7,794955,20260306,19:40,SEXTA-FEIRA,-30.100658903749000,-51.225155214364598,AV OTTO NIEMEYER,,BOLETIM,1,0,0,1,0,0
P4-S06,Estr. Joao Vedana -> Estr. Joao Passuelo,2353.9,8.1,795113,20260308,07:45,DOMINGO,-30.112392370604400,-51.215710428126400,AV VICENTE MONTEGGIA,,BOLETIM,1,0,0,1,0,0
P4-S06,Estr. Joao Vedana -> Estr. Joao Passuelo,2267.0,6.0,797571,20260309,14:30,SEGUNDA-FEIRA,-30.112546471735900,-51.216618453823003,AV VICENTE MONTEGGIA,,BOLETIM,0,0,0,0,0,0
P4-S06,Estr. Joao Vedana -> Estr. Joao Passuelo,2418.7,6.7,795621,20260310,10:30,TERCA-FEIRA,-30.112409200286699,-51.215036223356698,AV VICENTE MONTEGGIA,,BOLETIM,1,0,0,1,0,0
P4-S01,Av. da Cavalhada / Av. Nonoai / R. Dr. Campos Velho -> Av. Fabio Araujo Santos,16.4,30.2,795453,20260310,10:24,TERCA-FEIRA,-30.095101200373300,-51.225454432886700,AV NONOAI,,BOLETIM,0,0,0,1,0,0
P4-S06,Estr. Joao Vedana -> Estr. Joao Passuelo,2267.0,6.0,798148,20260311,17:50,QUARTA-FEIRA,-30.112546471735900,-51.216618453823003,AV VICENTE MONTEGGIA,,BOLETIM,0,0,0,0,0,0
P4-S05,Rua Amapa -> Estr. Joao Vedana,1799.2,5.9,795656,20260312,10:16,QUINTA-FEIRA,-30.109412969952800,-51.219779811467703,AV VICENTE MONTEGGIA,,BOLETIM,1,0,0,1,0,0
P4-S01,Av. da Cavalhada / Av. Nonoai / R. Dr. Campos Velho -> Av. Fabio Araujo Santos,0.0,21.3,795336,20260312,21:16,QUINTA-FEIRA,-30.094998397776699,-51.225911237765203,R DR CAMPOS VELHO,,BOLETIM,1,0,0,0,0,0
P4-S05,Rua Amapa -> Estr. Joao Vedana,1799.2,5.9,795333,20260312,10:16,QUINTA-FEIRA,-30.109412969952800,-51.219779811467703,AV VICENTE MONTEGGIA,,BOLETIM,1,0,0,1,0,0
P4-S06,Estr. Joao Vedana -> Estr. Joao Passuelo,1934.0,0.6,796708,20260327,23:45,SEXTA-FEIRA,-30.110429109999998,-51.219022000000002,AV VICENTE MONTEGGIA,ESTR JOAO VEDANA,ATENDIMENTO,1,0,0,1,0,0
P4-S06,Estr. Joao Vedana -> Estr. Joao Passuelo,1937.0,6.5,796271,20260328,06:00,SABADO,-30.110417717177999,-51.218954934282600,AV VICENTE MONTEGGIA,,BOLETIM,1,1,0,1,0,0
P4-S01,Av. da Cavalhada / Av. Nonoai / R. Dr. Campos Velho -> Av. Fabio Araujo Santos,7.9,7.0,796085,20260329,03:15,DOMINGO,-30.095175485216501,-51.225711554288900,AV CAVALHADA,,BOLETIM,1,0,0,0,0,0
P4-S05,Rua Amapa -> Estr. Joao Vedana,1799.2,5.9,797507,20260330,09:55,SEGUNDA-FEIRA,-30.109412969952800,-51.219779811467703,AV VICENTE MONTEGGIA,,BOLETIM,0,0,0,0,0,0
P4-S03,Av. Otto Niemeyer -> Estr. Aracaju,1172.8,4.2,796492,20260405,17:47,DOMINGO,-30.104657206146602,-51.222918047320100,AV VICENTE MONTEGGIA,,BOLETIM,0,0,0,0,0,0
P4-S07,Estr. Joao Passuelo -> Av. Joao Salomoni / Av. Rodrigues da Fonseca,2723.6,4.9,798832,20260406,13:40,SEGUNDA-FEIRA,-30.113992508245701,-51.212662940694003,AV VICENTE MONTEGGIA,,BOLETIM,0,0,0,0,0,0
P4-S06,Estr. Joao Vedana -> Estr. Joao Passuelo,2630.4,10.1,796836,20260406,20:00,SEGUNDA-FEIRA,-30.113203925420400,-51.213053774931900,AV VICENTE MONTEGGIA,ESTR JOAO PASSUELO,BOLETIM,1,1,0,0,0,0
P4-S01,Av. da Cavalhada / Av. Nonoai / R. Dr. Campos Velho -> Av. Fabio Araujo Santos,7.6,7.1,796636,20260408,07:30,QUARTA-FEIRA,-30.095172999999999,-51.225712999999999,R DR CAMPOS VELHO,AV NONOAI,BOLETIM,0,0,0,0,0,0
P4-S07,Estr. Joao Passuelo -> Av. Joao Salomoni / Av. Rodrigues da Fonseca,2835.4,19.8,796739,20260409,22:49,QUINTA-FEIRA,-30.114971413048298,-51.212177961410703,AV RODRIGUES DA FONSECA,,BOLETIM,1,1,0,2,0,0
P4-S01,Av. da Cavalhada / Av. Nonoai / R. Dr. Campos Velho -> Av. Fabio Araujo Santos,6.2,23.7,797836,20260412,06:00,DOMINGO,-30.095054596313101,-51.225606554317402,AV NONOAI,,ATENDIMENTO,1,0,0,1,0,0
P4-S05,Rua Amapa -> Estr. Joao Vedana,1663.1,4.7,798568,20260413,08:20,SEGUNDA-FEIRA,-30.108511839108498,-51.220736856602599,AV VICENTE MONTEGGIA,,BOLETIM,0,0,0,0,0,0
P4-S01,Av. da Cavalhada / Av. Nonoai / R. Dr. Campos Velho -> Av. Fabio Araujo Santos,50.0,7.3,798839,20260423,13:00,QUINTA-FEIRA,-30.095469810910402,-51.225415917148602,AV VICENTE MONTEGGIA,,BOLETIM,0,0,0,1,0,0
P4-S01,Av. da Cavalhada / Av. Nonoai / R. Dr. Campos Velho -> Av. Fabio Araujo Santos,7.6,7.1,799646,20260425,21:25,SABADO,-30.095172999999999,-51.225712999999999,R DR CAMPOS VELHO,AV CAVALHADA,BOLETIM,0,0,0,0,0,0
P4-S01,Av. da Cavalhada / Av. Nonoai / R. Dr. Campos Velho -> Av. Fabio Araujo Santos,11.3,35.1,797560,20260426,18:24,DOMINGO,-30.095474382524500,-51.225982404495802,AV CAVALHADA,,BOLETIM,0,0,0,0,0,0
P4-S04,Estr. Aracaju -> Rua Amapa,1438.7,12.1,799312,20260428,14:45,TERCA-FEIRA,-30.106992999999999,-51.222313000000000,AV VICENTE MONTEGGIA,,BOLETIM,0,0,0,0,0,0
P4-S01,Av. da Cavalhada / Av. Nonoai / R. Dr. Campos Velho -> Av. Fabio Araujo Santos,126.7,6.7,799264,20260430,19:40,QUINTA-FEIRA,-30.096144086542100,-51.225173862936401,AV VICENTE MONTEGGIA,,BOLETIM,0,0,0,0,0,1
P4-S01,Av. da Cavalhada / Av. Nonoai / R. Dr. Campos Velho -> Av. Fabio Araujo Santos,7.6,7.1,799698,20260502,12:08,SABADO,-30.095172999999999,-51.225712999999999,AV CAVALHADA,R DR CAMPOS VELHO,BOLETIM,0,0,0,0,0,0
P4-S06,Estr. Joao Vedana -> Estr. Joao Passuelo,2572.2,6.0,798195,20260503,03:12,DOMINGO,-30.112869312760999,-51.213540491846700,AV VICENTE MONTEGGIA,,BOLETIM,0,0,0,0,0,0
P4-S04,Estr. Aracaju -> Rua Amapa,1200.5,7.7,800054,20260518,07:10,SEGUNDA-FEIRA,-30.104873743749501,-51.222729893137803,AV VICENTE MONTEGGIA,,BOLETIM,0,0,0,1,0,0
P4-S06,Estr. Joao Vedana -> Estr. Joao Passuelo,2634.2,1.4,800210,20260519,07:30,TERCA-FEIRA,-30.113296435334799,-51.213119887961803,AV VICENTE MONTEGGIA,,BOLETIM,0,0,0,0,0,0
P4-S05,Rua Amapa -> Estr. Joao Vedana,1799.2,5.9,800340,20260520,10:45,QUARTA-FEIRA,-30.109412969952800,-51.219779811467703,AV VICENTE MONTEGGIA,,BOLETIM,0,0,0,0,0,0
P4-S01,Av. da Cavalhada / Av. Nonoai / R. Dr. Campos Velho -> Av. Fabio Araujo Santos,126.7,6.7,799970,20260527,09:37,QUARTA-FEIRA,-30.096144086542100,-51.225173862936401,AV VICENTE MONTEGGIA,,BOLETIM,1,0,0,0,0,0
P4-S01,Av. da Cavalhada / Av. Nonoai / R. Dr. Campos Velho -> Av. Fabio Araujo Santos,0.0,26.4,800281,20260528,09:50,QUINTA-FEIRA,-30.094940000000001,-51.225873999999997,R DR CAMPOS VELHO,,BOLETIM,0,0,0,0,0,0
P4-S05,Rua Amapa -> Estr. Joao Vedana,1785.9,7.1,800306,20260530,21:37,SABADO,-30.109371620541101,-51.219967119485602,AV VICENTE MONTEGGIA,,BOLETIM,1,0,0,1,0,0
P4-S06,Estr. Joao Vedana -> Estr. Joao Passuelo,2008.0,11.6,800355,20260601,19:00,SEGUNDA-FEIRA,-30.110925507767899,-51.218495070934303,AV VICENTE MONTEGGIA,,BOLETIM,1,0,0,1,0,0
P4-S06,Estr. Joao Vedana -> Estr. Joao Passuelo,1969.6,4.7,800543,20260605,18:35,SEXTA-FEIRA,-30.110718985814799,-51.218856513599100,AV VICENTE MONTEGGIA,,BOLETIM,2,0,0,1,0,0
P4-S01,Av. da Cavalhada / Av. Nonoai / R. Dr. Campos Velho -> Av. Fabio Araujo Santos,0.0,3.2,800546,20260606,01:25,SABADO,-30.095157692318502,-51.225848488733000,AV CAVALHADA,,BOLETIM,1,1,0,1,0,0
P4-S01,Av. da Cavalhada / Av. Nonoai / R. Dr. Campos Velho -> Av. Fabio Araujo Santos,8.2,39.6,800636,20260607,15:30,DOMINGO,-30.095484897743301,-51.226037490116198,AV CAVALHADA,,BOLETIM,3,0,0,1,0,0
P4-S02,Av. Fabio Araujo Santos -> Av. Otto Niemeyer,648.5,5.4,801234,20260609,17:38,TERCA-FEIRA,-30.100420495342100,-51.224917301169398,AV VICENTE MONTEGGIA,,BOLETIM,0,0,0,0,0,0
P4-S06,Estr. Joao Vedana -> Estr. Joao Passuelo,1941.2,5.7,800884,20260612,10:56,SEXTA-FEIRA,-30.110515499643199,-51.219026942463302,AV VICENTE MONTEGGIA,,BOLETIM,1,0,0,1,0,0
P4-S01,Av. da Cavalhada / Av. Nonoai / R. Dr. Campos Velho -> Av. Fabio Araujo Santos,7.6,7.1,801964,20260616,18:19,TERCA-FEIRA,-30.095172999999999,-51.225712999999999,AV VICENTE MONTEGGIA,AV NONOAI,ATENDIMENTO,1,0,0,1,0,0
P4-S04,Estr. Aracaju -> Rua Amapa,1219.1,1.2,801372,20260623,14:00,TERCA-FEIRA,-30.105050110000001,-51.222745000000003,AV VICENTE MONTEGGIA,ESTR ARACAJU,BOLETIM,1,0,0,1,0,0
P4-S02,Av. Fabio Araujo Santos -> Av. Otto Niemeyer,645.7,6.1,801482,20260625,18:27,QUINTA-FEIRA,-30.100397015539901,-51.224930107371101,AV VICENTE MONTEGGIA,,BOLETIM,0,0,0,0,0,0
P4-S05,Rua Amapa -> Estr. Joao Vedana,1492.3,3.6,801652,20260628,12:45,DOMINGO,-30.107367912180798,-51.221923456623898,AV VICENTE MONTEGGIA,,BOLETIM,0,0,0,0,0,0
P4-S03,Av. Otto Niemeyer -> Estr. Aracaju,689.1,0.0,801641,20260628,14:33,DOMINGO,-30.100758606511899,-51.224732893276901,AV VICENTE MONTEGGIA,,BOLETIM,0,0,0,0,0,0
P4-S05,Rua Amapa -> Estr. Joao Vedana,1486.5,16.0,801691,20260629,18:30,SEGUNDA-FEIRA,-30.107451000000001,-51.222113000000000,AV VICENTE MONTEGGIA,,BOLETIM,1,0,0,1,0,0
P4-S01,Av. da Cavalhada / Av. Nonoai / R. Dr. Campos Velho -> Av. Fabio Araujo Santos,6.2,23.7,802498,20260709,12:00,QUINTA-FEIRA,-30.095054596313101,-51.225606554317402,AV NONOAI,,BOLETIM,0,0,0,0,0,0
P4-S01,Av. da Cavalhada / Av. Nonoai / R. Dr. Campos Velho -> Av. Fabio Araujo Santos,6.2,23.7,802438,20260710,01:05,SEXTA-FEIRA,-30.095054596313101,-51.225606554317402,AV NONOAI,,BOLETIM,0,0,0,0,0,0
P4-S01,Av. da Cavalhada / Av. Nonoai / R. Dr. Campos Velho -> Av. Fabio Araujo Santos,6.2,23.7,802171,20260710,01:05,SEXTA-FEIRA,-30.095054596313101,-51.225606554317402,AV NONOAI,,BOLETIM,0,0,0,0,0,0
P4-S06,Estr. Joao Vedana -> Estr. Joao Passuelo,2378.8,7.7,802750,20260713,19:00,SEGUNDA-FEIRA,-30.112397629483901,-51.215450610528201,AV VICENTE MONTEGGIA,,BOLETIM,0,0,0,0,0,0
P4-S01,Av. da Cavalhada / Av. Nonoai / R. Dr. Campos Velho -> Av. Fabio Araujo Santos,219.3,6.0,802631,20260716,12:45,QUINTA-FEIRA,-30.096857262426902,-51.224649160477199,AV FABIO ARAUJO SANTOS,,BOLETIM,0,0,0,0,0,0
P4-S01,Av. da Cavalhada / Av. Nonoai / R. Dr. Campos Velho -> Av. Fabio Araujo Santos,219.3,6.0,803382,20260718,21:48,SABADO,-30.096857262426902,-51.224649160477199,AV FABIO ARAUJO SANTOS,,ATENDIMENTO,1,0,0,1,0,0
P4-S01,Av. da Cavalhada / Av. Nonoai / R. Dr. Campos Velho -> Av. Fabio Araujo Santos,17.4,39.3,803112,20260725,15:20,SABADO,-30.095056037558201,-51.225374897110200,AV NONOAI,,BOLETIM,0,0,0,1,0,0
P4-S04,Estr. Aracaju -> Rua Amapa,1460.0,16.0,804308,20260731,19:45,SEXTA-FEIRA,-30.107209000000001,-51.222282999999997,AV VICENTE MONTEGGIA,,BOLETIM,0,0,0,0,0,0
P4-S05,Rua Amapa -> Estr. Joao Vedana,1481.3,16.3,804002,20260804,04:40,TERCA-FEIRA,-30.107217660000000,-51.221907000000002,AV VICENTE MONTEGGIA,R AMAPA,ATENDIMENTO,1,0,0,0,0,0
P4-S05,Rua Amapa -> Estr. Joao Vedana,1486.0,8.5,803452,20260805,13:10,QUARTA-FEIRA,-30.107402132867900,-51.222060097882597,AV VICENTE MONTEGGIA,,BOLETIM,0,0,0,0,0,0
P4-S01,Av. da Cavalhada / Av. Nonoai / R. Dr. Campos Velho -> Av. Fabio Araujo Santos,20.1,64.9,803572,20260809,16:30,DOMINGO,-30.094928501031500,-51.225151380714401,AV NONOAI,,BOLETIM,0,0,0,1,0,0
P4-S04,Estr. Aracaju -> Rua Amapa,1370.9,8.7,803706,20260811,19:00,TERCA-FEIRA,-30.106394527555899,-51.222452482641600,AV VICENTE MONTEGGIA,,BOLETIM,1,0,0,1,0,0
P4-S06,Estr. Joao Vedana -> Estr. Joao Passuelo,2555.6,5.8,803860,20260814,13:25,SEXTA-FEIRA,-30.112773874765999,-51.213673075731400,AV VICENTE MONTEGGIA,,BOLETIM,1,0,0,1,0,0
P4-S01,Av. da Cavalhada / Av. Nonoai / R. Dr. Campos Velho -> Av. Fabio Araujo Santos,7.6,7.1,804184,20260820,09:00,QUINTA-FEIRA,-30.095172999999999,-51.225712999999999,AV NONOAI,R DR CAMPOS VELHO,BOLETIM,0,0,0,0,0,0
P4-S06,Estr. Joao Vedana -> Estr. Joao Passuelo,2474.2,7.5,804438,20260821,17:11,SEXTA-FEIRA,-30.112435818373299,-51.214442881224898,AV VICENTE MONTEGGIA,,BOLETIM,1,0,0,1,0,1
P4-S01,Av. da Cavalhada / Av. Nonoai / R. Dr. Campos Velho -> Av. Fabio Araujo Santos,13.1,0.4,804668,20260826,09:25,QUARTA-FEIRA,-30.095250746686599,-51.225718237038798,AV VICENTE MONTEGGIA,AV CAVALHADA,BOLETIM,0,0,0,0,0,0
P4-S07,Estr. Joao Passuelo -> Av. Joao Salomoni / Av. Rodrigues da Fonseca,2737.7,5.1,804751,20260827,14:00,QUINTA-FEIRA,-30.114111625086199,-51.212613337762100,AV VICENTE MONTEGGIA,,BOLETIM,0,0,0,0,0,0
P4-S01,Av. da Cavalhada / Av. Nonoai / R. Dr. Campos Velho -> Av. Fabio Araujo Santos,1.2,4.7,804513,20260827,21:00,QUINTA-FEIRA,-30.095149276991801,-51.225778694950201,AV CAVALHADA,,BOLETIM,0,0,0,0,0,0
